"row.ID","row.m.z","row.retention.time","p_value","statistic","p_adjusted_BH","mean_group1","mean_group2","fold_change","log2_fold_change","significance","label"
64,146.960121399058,0.49927115,0.00582066640781088,40,0.608841706257018,0.00188268661688634,1.80458283915301e-05,0.00958514721976141,-6.70498369402181,"Not Significant","64"
73,174.955223480807,0.51881945,0.00582066640781088,40,0.608841706257018,0.0178006109337327,0.000156035609152109,0.00876574459904728,-6.83390763991494,"Not Significant","73"
5288,200.093489995006,16.073454,0.00582066640781088,40,0.608841706257018,0.000704221018425557,0.00024224740130462,0.343993426731594,-1.53954709772841,"Not Significant","5288"
89,242.943269112861,0.5406019,0.00582066640781088,40,0.608841706257018,0.00108053180817862,6.5936504367427e-06,0.00610222705785697,-7.35644842248564,"Not Significant","89"
99,310.930912220027,0.55791545,0.00582066640781088,40,0.608841706257018,0.000674914752190007,4.24724652829488e-06,0.00629301184262627,-7.31203362678595,"Not Significant","99"
132,530.865463245887,0.55501366,0.0088889699439143,39,0.774821880111197,9.04487897179173e-05,1.30763293240787e-05,0.144571634013677,-2.79014358189483,"Not Significant","132"
5545,83.0236227411721,16.438583,0.0133283287808176,38,0.855297419398547,0.00969040305275502,0.00415638778300837,0.428917947001873,-1.22122641167468,"Not Significant","5545"
6929,83.0236292012907,16.899805,0.0196244149766397,3,0.855297419398547,0.00133035645156462,0.00292977176596438,2.20224569326416,1.13897543197239,"Not Significant","6929"
4286,117.019415441447,16.002735,0.0196244149766397,37,0.855297419398547,0.00111237899468217,0.000492325365219126,0.442587793883859,-1.17596443124517,"Not Significant","4286"
5710,145.050839995032,16.378792,0.0196244149766397,37,0.855297419398547,0.00991018617884518,0.00393673021898888,0.397240793254968,-1.33191431188833,"Not Significant","5710"
1955,201.112613836627,9.338725,0.0196244149766397,3,0.855297419398547,0.000381292744192166,0.000976395624119434,2.56075060171443,1.35656675188484,"Not Significant",NA
5332,227.104630312948,16.251007,0.0196244149766397,3,0.855297419398547,3.315925211126e-05,0.000129233955398627,3.89737244268975,1.96250180565291,"Not Significant",NA
6628,252.100177836551,16.844591,0.0283772667379875,4,0.91557714405215,0.000166467865124978,0.000348197512683982,2.09168005141754,1.06466219023959,"Not Significant",NA
6902,277.009242902394,16.890808,0.0283772667379875,36,0.91557714405215,5.17959805465814e-05,3.15495444972187e-05,0.609111829997029,-0.715220970580188,"Not Significant",NA
121,462.878392346485,0.55414855,0.0283772667379875,36,0.91557714405215,9.48603494986366e-05,1.87177115808145e-05,0.197318602342737,-2.34140112137777,"Not Significant",NA
5691,106.039697129953,16.441238,0.0403049743625408,35,0.91557714405215,0.0992578785671535,0.0444914257618745,0.448240748282501,-1.15765428880364,"Not Significant",NA
7146,338.859125547296,17.031294,0.0403049743625408,5,0.91557714405215,0.000896224753558354,0.00101597389988118,1.13361508466194,0.180930860988696,"Not Significant",NA
7147,340.854293550586,17.032932,0.0403049743625408,5,0.91557714405215,0.000218060787104537,0.000302620473899445,1.38778034289297,0.472779237010609,"Not Significant",NA
6883,90.0083363750148,16.79387,0.0562378038772759,6,0.91557714405215,0.00279277721014515,0.00440616644055564,1.57770065744938,0.657823503843222,"Not Significant",NA
3267,107.034987400118,15.282515,0.0562378038772759,34,0.91557714405215,0.00120546867871925,0.000780184824263936,0.64720455872221,-0.627706325155994,"Not Significant",NA
3426,158.046192617562,15.453588,0.0562378038772759,34,0.91557714405215,0.000165779974758385,7.63225477622792e-05,0.460384602383461,-1.11908851171369,"Not Significant",NA
5774,198.077826734451,16.419561,0.0562378038772759,34,0.91557714405215,0.000688690981185162,0.000282722824948595,0.410522037709947,-1.28446842381861,"Not Significant",NA
2677,221.154237553344,14.297735,0.0562378038772759,6,0.91557714405215,0.00035966888047136,0.000477340479011953,1.32716647152342,0.408349344768455,"Not Significant",NA
1480,352.853660193092,3.5539572,0.0562378038772759,6,0.91557714405215,0.000268828079450423,0.00144305309994873,5.36794036879937,2.42436864506357,"Not Significant",NA
3704,387.156168985832,15.590074,0.0562378038772759,6,0.91557714405215,0.00111627066046855,0.00142075190173446,1.27276650014083,0.347967768816855,"Not Significant",NA
7123,441.033888901883,17.011293,0.0562378038772759,6,0.91557714405215,9.43529722170424e-05,0.000180704454086438,1.91519620251877,0.93749219679841,"Not Significant",NA
5112,83.023623152688,16.195824,0.0770998717435418,7,0.91557714405215,0.00253823925031859,0.00710586348412112,2.79952470328762,1.48518191059325,"Not Significant",NA
6270,90.0083371918715,16.609215,0.0770998717435418,33,0.91557714405215,0.00426585201065367,0.0030884772295375,0.724000087631789,-0.465938222957418,"Not Significant",NA
3269,92.0239925169818,15.331539,0.0770998717435418,33,0.91557714405215,0.000505737749770973,0.000300914118312735,0.59500031083107,-0.749037672795645,"Not Significant",NA
3382,122.034727495528,15.429183,0.0770998717435418,33,0.91557714405215,0.000496598504832051,0.000278550916042417,0.560917750118121,-0.834138857379868,"Not Significant",NA
933,129.01811586052,0.6898572,0.0770998717435418,33,0.91557714405215,0.00123237160340602,0.000351283565631064,0.285046786748565,-1.810729356416,"Not Significant",NA
6031,130.039874634974,16.691254,0.0770998717435418,7,0.91557714405215,0.00175306257746779,0.00524486627535915,2.99183060705973,1.58102849431878,"Not Significant",NA
6624,132.055543116573,16.85475,0.0770998717435418,33,0.91557714405215,0.00100533706146174,0.000562475311360886,0.559489282672079,-0.837817599045716,"Not Significant",NA
6749,184.062056013042,16.851671,0.0770998717435418,7,0.91557714405215,0.000138188027685051,0.000301636854006562,2.18280019665692,1.12618007880118,"Not Significant",NA
5742,211.07319496125,16.439201,0.0770998717435418,33,0.91557714405215,0.000380151654565144,0.000199608399009591,0.525075707582869,-0.92940264338503,"Not Significant",NA
3921,227.104618701704,15.720992,0.0770998717435418,7,0.91557714405215,2.96530758264534e-05,8.23469016369413e-05,2.77701045648289,1.47353260945334,"Not Significant",NA
2312,331.249105110585,12.812348,0.0770998717435418,7,0.91557714405215,0.000154066220709967,0.000201291445078468,1.30652549371873,0.385735275674198,"Not Significant",NA
7150,486.787714291644,17.032167,0.0770998717435418,7,0.91557714405215,7.65497742144618e-05,9.4677743097162e-05,1.2368128328101,0.306627193437043,"Not Significant",NA
6899,106.03969761173,16.894886,0.103876157063085,8,0.91557714405215,0.0173409748881927,0.0360391713975982,2.07826674278486,1.05538083412458,"Not Significant",NA
5715,110.034645456529,16.468458,0.103876157063085,32,0.91557714405215,0.00221309982693398,0.000612668440679616,0.276837236722576,-1.85289008535969,"Not Significant",NA
4287,122.034721095183,15.897967,0.103876157063085,32,0.91557714405215,0.00181111741029308,0.00121671195474451,0.671801810213738,-0.573892411873951,"Not Significant",NA
5327,131.035127978337,16.24896,0.103876157063085,8,0.91557714405215,0.00245751962795342,0.00620629186066106,2.52542921328752,1.33652860420417,"Not Significant",NA
5566,141.019561651577,16.40191,0.103876157063085,8,0.91557714405215,0.000459967420081099,0.00103101962027843,2.24150575729179,1.16446820494544,"Not Significant",NA
6317,145.050835404205,16.67332,0.103876157063085,8,0.91557714405215,0.00396208499445117,0.00832966494391077,2.10234383047721,1.07199863597907,"Not Significant",NA
6905,145.050852395924,16.885967,0.103876157063085,8,0.91557714405215,0.000846079534629729,0.00149682461074933,1.76912990976006,0.823039991095169,"Not Significant",NA
4415,147.030173317404,16.012184,0.103876157063085,32,0.91557714405215,0.000655133078332643,0.000439270328365541,0.670505494064676,-0.576678941389397,"Not Significant",NA
4100,163.061574237935,15.733917,0.103876157063085,32,0.91557714405215,0.00192975208293249,0.00105457033809631,0.546479699347578,-0.871760191294956,"Not Significant",NA
5323,198.077828685839,16.17272,0.103876157063085,8,0.91557714405215,0.000285489277493481,0.000505208708142142,1.76962410839993,0.823442945314613,"Not Significant",NA
4190,225.088963709634,15.846042,0.103876157063085,32,0.91557714405215,0.000661975292484517,0.00034657947588786,0.523553491833633,-0.933591149019537,"Not Significant",NA
7138,304.908268052536,17.027042,0.103876157063085,8,0.91557714405215,0.000117331240243843,0.000136165379049164,1.16052109196305,0.214772743271773,"Not Significant",NA
3675,311.168627398148,15.573575,0.103876157063085,8,0.91557714405215,0.000979956426018634,0.00170484876290785,1.73971894835601,0.798854257474437,"Not Significant",NA
7156,466.816751011376,17.040564,0.103876157063085,8,0.91557714405215,9.61655587278211e-05,0.000130484146082821,1.35686983790249,0.440282332238558,"Not Significant",NA
7151,484.789580350338,17.03522,0.103876157063085,8,0.91557714405215,0.000166481853852126,0.000208746688636123,1.2538705198558,0.326388376842893,"Not Significant",NA
4121,120.019067684992,15.988564,0.137563893909903,31,0.91557714405215,0.000793729340331076,0.000582899080383587,0.734380160547487,-0.445401010354554,"Not Significant",NA
5411,121.050703003086,16.294344,0.137563893909903,9,0.91557714405215,0.00124945949212196,0.00135859080036598,1.08734281417854,0.12080686064384,"Not Significant",NA
6078,122.034721132428,16.647518,0.137563893909903,9,0.91557714405215,0.000700103340965023,0.00125472617055957,1.79220137534276,0.841732750613072,"Not Significant",NA
3628,122.034723391286,15.599234,0.137563893909903,9,0.91557714405215,0.000322757332524638,0.000601323460176462,1.86308225896172,0.897691373676352,"Not Significant",NA
4024,144.055638501622,15.755612,0.137563893909903,9,0.91557714405215,0.000109957189170482,0.000240126935224362,2.18382205871103,1.12685530796397,"Not Significant",NA
4107,145.050835200516,15.966126,0.137563893909903,9,0.91557714405215,0.00580950112173525,0.0109865776199017,1.89113959868212,0.919255862966626,"Not Significant",NA
3139,148.050571639821,15.191882,0.137563893909903,31,0.91557714405215,0.000120765329393701,5.55291250625803e-05,0.459810156949537,-1.12088976015166,"Not Significant",NA
4666,173.082401576982,16.062399,0.137563893909903,31,0.91557714405215,0.000678167792214206,0.000404228118573106,0.596059151162735,-0.746472588269222,"Not Significant",NA
4888,174.077628997133,16.060692,0.137563893909903,31,0.91557714405215,0.00079277886978026,0.000470660850152142,0.593684907725402,-0.752230656576929,"Not Significant",NA
6338,182.046371118536,16.745245,0.137563893909903,31,0.91557714405215,0.000513945228166888,0.000326542250326593,0.635363911230942,-0.654344947811683,"Not Significant",NA
5688,186.077730868507,16.335072,0.137563893909903,31,0.91557714405215,0.00131282672306374,0.00081088532393315,0.617663633507388,-0.695106703977555,"Not Significant",NA
2391,195.138378506378,13.268635,0.137563893909903,9,0.91557714405215,9.18113315621645e-05,0.000116115474051075,1.26471833133642,0.338816114380674,"Not Significant",NA
5762,196.06216620668,16.497673,0.137563893909903,31,0.91557714405215,0.000278854531607643,9.03458535075529e-05,0.323989188867378,-1.62598242198625,"Not Significant",NA
4465,200.093489549986,15.962589,0.137563893909903,9,0.91557714405215,4.62600379082222e-05,0.000139917006345629,3.02457612817391,1.59673297358416,"Not Significant",NA
4251,213.088840227537,15.821843,0.137563893909903,9,0.91557714405215,0.000472686181734617,0.000828098311946449,1.75189870985349,0.808919364541585,"Not Significant",NA
2390,239.128658074006,13.268183,0.137563893909903,9,0.91557714405215,0.000327524779520244,0.000399643789812877,1.22019405798325,0.287110610268623,"Not Significant",NA
1700,261.13434375529,7.2811565,0.137563893909903,9,0.91557714405215,0.000181391967156113,0.000201487377127789,1.11078445361575,0.151578890652171,"Not Significant",NA
5371,353.200356389703,16.332447,0.137563893909903,9,0.91557714405215,2.62382503688917e-05,4.75130745546079e-05,1.8108324254326,0.856653045358636,"Not Significant",NA
3153,387.156212641677,15.205737,0.137563893909903,9,0.91557714405215,0.0006812922350678,0.000801218295589938,1.17602734091077,0.23392160110783,"Not Significant",NA
90,394.890578077612,0.5539402,0.137563893909903,31,0.91557714405215,0.000117626200311802,7.16281531277677e-05,0.608947266322441,-0.715610795999004,"Not Significant",NA
5120,491.358813440611,16.202518,0.137563893909903,31,0.91557714405215,1.96799520348974e-06,1.33561542276361e-06,0.678668027439924,-0.559222046607849,"Not Significant",NA
2392,601.323035535576,13.269417,0.137563893909903,9,0.91557714405215,0.000235755152597804,0.00027205683993131,1.15398046207472,0.206618798067862,"Not Significant",NA
4034,83.0236171556156,15.898128,0.179109192726722,30,0.91557714405215,0.0116300110377126,0.00747221459512344,0.642494196341974,-0.638244672404145,"Not Significant",NA
5358,90.0083416795648,16.3404,0.179109192726722,10,0.91557714405215,0.0013404673866317,0.00204776863541854,1.52765270967474,0.611316604252457,"Not Significant",NA
4088,92.0239945779022,15.929466,0.179109192726722,30,0.91557714405215,0.00237235876155148,0.00160245835534714,0.675470498525764,-0.566035334307556,"Not Significant",NA
6567,92.0239936879964,16.705269,0.179109192726722,10,0.91557714405215,0.0013476787737094,0.00213587270832658,1.58485297089582,0.664349005665365,"Not Significant",NA
6723,106.039693697103,16.65259,0.179109192726722,10,0.91557714405215,0.0448913390153985,0.081536713256336,1.81631279094543,0.861012673491827,"Not Significant",NA
5283,107.034999540565,16.291113,0.179109192726722,10,0.91557714405215,0.00162509736449407,0.00245383132606673,1.5099595751487,0.594509926031693,"Not Significant",NA
5776,107.034998993128,16.478008,0.179109192726722,30,0.91557714405215,0.00307666151259978,0.00144313549284967,0.469058909125892,-1.09215897264405,"Not Significant",NA
3410,121.050692909369,15.435498,0.179109192726722,30,0.91557714405215,0.00080294201384237,0.000420934578809326,0.524240320661514,-0.931699775594674,"Not Significant",NA
4163,131.035124960022,16.018023,0.179109192726722,30,0.91557714405215,0.0171072766324869,0.0116171155382162,0.679074512430291,-0.558358209937644,"Not Significant",NA
2957,131.035210637125,14.927102,0.179109192726722,30,0.91557714405215,0.000288591834178571,0.000224516853520654,0.777973687854695,-0.362206732790902,"Not Significant",NA
4086,134.034811917158,15.9440365,0.179109192726722,30,0.91557714405215,0.00180669630177011,0.00106189847573048,0.587757042890988,-0.7667081735858,"Not Significant",NA
5760,134.03481641564,16.393234,0.179109192726722,30,0.91557714405215,0.00126303796092359,0.000659380356319207,0.522059017004556,-0.937715187082576,"Not Significant",NA
4986,136.050472975221,16.13028,0.179109192726722,10,0.91557714405215,0.000225403404202864,0.000544808708329201,2.41703851038057,1.27324045957121,"Not Significant",NA
5937,140.02429361245,16.57514,0.179109192726722,10,0.91557714405215,0.000138237969431081,0.000211468011227466,1.52973898631298,0.613285512214771,"Not Significant",NA
5253,171.066721585797,16.272062,0.179109192726722,10,0.91557714405215,0.000172797835561657,0.000609724774041708,3.52854404720913,1.81907301942667,"Not Significant",NA
3736,191.056686072152,15.913582,0.179109192726722,10,0.91557714405215,0.000908030666654665,0.00154584952772173,1.70241995616392,0.767586967658732,"Not Significant",NA
6596,198.077814517986,16.675505,0.179109192726722,10,0.91557714405215,0.0004540809321947,0.000748746767376674,1.64892800884144,0.721528412993292,"Not Significant",NA
6111,200.093489526539,16.528002,0.179109192726722,30,0.91557714405215,0.00038917276745673,0.000227246341204925,0.583921487338374,-0.77615369400506,"Not Significant",NA
2083,242.175945517868,11.109664,0.179109192726722,10,0.91557714405215,0.00090088056686083,0.00111161066900212,1.23391569303752,0.303243826098575,"Not Significant",NA
2227,248.079911505102,12.426986,0.179109192726722,30,0.91557714405215,9.79815954081795e-05,5.35840058548836e-05,0.546878274758225,-0.870708344036418,"Not Significant",NA
2430,271.191538798897,13.429858,0.179109192726722,10,0.91557714405215,0.000118282400923327,0.000129011059277993,1.09070375872418,0.125259310777492,"Not Significant",NA
6394,309.174060353433,16.733154,0.179109192726722,10,0.91557714405215,5.34229341079975e-05,9.6446683739228e-05,1.80534231879244,0.852272418718914,"Not Significant",NA
4305,309.174141485331,16.038387,0.179109192726722,10,0.91557714405215,0.00147794776360492,0.00247999611765727,1.67799984460087,0.74674258217013,"Not Significant",NA
3285,311.168638632405,15.357674,0.179109192726722,10,0.91557714405215,0.00113368153218176,0.00185365841672024,1.63507860373529,0.709359992599972,"Not Significant",NA
2436,313.238558129164,13.42539,0.179109192726722,10,0.91557714405215,0.000160449269406662,0.000181644372671437,1.1320984716425,0.17899945143095,"Not Significant",NA
5047,93.0080121224381,16.164326,0.229331942391648,29,0.91557714405215,0.000512375430910597,0.000401546487486014,0.783695827827621,-0.351634278344984,"Not Significant",NA
4929,107.034989531831,16.056097,0.229331942391648,29,0.91557714405215,0.00466020976155931,0.00369657279375089,0.793220258934013,-0.334206570257573,"Not Significant",NA
6212,110.034646072653,16.673256,0.229331942391648,11,0.91557714405215,0.00114468601627587,0.00186120527066489,1.6259526579351,0.701285251781592,"Not Significant",NA
4092,116.024116326713,15.858254,0.229331942391648,29,0.91557714405215,0.00133540840598388,0.000727307149248849,0.544632747547367,-0.876644363875835,"Not Significant",NA
7303,117.92740967243,17.192142,0.229331942391648,11,0.91557714405215,0.00115602610861004,0.00142014952040035,1.22847529984239,0.296868850656422,"Not Significant",NA
5328,120.019072082576,16.209986,0.229331942391648,29,0.91557714405215,0.000752987187830491,0.000526574252304354,0.699313694594886,-0.515988337260306,"Not Significant",NA
3572,120.055444847964,15.590859,0.229331942391648,11,0.91557714405215,0.000784185124562995,0.00151701834030405,1.93451557902153,0.951972347125199,"Not Significant",NA
5211,122.034725790695,16.154324,0.229331942391648,11,0.91557714405215,0.000450603553877932,0.000775109514020363,1.72015845713977,0.78254146888093,"Not Significant",NA
5494,135.066452014121,16.35758,0.229331942391648,11,0.91557714405215,0.000144501457950414,0.000329619560576622,2.28108121019603,1.18971780985105,"Not Significant",NA
3753,147.066530150242,15.649183,0.229331942391648,29,0.91557714405215,0.000438945445002939,0.00026644197403288,0.607004758942415,-0.720220267573277,"Not Significant",NA
3117,157.050961912032,15.149982,0.229331942391648,11,0.91557714405215,0.0001329021564897,0.000230049108677543,1.73096595836932,0.791577352564353,"Not Significant",NA
5684,157.050964507942,16.429167,0.229331942391648,29,0.91557714405215,0.00280755803476398,0.00217930817849237,0.776229075768891,-0.365445620689598,"Not Significant",NA
3093,159.066680777414,15.169439,0.229331942391648,29,0.91557714405215,6.51572183115e-05,4.61627447359197e-05,0.708482435748368,-0.497196007690192,"Not Significant",NA
4652,172.061970153599,16.064089,0.229331942391648,29,0.91557714405215,0.0042698911836902,0.00269543783620027,0.631266165867668,-0.663679666205292,"Not Significant",NA
5551,183.933539532976,16.41138,0.229331942391648,11,0.91557714405215,0.000182622974525316,0.000484464623389748,2.65281312304214,1.40752304874553,"Not Significant",NA
4654,184.062058601766,16.079058,0.229331942391648,29,0.91557714405215,0.00128965603143713,0.000976269905710003,0.757000224797996,-0.401634366255079,"Not Significant",NA
6766,191.056681237452,16.884249,0.229331942391648,11,0.91557714405215,0.00036647675422219,0.000733369240669024,2.0011344027141,1.00081806660268,"Not Significant",NA
5767,199.073079714347,16.498537,0.229331942391648,29,0.91557714405215,0.000131922633939529,5.92761116009885e-05,0.449324803719123,-1.15416939088296,"Not Significant",NA
5822,210.077934185293,16.51169,0.229331942391648,29,0.91557714405215,0.000240273805818944,7.88758893889382e-05,0.32827502407139,-1.60702310440089,"Not Significant",NA
5662,213.088849783668,16.445988,0.229331942391648,29,0.91557714405215,0.00130495278554309,0.000715151864513029,0.548028919081083,-0.86767606974163,"Not Significant",NA
6978,213.088845181797,16.92468,0.229331942391648,11,0.91557714405215,0.000127371174311586,0.000183135551621035,1.43781002735386,0.523873070283606,"Not Significant",NA
4102,223.073275882315,15.779111,0.229331942391648,11,0.91557714405215,3.04637983333395e-05,4.59552110993025e-05,1.50851875384854,0.59313263212671,"Not Significant",NA
3476,223.073278877416,15.479487,0.229331942391648,29,0.91557714405215,2.54996659486469e-05,1.83670746468542e-05,0.720286872927792,-0.473356483162848,"Not Significant",NA
2258,243.160012389669,12.556413,0.229331942391648,11,0.91557714405215,0.000311608647767568,0.000372791982888206,1.19634671745784,0.258635562668589,"Not Significant",NA
2603,277.144493029548,14.037515,0.229331942391648,11,0.91557714405215,0.000139097714100976,0.000149286317112209,1.07324781055594,0.101983229665951,"Not Significant",NA
3897,309.174107049747,15.71132,0.229331942391648,11,0.91557714405215,6.64453242236446e-05,0.000129709052241322,1.95211707907002,0.965039581757561,"Not Significant",NA
5880,325.184187097682,16.405966,0.229331942391648,11,0.91557714405215,0.00212921567094856,0.00537753455954188,2.5255941109743,1.3366228017795,"Not Significant",NA
4923,339.199795325922,16.074526,0.229331942391648,11,0.91557714405215,0.000315335600319406,0.000354711697014461,1.12487044486944,0.16975885094683,"Not Significant",NA
6809,393.171842973313,16.92453,0.229331942391648,11,0.91557714405215,0.000646862619242778,0.000780583766840417,1.20672263881035,0.271094115533177,"Not Significant",NA
6961,461.159150015868,16.93301,0.229331942391648,11,0.91557714405215,2.95693159739347e-05,5.94345814470917e-05,2.01000866910426,1.00720172371602,"Not Significant",NA
2364,587.307338657101,13.069157,0.229331942391648,11,0.91557714405215,0.000106981588501851,0.000119525667082772,1.1172545552612,0.159957926889413,"Not Significant",NA
3617,90.0083347026305,15.663375,0.288844366346485,12,0.950098135844098,0.000849732678957001,0.00122839300200149,1.44562287931455,0.531691244472621,"Not Significant",NA
4497,90.0083387157839,16.111357,0.288844366346485,28,0.950098135844098,0.00354598199828029,0.00323616367629293,0.912628343252274,-0.131900635017311,"Not Significant",NA
6240,117.019391421789,16.634377,0.288844366346485,28,0.950098135844098,0.00111552246543366,0.000901751440855559,0.808366903220545,-0.306917839890465,"Not Significant",NA
5816,118.039784284839,16.452997,0.288844366346485,28,0.950098135844098,0.0015213792381375,0.0013268693440778,0.872148975624364,-0.19735350571409,"Not Significant",NA
4033,120.055443408487,15.923004,0.288844366346485,28,0.950098135844098,0.00364381808696198,0.00249938275457482,0.685924130932307,-0.543879084059062,"Not Significant",NA
5783,131.035126554632,16.476358,0.288844366346485,28,0.950098135844098,0.00664701117378797,0.00218423381265862,0.328603902649058,-1.60557848039667,"Not Significant",NA
6464,133.922413762241,16.877762,0.288844366346485,12,0.950098135844098,0.0015860055523187,0.00215992930565163,1.36186743009435,0.445586272179588,"Not Significant",NA
4872,145.050839493421,16.141773,0.288844366346485,12,0.950098135844098,0.00302677593786087,0.00717904966304302,2.37184707769175,1.24601099665975,"Not Significant",NA
7167,146.937576208944,17.04493,0.288844366346485,12,0.950098135844098,0.00381708420088507,0.00416539042467027,1.09124929015306,0.125980715396067,"Not Significant",NA
6499,158.046179555034,16.673094,0.288844366346485,12,0.950098135844098,0.000915565443087437,0.00124125420402488,1.35572417394781,0.439063687799334,"Not Significant",NA
4504,171.066715434742,16.072403,0.288844366346485,28,0.950098135844098,0.00192695168025513,0.00124603628487963,0.646635978290153,-0.62897431483326,"Not Significant",NA
4058,172.061964813706,15.84602,0.288844366346485,12,0.950098135844098,0.00140459775811592,0.00263497060784459,1.87596099496773,0.90762983161042,"Not Significant",NA
7164,190.927784517993,17.043293,0.288844366346485,12,0.950098135844098,0.0075441481156448,0.00820341888684607,1.08738836527269,0.120867296929739,"Not Significant",NA
6293,191.056678480478,16.655968,0.288844366346485,12,0.950098135844098,0.000792280423153596,0.0011660975979929,1.47182432370519,0.557605482234322,"Not Significant",NA
4110,198.077822827488,15.839209,0.288844366346485,12,0.950098135844098,0.000368460403850048,0.00054852240177969,1.48868751173307,0.574040951646157,"Not Significant",NA
1793,209.078935864069,7.9760857,0.288844366346485,28,0.950098135844098,0.000617739581594206,0.000501312950249893,0.811527972606435,-0.301287270915027,"Not Significant",NA
2254,209.154170746935,12.538137,0.288844366346485,12,0.950098135844098,0.000170679932775446,0.000191306816628211,1.12085125367317,0.164594833159621,"Not Significant",NA
4658,265.147891747623,16.07208,0.288844366346485,12,0.950098135844098,0.00040411498860999,0.000533184599972199,1.31938833005468,0.399869249494083,"Not Significant",NA
2420,287.2228617455,13.282007,0.288844366346485,12,0.950098135844098,0.000298764078150319,0.00031340881473382,1.04901772888551,0.0690390603356417,"Not Significant",NA
4214,311.168625183993,15.746639,0.288844366346485,12,0.950098135844098,0.00348074140258269,0.00687184514503341,1.97424753816372,0.98130289136051,"Not Significant",NA
2555,315.253985611679,13.739528,0.288844366346485,12,0.950098135844098,0.000904312119320305,0.000977188107264844,1.08058720699145,0.11181550719713,"Not Significant",NA
2219,329.233413088529,12.208355,0.288844366346485,12,0.950098135844098,0.000338349858048337,0.000399296986575984,1.1801304982931,0.238946400968945,"Not Significant",NA
10,336.858788944177,0.038009968,0.288844366346485,28,0.950098135844098,0.00145188347877183,0.000985614758513833,0.678852520139962,-0.558829910068128,"Not Significant",NA
7391,336.858824795096,17.394886,0.288844366346485,12,0.950098135844098,0.00134239672541838,0.00144665601737858,1.07766652732836,0.107910820207706,"Not Significant",NA
6934,337.184462841954,16.911425,0.288844366346485,12,0.950098135844098,4.45894457888017e-05,0.000111148511478824,2.49270896985981,1.31771445432987,"Not Significant",NA
7175,471.114587294647,17.05871,0.288844366346485,12,0.950098135844098,8.85475350562394e-05,0.000160700658848526,1.81485186173122,0.859851792260728,"Not Significant",NA
2247,514.132947836007,12.5125,0.288844366346485,12,0.950098135844098,7.52516919496064e-07,1.27725097139298e-06,1.69730532072065,0.763246108232827,"Not Significant",NA
2285,528.14870626068,12.679567,0.288844366346485,28,0.950098135844098,1.39691681605552e-06,8.07221007454164e-07,0.577859037973012,-0.791210488008412,"Not Significant",NA
3812,90.0083348867528,15.858132,0.357970672644328,27,0.959171540389647,0.00228041733458368,0.00168510249463835,0.738944783958144,-0.436461528737716,"Not Significant",NA
4616,108.018975895013,16.0746,0.357970672644328,27,0.959171540389647,0.000565137083548432,0.000509366546110433,0.901315027695895,-0.149896649826507,"Not Significant",NA
6988,112.984331756441,16.957169,0.357970672644328,13,0.959171540389647,0.00544591732968147,0.00587352005072491,1.0785180338146,0.109050299889533,"Not Significant",NA
3562,131.035127264134,15.622899,0.357970672644328,27,0.959171540389647,0.00217114943964526,0.00153463643199495,0.706831323524969,-0.500562119948586,"Not Significant",NA
4275,132.055531788078,15.863217,0.357970672644328,13,0.959171540389647,0.000567918958649862,0.00144061970261888,2.53666422062001,1.34293256185087,"Not Significant",NA
6507,143.035240639599,16.671503,0.357970672644328,27,0.959171540389647,0.000904847886879403,0.000605432932474819,0.669099128432303,-0.57970812990493,"Not Significant",NA
5287,147.066534457067,16.321135,0.357970672644328,13,0.959171540389647,0.000857906754594697,0.00165252961459828,1.9262345304403,0.945783370525042,"Not Significant",NA
7074,148.050593735498,16.98354,0.357970672644328,27,0.959171540389647,0.000370680208383644,0.000232615036585098,0.627535625922461,-0.672230730034805,"Not Significant",NA
4202,159.066633899067,15.809995,0.357970672644328,13,0.959171540389647,0.00106692740722925,0.00126826402947364,1.18870695501884,0.249393099735497,"Not Significant",NA
3972,171.066707252541,15.809698,0.357970672644328,13,0.959171540389647,0.000695566379170861,0.00106623942409967,1.53290822562566,0.616271326221677,"Not Significant",NA
3268,172.061958878157,15.450867,0.357970672644328,27,0.959171540389647,0.000620370840866743,0.000295250117395524,0.475925201421491,-1.07119324408056,"Not Significant",NA
7047,179.055315376878,16.977894,0.357970672644328,13,0.959171540389647,0.000900659868219645,0.000965800647985468,1.07232561598929,0.100743052477418,"Not Significant",NA
3114,186.077735804051,15.175608,0.357970672644328,13,0.959171540389647,4.28427136550179e-05,7.12147294937738e-05,1.66223666566072,0.733125804531497,"Not Significant",NA
4903,186.112763822176,16.047865,0.357970672644328,13,0.959171540389647,0.000102746156498926,0.000124554986926602,1.21225933086756,0.277698358328633,"Not Significant",NA
2426,194.081540366418,13.418026,0.357970672644328,13,0.959171540389647,0.0138261995336737,0.014308337979917,1.03487136469202,0.0494514507638337,"Not Significant",NA
4310,196.062163393441,16.071083,0.357970672644328,13,0.959171540389647,0.000336535008276712,0.000458955994343325,1.36376894841785,0.447599241717393,"Not Significant",NA
6895,205.965681519054,16.899433,0.357970672644328,13,0.959171540389647,0.00425818589555583,0.00476398149501773,1.11878194420534,0.161928875752263,"Not Significant",NA
3503,225.088957185711,15.505306,0.357970672644328,13,0.959171540389647,6.45632273876689e-05,7.79971310080657e-05,1.20807360728319,0.27270835998354,"Not Significant",NA
2098,227.128513783384,11.202834,0.357970672644328,13,0.959171540389647,0.000220689634334447,0.000259942968800937,1.17786668859582,0.23617626362919,"Not Significant",NA
5876,238.084360763145,16.495638,0.357970672644328,27,0.959171540389647,0.000151966084582963,0.000125609027503777,0.826559609326533,-0.27480922820858,"Not Significant",NA
6429,239.10472912482,16.699879,0.357970672644328,27,0.959171540389647,0.000112788818998242,6.76161556561952e-05,0.599493427245203,-0.738184158650254,"Not Significant",NA
2251,253.14446552315,12.53767,0.357970672644328,13,0.959171540389647,0.000370889538698773,0.000409885350427231,1.1051413093647,0.144230852227927,"Not Significant",NA
3086,265.147888846183,15.107723,0.357970672644328,13,0.959171540389647,0.000266376237577023,0.00042208017996867,1.58452639697873,0.664051694098871,"Not Significant",NA
2469,286.108545738452,13.613194,0.357970672644328,13,0.959171540389647,7.76633342355819e-05,8.80865355034606e-05,1.1342100666997,0.181687866134777,"Not Significant",NA
2339,293.175968265563,12.948267,0.357970672644328,13,0.959171540389647,0.00178596898090294,0.00192200726147484,1.07617057296433,0.105906763086461,"Not Significant",NA
5529,293.179361687607,16.340189,0.357970672644328,13,0.959171540389647,0.000188250860013994,0.000313550794978324,1.66560086341713,0.736042721616972,"Not Significant",NA
7155,320.886449023244,17.039587,0.357970672644328,13,0.959171540389647,0.000594102880795849,0.000637572146161469,1.07316790874232,0.101875819019184,"Not Significant",NA
2119,329.233378851208,11.45605,0.357970672644328,13,0.959171540389647,0.00121519721485092,0.00129286689191157,1.0639152856108,0.0893832806371914,"Not Significant",NA
7162,336.858881116837,17.04177,0.357970672644328,13,0.959171540389647,0.0021982147326816,0.00253577670099943,1.15356187150381,0.20609538531079,"Not Significant",NA
3438,356.129591246231,15.441361,0.357970672644328,13,0.959171540389647,3.25314693253417e-05,8.11898028192097e-05,2.4957311951466,1.3194625558698,"Not Significant",NA
7168,482.789226409798,17.047228,0.357970672644328,13,0.959171540389647,0.000221793222459615,0.000265118388118764,1.19534034980279,0.257421455914566,"Not Significant",NA
4374,93.0080111058288,15.911882,0.436676633674891,26,0.959171540389647,0.000502517854413833,0.000419179810774442,0.834159039509946,-0.261605622922404,"Not Significant",NA
7069,107.035010450969,16.97614,0.436676633674891,14,0.959171540389647,0.000720983164220213,0.000979276967397476,1.35825219782576,0.441751381476206,"Not Significant",NA
6839,116.024106107155,16.646412,0.436676633674891,14,0.959171540389647,0.00138254402342262,0.00171622899602378,1.24135576657812,0.311916644172246,"Not Significant",NA
6971,116.024098856242,16.918753,0.436676633674891,14,0.959171540389647,0.000146373206723329,0.000167510008031898,1.14440348600493,0.194595797421027,"Not Significant",NA
5731,116.024120107848,16.385376,0.436676633674891,26,0.959171540389647,0.00121904717984347,0.00100886744095672,0.827586870826662,-0.273017337006395,"Not Significant",NA
5696,120.019069793086,16.413633,0.436676633674891,14,0.959171540389647,0.000424097032115873,0.000556401870600064,1.31196831966521,0.391732883360175,"Not Significant",NA
6534,121.050697618352,16.610577,0.436676633674891,14,0.959171540389647,0.00115803263806136,0.00140368595154438,1.21212987044499,0.277544280831738,"Not Significant",NA
4635,128.03410707055,16.046707,0.436676633674891,26,0.959171540389647,0.000294578689718714,0.000268546166412062,0.9116279479296,-0.133482940664389,"Not Significant",NA
5838,130.03987983269,16.453112,0.436676633674891,26,0.959171540389647,0.0040777965572643,0.00310550339433865,0.761564082643216,-0.392962655913809,"Not Significant",NA
3133,132.055545951462,15.161526,0.436676633674891,26,0.959171540389647,0.000279458828618565,0.000228647365485206,0.81817907351672,-0.289511456854434,"Not Significant",NA
6693,133.050784440692,16.853416,0.436676633674891,14,0.959171540389647,0.000517337370124785,0.000671391442692732,1.29778261046711,0.376048739987942,"Not Significant",NA
3977,135.066441245301,15.844443,0.436676633674891,26,0.959171540389647,0.00103272318865312,0.0007965945375741,0.771353394914102,-0.374536113760574,"Not Significant",NA
6300,148.050556569335,16.696213,0.436676633674891,14,0.959171540389647,0.000152049577715225,0.000318193612736114,2.09269645807278,1.06536306639954,"Not Significant",NA
6558,155.035299645591,16.70867,0.436676633674891,14,0.959171540389647,0.000963911344086387,0.00138592997978014,1.43781893250125,0.523882005658901,"Not Significant",NA
3673,159.066642979146,15.616761,0.436676633674891,26,0.959171540389647,0.000287167049868438,0.000242639232097635,0.84494106203618,-0.243077383638843,"Not Significant",NA
3380,159.066650460406,15.432304,0.436676633674891,26,0.959171540389647,0.000422486238758566,0.000229317100638559,0.542780047256413,-0.881560407021724,"Not Significant",NA
3966,161.045960855144,15.7255945,0.436676633674891,14,0.959171540389647,8.95650181539979e-05,0.000127161210658021,1.41976424812844,0.505651390087198,"Not Significant",NA
6790,170.046264419889,16.717396,0.436676633674891,14,0.959171540389647,0.00016242122281919,0.000342576803988651,2.10918744510385,1.07668731424252,"Not Significant",NA
3151,171.066711779796,15.210082,0.436676633674891,26,0.959171540389647,8.06429635037312e-05,5.39018759264815e-05,0.668401477135541,-0.581213173197171,"Not Significant",NA
5848,173.082394295016,16.457794,0.436676633674891,14,0.959171540389647,0.000124572469127227,0.000173552349705327,1.39318383043428,0.478385633931871,"Not Significant",NA
4112,175.061651765366,15.779885,0.436676633674891,26,0.959171540389647,7.36586458627919e-05,6.29891056304738e-05,0.855148840881587,-0.225752548206568,"Not Significant",NA
7088,175.061721771399,16.985147,0.436676633674891,26,0.959171540389647,0.000134532279586506,8.65731549802758e-05,0.643512138844031,-0.63596073201262,"Not Significant",NA
4927,183.066799014016,16.12371,0.436676633674891,26,0.959171540389647,0.000113078546262657,0.000106993038104104,0.946183353432777,-0.0798083157025895,"Not Significant",NA
4705,188.093381041375,16.041992,0.436676633674891,26,0.959171540389647,0.000255439479679016,0.000239753299126592,0.938591401093775,-0.0914308517129562,"Not Significant",NA
5728,191.056693097939,16.390966,0.436676633674891,26,0.959171540389647,0.00127897749869664,0.00104881286158131,0.820040120056936,-0.286233600289253,"Not Significant",NA
4804,191.056692433115,16.159355,0.436676633674891,14,0.959171540389647,0.000621764257258722,0.00113324138385747,1.82262227303606,0.866015602911893,"Not Significant",NA
6727,196.062174365259,16.834305,0.436676633674891,14,0.959171540389647,0.000128338197921965,0.00020172607690088,1.5718319266376,0.652446960872667,"Not Significant",NA
5152,223.073288838604,16.165895,0.436676633674891,14,0.959171540389647,6.70371613974579e-05,0.000114139434072926,1.70262928342389,0.767764348588647,"Not Significant",NA
6491,225.088958963474,16.649118,0.436676633674891,26,0.959171540389647,0.000689331337570059,0.000489553186795262,0.710185595973297,-0.493731995058791,"Not Significant",NA
4472,225.088977089114,16.07421,0.436676633674891,26,0.959171540389647,0.000604840913453726,0.000492212251761686,0.813787957813708,-0.297275162879507,"Not Significant",NA
5153,225.088973031395,16.220974,0.436676633674891,14,0.959171540389647,9.74281251533324e-05,0.000237273975249833,2.43537453765441,1.28414366227256,"Not Significant",NA
2702,233.154365835713,14.367309,0.436676633674891,14,0.959171540389647,0.0002566787271917,0.000280276656864379,1.09193566576733,0.126887858627187,"Not Significant",NA
4864,238.084368472188,16.119438,0.436676633674891,14,0.959171540389647,8.42775681169211e-05,7.92351609278385e-05,0.940169047330755,-0.0890079106304362,"Not Significant",NA
5431,239.104774883214,16.290346,0.436676633674891,14,0.959171540389647,7.0434132710164e-05,6.26843592741691e-05,0.889971337222462,-0.168169222081247,"Not Significant",NA
7078,239.10481884633,16.976255,0.436676633674891,26,0.959171540389647,4.23816576736021e-05,3.19333752944699e-05,0.753471597085735,-0.408374965965229,"Not Significant",NA
6137,252.100158670043,16.645685,0.436676633674891,26,0.959171540389647,0.000442234680550482,0.00037616060528919,0.850590471152004,-0.233463401807945,"Not Significant",NA
1738,261.134347153457,7.5821743,0.436676633674891,26,0.959171540389647,0.000954308119668243,0.000809687262211421,0.848454755360252,-0.237090366124449,"Not Significant",NA
2333,269.121774197577,12.937054,0.436676633674891,14,0.959171540389647,0.000898275194334875,0.00144752227271553,1.61144633832102,0.6883561469906,"Not Significant",NA
2837,299.095561489451,14.728737,0.436676633674891,14,0.959171540389647,6.56232680263558e-05,9.11503014023436e-05,1.38899363204124,0.474039985177056,"Not Significant",NA
2313,325.20157955852,12.826956,0.436676633674891,14,0.959171540389647,2.29641225447696e-05,3.40088793440711e-05,1.48095705715597,0.566529807860835,"Not Significant",NA
2229,329.233430108708,12.418282,0.436676633674891,14,0.959171540389647,0.000777139099056515,0.000817625039068809,1.05209613061735,0.0732665305130731,"Not Significant",NA
6276,339.199793222385,16.910164,0.436676633674891,14,0.959171540389647,0.00375501029821592,0.00566333885137842,1.50820860706273,0.59283598799691,"Not Significant",NA
2405,343.212606960256,13.314944,0.436676633674891,14,0.959171540389647,0.0002800578245381,0.000287740865974447,1.02743376818348,0.0390453959575771,"Not Significant",NA
7109,377.085752421442,17.00229,0.436676633674891,14,0.959171540389647,5.90665227587893e-05,6.61110803940612e-05,1.11926481035696,0.162551408424321,"Not Significant",NA
2238,387.28662962475,12.492692,0.436676633674891,14,0.959171540389647,0.000208379592250259,0.000184689369171855,0.886312172787285,-0.174113167202828,"Not Significant",NA
2250,471.127173969487,12.529706,0.436676633674891,26,0.959171540389647,1.18604575248203e-06,9.94780930067445e-07,0.838737399451642,-0.253708907357169,"Not Significant",NA
6027,491.358814095105,16.583855,0.436676633674891,26,0.959171540389647,1.46630755841441e-06,1.23593771671108e-06,0.842891185835229,-0.246581698344672,"Not Significant",NA
6205,66.0083072915818,16.726099,0.524518280213076,25,0.959171540389647,0.00113585432385354,0.000858765457735386,0.75605246174695,-0.403441749758209,"Not Significant",NA
2771,106.03969566512,14.728031,0.524518280213076,15,0.959171540389647,0.00263297803779425,0.00267444218490126,1.01574800340597,0.0225425287539443,"Not Significant",NA
4991,106.039698776322,16.245905,0.524518280213076,15,0.959171540389647,0.0510577750689553,0.0646078900382453,1.26538788560587,0.339579689158854,"Not Significant",NA
6517,107.034996313243,16.690554,0.524518280213076,15,0.959171540389647,0.00296500150911645,0.00315842194448748,1.06523451498299,0.0911710796131736,"Not Significant",NA
5520,108.018976070027,16.447096,0.524518280213076,15,0.959171540389647,0.000385452906462502,0.000420256991715261,1.09029400134033,0.124717214895111,"Not Significant",NA
3041,109.039392301827,15.123617,0.524518280213076,25,0.959171540389647,0.000371464924226986,0.000230908723823237,0.621616493949611,-0.685903310215728,"Not Significant",NA
2938,116.919923163272,14.917061,0.524518280213076,15,0.959171540389647,0.00126806580115389,0.00131718179944053,1.03873300442449,0.0548248720540075,"Not Significant",NA
5296,120.055449205088,16.363306,0.524518280213076,25,0.959171540389647,0.00249218230839849,0.00195150846507493,0.78305204980329,-0.352819887629882,"Not Significant",NA
3130,121.050687516805,15.188335,0.524518280213076,25,0.959171540389647,0.000365922498667964,0.000205540127456543,0.561703989792247,-0.832118044448949,"Not Significant",NA
3918,121.050698236832,15.855703,0.524518280213076,25,0.959171540389647,0.00242091287135061,0.00145223344517431,0.599870182178065,-0.737277773819367,"Not Significant",NA
3738,121.050697767465,15.636853,0.524518280213076,25,0.959171540389647,0.000275514395636991,0.000300430225579272,1.09043385876326,0.124902264680061,"Not Significant",NA
3411,130.039875891698,15.505602,0.524518280213076,25,0.959171540389647,0.000960359939286103,0.000741730041028468,0.772345878546167,-0.37268102263493,"Not Significant",NA
6685,130.039878719381,16.842545,0.524518280213076,25,0.959171540389647,0.00153262159917405,0.00102795689741618,0.670718002388956,-0.576221769696593,"Not Significant",NA
5591,132.055534044673,16.402758,0.524518280213076,15,0.959171540389647,0.000359096745526797,0.000512291565959867,1.42661155340835,0.512592562381692,"Not Significant",NA
3443,132.055539690711,15.423544,0.524518280213076,25,0.959171540389647,0.000411909140707005,0.000352261115509519,0.855191304822453,-0.225680910389881,"Not Significant",NA
3450,133.050784982292,15.432158,0.524518280213076,25,0.959171540389647,0.000592013892474827,0.000346903797563442,0.585972393507965,-0.771095397283061,"Not Significant",NA
3140,133.050793045646,15.198348,0.524518280213076,25,0.959171540389647,0.000226064805370836,0.000151070806666021,0.668263272640801,-0.581511508198424,"Not Significant",NA
4689,135.969840764193,16.078974,0.524518280213076,15,0.959171540389647,0.00101895083565097,0.00109260074072672,1.07228013609576,0.100681863033341,"Not Significant",NA
5044,141.019560259491,16.290783,0.524518280213076,15,0.959171540389647,0.000428955774984456,0.000560084516696613,1.30569291605156,0.384815631506806,"Not Significant",NA
5076,143.035252854236,16.245892,0.524518280213076,25,0.959171540389647,0.000519681087629844,0.000324900394681271,0.625191877124245,-0.67762906080554,"Not Significant",NA
6449,145.922522953784,16.876688,0.524518280213076,15,0.959171540389647,0.00896534611472018,0.00988712806235843,1.10281610278545,0.141192238147278,"Not Significant",NA
5563,145.922533341714,16.4298,0.524518280213076,15,0.959171540389647,0.000361046186817928,0.000655520307721334,1.81561343577326,0.860457069557057,"Not Significant",NA
6834,147.030135464421,16.756649,0.524518280213076,15,0.959171540389647,0.000227268168702239,0.000323192517370013,1.42207560000825,0.507998163169582,"Not Significant",NA
3145,147.066554824997,15.206212,0.524518280213076,15,0.959171540389647,7.39925053390468e-05,9.9823288341734e-05,1.34909999174005,0.431997281007736,"Not Significant",NA
5826,155.035301993624,16.46503,0.524518280213076,25,0.959171540389647,0.000630287703491605,0.000553437452676919,0.878071156411653,-0.187590238449519,"Not Significant",NA
6686,157.050954866144,16.686121,0.524518280213076,15,0.959171540389647,0.00231571885807195,0.00334000055299968,1.44231694679057,0.528388229293368,"Not Significant",NA
3292,157.050956258532,15.368418,0.524518280213076,15,0.959171540389647,0.000407765432122096,0.000556760134466616,1.36539316628465,0.449316436401998,"Not Significant",NA
4989,161.082283609317,16.070335,0.524518280213076,25,0.959171540389647,0.000745766329690451,0.000516253927562663,0.692246226478135,-0.530642810587131,"Not Significant",NA
4881,163.061578068187,16.152002,0.524518280213076,15,0.959171540389647,0.000510960991532293,0.00039592516179396,0.77486377307716,-0.367985398927686,"Not Significant",NA
5705,163.061581490475,16.406225,0.524518280213076,25,0.959171540389647,0.00062777765306648,0.000493537117494965,0.786165476079316,-0.347095084703044,"Not Significant",NA
3255,163.061580007217,15.303174,0.524518280213076,25,0.959171540389647,0.000242661667043531,0.000240333556888414,0.9904059418058,-0.0139081250564612,"Not Significant",NA
5697,170.04628505153,16.403414,0.524518280213076,25,0.959171540389647,0.000281930585298553,0.000161534267070998,0.572957584222159,-0.803499753980814,"Not Significant",NA
5704,172.061968406722,16.41532,0.524518280213076,25,0.959171540389647,0.00220628139918478,0.00175622669340412,0.796012101653507,-0.32913773087373,"Not Significant",NA
6341,184.062043231656,16.665089,0.524518280213076,25,0.959171540389647,0.000780259596001782,0.000588270499982728,0.753942025188992,-0.407474504003538,"Not Significant",NA
7161,189.930918809747,17.040894,0.524518280213076,15,0.959171540389647,0.000498146355735491,0.000514330397119699,1.0324885271123,0.046125750680901,"Not Significant",NA
7141,192.92821405877,17.027908,0.524518280213076,15,0.959171540389647,0.000888284970982418,0.000915498389878026,1.03063591052938,0.0435347664179235,"Not Significant",NA
3949,200.093479493439,15.726653,0.524518280213076,15,0.959171540389647,5.16295586559221e-05,0.000123629542508983,2.39454966742782,1.25975436007117,"Not Significant",NA
4459,211.073201359281,16.070013,0.524518280213076,25,0.959171540389647,0.000642111488085013,0.000510050634937634,0.794333452059505,-0.332183333558504,"Not Significant",NA
7016,223.073323564716,16.961811,0.524518280213076,15,0.959171540389647,5.03288676952801e-05,7.03203890037314e-05,1.39721778422458,0.482556911035597,"Not Significant",NA
5875,226.08425069332,16.47767,0.524518280213076,25,0.959171540389647,5.36525244808186e-05,4.63959806716233e-05,0.864749256825936,-0.209646226155013,"Not Significant",NA
4103,252.100184384542,15.979933,0.524518280213076,25,0.959171540389647,0.000542626275818225,0.0003807098029632,0.701605911709913,-0.511267190949297,"Not Significant",NA
3898,265.147862300908,15.711845,0.524518280213076,15,0.959171540389647,0.000138642587030893,0.000193751616783137,1.39748991224438,0.482837869038028,"Not Significant",NA
5910,311.168650582371,16.138933,0.524518280213076,15,0.959171540389647,0.0124017419144541,0.0151847969810824,1.22440840051547,0.292084848164762,"Not Significant",NA
2269,329.2334371241,12.604264,0.524518280213076,15,0.959171540389647,0.000704469415226324,0.000746485612431228,1.0596423298113,0.083577381690181,"Not Significant",NA
3069,342.170998499423,15.032263,0.524518280213076,15,0.959171540389647,0.000210474395675734,0.000219276606809624,1.0418208167584,0.0591071691681094,"Not Significant",NA
7256,377.085643302424,17.170242,0.524518280213076,25,0.959171540389647,0.00024074110425183,0.000225292996485601,0.935831033864206,-0.0956800229965612,"Not Significant",NA
6909,410.161747276115,16.904472,0.524518280213076,15,0.959171540389647,0.000193191447455152,0.000235244040049305,1.21767315866255,0.28412694469405,"Not Significant",NA
2942,621.320422337432,14.929166,0.524518280213076,25,0.959171540389647,4.77098088512075e-06,1.25066528483983e-06,0.262140074536932,-1.93159017305534,"Not Significant",NA
5659,669.457951104086,16.43868,0.524518280213076,25,0.959171540389647,7.33956697738498e-05,6.16553195389416e-05,0.840040287511742,-0.251469575091648,"Not Significant",NA
2995,83.0236263641424,14.965072,0.62061794643769,24,0.97295963481237,0.00103233788406662,0.000831964012333308,0.805902820359561,-0.311322212756983,"Not Significant",NA
4597,84.0076321845089,16.031567,0.62061794643769,16,0.97295963481237,0.000979061856442435,0.00138506056911255,1.41468137074134,0.500477150855771,"Not Significant",NA
2904,106.039694584803,14.862858,0.62061794643769,24,0.97295963481237,0.00300017136741454,0.0026679811081506,0.889276238393604,-0.169296457771302,"Not Significant",NA
5242,110.034644616621,16.271584,0.62061794643769,24,0.97295963481237,0.0015286545455118,0.00131584453330797,0.860786066525858,-0.216273369591267,"Not Significant",NA
3731,110.034648575623,15.630476,0.62061794643769,24,0.97295963481237,0.000889594039941357,0.000860820297729573,0.967655198978536,-0.0474350260436949,"Not Significant",NA
4552,116.024119914648,16.084082,0.62061794643769,24,0.97295963481237,0.00150996953311815,0.00140939451637102,0.933392684725605,-0.0994439343685168,"Not Significant",NA
6721,120.019058502361,16.641325,0.62061794643769,24,0.97295963481237,0.00059135283214257,0.000584158966669537,0.987834901463195,-0.017658153020208,"Not Significant",NA
3125,120.055445713073,15.183693,0.62061794643769,24,0.97295963481237,0.000241541828195774,0.000132530623749945,0.548686017407001,-0.865947283932163,"Not Significant",NA
6990,120.055451668566,16.937904,0.62061794643769,16,0.97295963481237,0.00037597636662114,0.000448374919247264,1.19256144548861,0.254063601507888,"Not Significant",NA
3044,130.039872940493,15.151573,0.62061794643769,24,0.97295963481237,0.000339304051139701,0.000313714071797389,0.924580979047089,-0.113128411868673,"Not Significant",NA
3375,131.03513892513,15.379555,0.62061794643769,24,0.97295963481237,0.0018326300277898,0.00138295385873813,0.754627959690267,-0.406162540512975,"Not Significant",NA
3127,131.035167699905,15.150408,0.62061794643769,16,0.97295963481237,0.000536099910770551,0.000594353936123884,1.10866262833285,0.148820412857615,"Not Significant",NA
4025,133.050780924886,15.8609705,0.62061794643769,16,0.97295963481237,0.00153103678013011,0.0014918477620503,0.974403607680486,-0.0374086201271985,"Not Significant",NA
6829,134.034830119376,16.91507,0.62061794643769,24,0.97295963481237,0.000524923579496749,0.000347956751792934,0.66287125475774,-0.593199402768106,"Not Significant",NA
2377,137.034514957473,13.191259,0.62061794643769,24,0.97295963481237,0.000202030709590327,5.47683216907709e-05,0.271089092355458,-1.88316102937412,"Not Significant",NA
3525,157.050958317466,15.612209,0.62061794643769,16,0.97295963481237,0.000679227393186625,0.00103209631511234,1.51951515128124,0.603611060229956,"Not Significant",NA
3989,157.050958004373,15.889269,0.62061794643769,24,0.97295963481237,0.00348584219990451,0.00271524378751373,0.778934797331938,-0.360425525910861,"Not Significant",NA
5711,158.046190020514,16.41558,0.62061794643769,24,0.97295963481237,0.00052836654945224,0.000562880554556331,1.06532208585095,0.0912896759057676,"Not Significant",NA
4842,170.046297448036,16.079144,0.62061794643769,24,0.97295963481237,0.000438952929396557,0.000270562198102314,0.616380891851582,-0.698105956685311,"Not Significant",NA
1633,173.081088920193,6.610568,0.62061794643769,16,0.97295963481237,0.0009121623547483,0.000989637821176846,1.08493604896677,0.117610006211127,"Not Significant",NA
7163,174.955333655479,17.041441,0.62061794643769,16,0.97295963481237,0.00168404171788184,0.00170674661553698,1.01348238432222,0.0193210130555926,"Not Significant",NA
5075,182.046393620231,16.173647,0.62061794643769,16,0.97295963481237,9.008675058321e-05,0.000244696709557722,2.71623416288841,1.44160785774012,"Not Significant",NA
3711,184.06205946877,15.61322,0.62061794643769,16,0.97295963481237,0.000131482577541666,0.000200255859556569,1.52306003807317,0.606972813081421,"Not Significant",NA
1601,186.112826351229,6.253941,0.62061794643769,16,0.97295963481237,0.00242960539391949,0.00256947282532203,1.05756796216892,0.0807503777977625,"Not Significant",NA
1795,187.096820970082,7.9884124,0.62061794643769,16,0.97295963481237,0.00642249815790486,0.00688795065089775,1.07247218785419,0.100940235169953,"Not Significant",NA
6945,194.973027464076,16.935946,0.62061794643769,16,0.97295963481237,0.000579217928106766,0.000616958418661991,1.0651576698922,0.0910670010944582,"Not Significant",NA
5197,196.062157847837,16.300648,0.62061794643769,16,0.97295963481237,0.000217113859077624,0.000277660710445582,1.27887142545935,0.354871226552303,"Not Significant",NA
2065,215.128386843288,10.627636,0.62061794643769,16,0.97295963481237,0.000924560830869774,0.000958806231680537,1.03703964051619,0.0524710417722462,"Not Significant",NA
2336,221.154242450111,12.947927,0.62061794643769,16,0.97295963481237,0.000149599711089905,0.00015429246223746,1.03136871798324,0.0445601935285238,"Not Significant",NA
6080,223.073282667676,16.533363,0.62061794643769,16,0.97295963481237,0.000132058173820113,0.000165208161316032,1.25102563920864,0.323111357193672,"Not Significant",NA
5642,225.088975561957,16.36311,0.62061794643769,16,0.97295963481237,0.000290477614509993,0.000288384906910843,0.992795632108587,-0.0104313266684305,"Not Significant",NA
4975,226.084263940647,16.128382,0.62061794643769,24,0.97295963481237,3.97973561296015e-05,3.79545057122972e-05,0.953694149648961,-0.068401427746225,"Not Significant",NA
4642,227.104630599045,16.0636,0.62061794643769,24,0.97295963481237,0.000277828191232478,0.00025708693208989,0.92534501610302,-0.111936718214753,"Not Significant",NA
2338,236.105152338791,12.948154,0.62061794643769,16,0.97295963481237,0.000190765533765018,0.000199252633234221,1.04448969004882,0.0627982519178529,"Not Significant",NA
4322,238.084375565012,16.014404,0.62061794643769,24,0.97295963481237,0.000195333146452245,0.00015266035881932,0.781538420857017,-0.355611296240301,"Not Significant",NA
2326,241.144323316892,12.893961,0.62061794643769,16,0.97295963481237,0.000341323089936524,0.000358616388180318,1.05066548016722,0.0713034048619966,"Not Significant",NA
4922,264.100234032208,16.12601,0.62061794643769,16,0.97295963481237,2.29743686959884e-05,2.53162538794321e-05,1.10193469141342,0.14003872194354,"Not Significant",NA
6856,275.011295116485,16.890606,0.62061794643769,16,0.97295963481237,0.000327735263573509,0.000378644284477441,1.15533580472494,0.20831223986516,"Not Significant",NA
6657,325.184211717977,16.916994,0.62061794643769,16,0.97295963481237,0.0328451841134138,0.0393880536682446,1.19920331492856,0.262076276410738,"Not Significant",NA
2206,327.217766552258,12.1997595,0.62061794643769,16,0.97295963481237,0.000151336361515637,0.000155448928623436,1.0271750098034,0.0386820085938111,"Not Significant",NA
2273,413.218236178724,12.620068,0.62061794643769,16,0.97295963481237,1.15658217674042e-06,1.4454318589099e-06,1.24974419282817,0.321632823282713,"Not Significant",NA
2263,415.233914629914,12.567797,0.62061794643769,16,0.97295963481237,0.000243788377808512,0.000246537192568429,1.01127541347388,0.0161759582122826,"Not Significant",NA
2168,431.228619664955,11.878182,0.62061794643769,16,0.97295963481237,0.000768477882389232,0.000797623432156549,1.03792633520786,0.0537040548696034,"Not Significant",NA
4020,491.358842329221,15.756348,0.62061794643769,16,0.97295963481237,9.92523770908731e-07,1.15569583840851e-06,1.16440116829684,0.219588192095825,"Not Significant",NA
4818,499.363883626206,16.085169,0.62061794643769,16,0.97295963481237,2.64638290191406e-05,3.48107432710145e-05,1.31540841069661,0.395510799979394,"Not Significant",NA
6267,83.0236220138386,16.636652,0.723673609831763,17,0.97295963481237,0.00562869005711998,0.0069336847017582,1.23184695397955,0.300823025147824,"Not Significant",NA
3137,83.0236231689375,15.1884165,0.723673609831763,17,0.97295963481237,0.00119579293249476,0.0014937007337858,1.24912992307918,0.320923540703938,"Not Significant",NA
3537,92.0239935207597,15.563347,0.723673609831763,17,0.97295963481237,0.000758160917451512,0.000883781760429991,1.16569153076466,0.221186068201205,"Not Significant",NA
5890,92.0239967305958,16.47494,0.723673609831763,23,0.97295963481237,0.00148435788475881,0.0014035551991555,0.945563878877877,-0.080753170157764,"Not Significant",NA
2990,106.039689846517,15.080238,0.723673609831763,23,0.97295963481237,0.00667363806674354,0.00666234590026556,0.998307944427756,-0.00244318777113382,"Not Significant",NA
4014,106.039694832597,15.965446,0.723673609831763,23,0.97295963481237,0.131890689575729,0.11477355670859,0.870217276729671,-0.200552435392516,"Not Significant",NA
5625,109.039395718485,16.426043,0.723673609831763,23,0.97295963481237,0.00054132307836052,0.000424947892895375,0.785017136498954,-0.349203947287919,"Not Significant",NA
3416,110.034654608745,15.432622,0.723673609831763,23,0.97295963481237,0.000499905429964534,0.000478931574417869,0.958044353412698,-0.0618356466844391,"Not Significant",NA
6724,118.039770228335,16.699055,0.723673609831763,23,0.97295963481237,0.00160769120886259,0.00160604707888981,0.998977334724657,-0.00147614905313362,"Not Significant",NA
3931,118.039777000686,15.867932,0.723673609831763,23,0.97295963481237,0.00111862973806654,0.000984917696160568,0.880468007102082,-0.183657511993545,"Not Significant",NA
4794,120.0554488254,16.171179,0.723673609831763,23,0.97295963481237,0.00144572941205723,0.00170818065602084,1.18153552232859,0.240663003934627,"Not Significant",NA
3118,134.034820643639,15.17507,0.723673609831763,17,0.97295963481237,9.96812019387425e-05,7.85436443842121e-05,0.787948408090824,-0.343826924378565,"Not Significant",NA
1785,137.023276938483,7.9731965,0.723673609831763,17,0.97295963481237,0.000453903094216289,0.000522790640013276,1.15176707688219,0.203848988478793,"Not Significant",NA
5609,143.035253468391,16.414982,0.723673609831763,23,0.97295963481237,0.000373278801692171,0.000220204825415083,0.589920521649868,-0.761407497608411,"Not Significant",NA
5862,144.055651531896,16.656866,0.723673609831763,17,0.97295963481237,0.000328400007937525,0.00037066972890256,1.12871412893838,0.174680138913189,"Not Significant",NA
6106,145.922523793737,16.627743,0.723673609831763,17,0.97295963481237,0.000641939834269248,0.000734788113920646,1.14463704337197,0.194890202043438,"Not Significant",NA
5931,147.030148811658,16.575891,0.723673609831763,23,0.97295963481237,0.000198242805522201,0.00019805041641773,0.999029527936891,-0.00140077504928718,"Not Significant",NA
4224,147.066531551747,15.898864,0.723673609831763,17,0.97295963481237,0.0015982654741227,0.00179947461056393,1.12589218731117,0.171068685074989,"Not Significant",NA
3419,147.066537166522,15.441309,0.723673609831763,23,0.97295963481237,0.000432137051657023,0.000299317540429816,0.692644935864878,-0.529812108382447,"Not Significant",NA
7025,147.066549184694,16.95107,0.723673609831763,23,0.97295963481237,0.000371894705173184,0.000319106587982369,0.858056281908523,-0.220855814333533,"Not Significant",NA
4013,155.035304078211,15.991202,0.723673609831763,23,0.97295963481237,0.00131504539666414,0.00103938245779613,0.790377625314473,-0.339385988431308,"Not Significant",NA
4141,158.046186215076,15.870075,0.723673609831763,23,0.97295963481237,0.00080637443057906,0.000625575863716247,0.77578831866856,-0.366265042046933,"Not Significant",NA
5723,159.066639700585,16.367802,0.723673609831763,23,0.97295963481237,0.00137175094193438,0.000886562356290302,0.646299797717006,-0.629724554815248,"Not Significant",NA
4189,161.082274485416,15.845567,0.723673609831763,23,0.97295963481237,0.000337994118362405,0.00019037882730264,0.563260769817632,-0.828125101137807,"Not Significant",NA
4424,163.061579241828,16.053415,0.723673609831763,17,0.97295963481237,0.000458199427862233,0.000506796435972509,1.10606082233016,0.145430721613681,"Not Significant",NA
3372,171.06671292287,15.502273,0.723673609831763,23,0.97295963481237,0.000421791351167402,0.000313711818878394,0.743760672214181,-0.427089630214701,"Not Significant",NA
6046,183.933535701153,16.743097,0.723673609831763,17,0.97295963481237,0.00597984879158282,0.00621913039990625,1.04001465867502,0.0566038628362926,"Not Significant",NA
4644,186.077730814253,16.058588,0.723673609831763,17,0.97295963481237,0.00134958781861506,0.00178024835652601,1.31910523492491,0.399559663791993,"Not Significant",NA
7376,190.92775930287,17.40301,0.723673609831763,17,0.97295963481237,0.0126281252064767,0.0129526405664163,1.0256978256577,0.0366057702876836,"Not Significant",NA
6498,195.933618090951,16.75006,0.723673609831763,17,0.97295963481237,0.00106671194327418,0.00116589955315111,1.09298443736599,0.128272859111603,"Not Significant",NA
6975,198.077845583929,16.93379,0.723673609831763,17,0.97295963481237,9.84106571628322e-05,0.000157918780006737,1.60469185512542,0.682296286903051,"Not Significant",NA
4886,212.093606597874,16.063034,0.723673609831763,17,0.97295963481237,0.000184369261746262,0.000210285071525539,1.14056469898406,0.189748286418573,"Not Significant",NA
4486,213.088853300061,16.063475,0.723673609831763,23,0.97295963481237,0.00176097273356679,0.00134287047705354,0.762573123056598,-0.391052410815558,"Not Significant",NA
6665,223.073274846157,16.750742,0.723673609831763,23,0.97295963481237,0.000145356929938041,0.000139370070270535,0.958812698713035,-0.0606790784232599,"Not Significant",NA
2164,229.144200021251,11.832916,0.723673609831763,17,0.97295963481237,0.000251380375021248,0.000270696006650472,1.07683826403549,0.106801580247949,"Not Significant",NA
6148,237.089088532967,16.670664,0.723673609831763,17,0.97295963481237,0.000410843832449099,0.000443522338692433,1.07953997033017,0.11041666061801,"Not Significant",NA
3971,237.089095736152,15.97491,0.723673609831763,23,0.97295963481237,0.000504903883150109,0.000422437247661002,0.83666864478325,-0.257271725610114,"Not Significant",NA
5081,237.089095681711,16.185055,0.723673609831763,23,0.97295963481237,0.000425880137233711,0.000329355173807258,0.77335180726336,-0.37080323166715,"Not Significant",NA
2651,239.067053346382,14.197567,0.723673609831763,23,0.97295963481237,0.000142267085159846,0.000138659838748094,0.974644546855667,-0.0370519313977275,"Not Significant",NA
4475,239.104773479129,16.0653,0.723673609831763,17,0.97295963481237,0.000171362511509051,0.000172136680884706,1.00451772892938,0.00650302670214611,"Not Significant",NA
2877,249.149472142429,14.8416,0.723673609831763,17,0.97295963481237,0.000292166536145926,0.000299916793211735,1.02652684721544,0.0377713593881489,"Not Significant",NA
6404,279.111141482876,16.72932,0.723673609831763,17,0.97295963481237,2.83719433416787e-05,2.97166434745467e-05,1.04739541865969,0.0668061995204898,"Not Significant",NA
6065,293.17926793222,16.600187,0.723673609831763,17,0.97295963481237,0.000645207272820944,0.000643096764936527,0.996728945916575,-0.00472686864775146,"Not Significant",NA
6932,297.152861830757,16.916264,0.723673609831763,17,0.97295963481237,0.000789795366072539,0.000824699695664605,1.04419414330783,0.0623899720110318,"Not Significant",NA
2375,301.057852256771,13.190423,0.723673609831763,23,0.97295963481237,0.000186578168240889,4.47280833397823e-05,0.239728387096364,-2.06052734110138,"Not Significant",NA
2216,305.08196734169,12.244845,0.723673609831763,23,0.97295963481237,0.000117708772398835,0.000115391548756781,0.980313925675794,-0.028684277810469,"Not Significant",NA
6906,309.174086325702,16.912884,0.723673609831763,17,0.97295963481237,0.00023228670111467,0.000274316069377556,1.18093747107002,0.239932578142859,"Not Significant",NA
6939,311.168660905064,16.913023,0.723673609831763,23,0.97295963481237,0.00212058203291459,0.00164290391318414,0.774741975402898,-0.368212188098008,"Not Significant",NA
6114,325.184189802769,16.618431,0.723673609831763,23,0.97295963481237,0.00241401536580544,0.00196601339458219,0.814416271922207,-0.296161708342425,"Not Significant",NA
6259,327.179993071467,16.913422,0.723673609831763,17,0.97295963481237,0.00113943713243033,0.001212737803795,1.06433059734355,0.0899463435705403,"Not Significant",NA
2341,329.233412936358,12.971571,0.723673609831763,17,0.97295963481237,8.71041530226409e-05,0.000105455406789471,1.21068173135281,0.275819653680333,"Not Significant",NA
2610,331.093643261452,14.059382,0.723673609831763,17,0.97295963481237,0.000126113842328809,0.000130805358611484,1.03720064503659,0.0526950085182739,"Not Significant",NA
2337,361.163441441427,12.948604,0.723673609831763,17,0.97295963481237,7.77463465305286e-05,8.03618523774183e-05,1.03364152739785,0.0477359377677636,"Not Significant",NA
7113,387.114668338311,17.00316,0.723673609831763,17,0.97295963481237,0.00116725177133794,0.00124306899215629,1.06495361384755,0.0907905923952227,"Not Significant",NA
7118,404.104712089321,17.005531,0.723673609831763,17,0.97295963481237,0.000235717466185643,0.000261604184468159,1.10982095939437,0.150326954207992,"Not Significant",NA
7093,455.102084473638,16.995525,0.723673609831763,17,0.97295963481237,0.000106333933539151,0.000106099015141622,0.997790748543663,-0.00319080206142367,"Not Significant",NA
2242,467.279628269696,12.49661,0.723673609831763,17,0.97295963481237,0.00010795083253189,0.000113466273119697,1.05109215425622,0.07188916279208,"Not Significant",NA
5514,491.358961747302,16.403982,0.723673609831763,23,0.97295963481237,1.44649137859508e-06,1.20180582610738e-06,0.830842024979537,-0.267353903625123,"Not Significant",NA
3407,83.0236221481593,15.403147,0.832004028572637,22,0.980040781404254,0.00218467571215539,0.00199239128656793,0.911984911757108,-0.13291813882329,"Not Significant",NA
3589,106.039694353573,15.629949,0.832004028572637,18,0.980040781404254,0.0377365169580225,0.0386691984643796,1.02471562246708,0.0352235907258622,"Not Significant",NA
2738,106.039698029894,14.479559,0.832004028572637,22,0.980040781404254,0.000774931899926021,0.000721862649324595,0.931517529983613,-0.102345175766121,"Not Significant",NA
6456,108.01897619817,16.653759,0.832004028572637,18,0.980040781404254,0.000563388941647038,0.000591559877578003,1.05000264266567,0.0703929588969739,"Not Significant",NA
4188,110.034644210881,15.957519,0.832004028572637,22,0.980040781404254,0.00166193476869409,0.00174163506332035,1.04795633145631,0.0675786007455653,"Not Significant",NA
3123,110.034658847682,15.180128,0.832004028572637,22,0.980040781404254,0.000176822745696709,0.000175751711140238,0.993942891497071,-0.00876513295980969,"Not Significant",NA
3705,116.024116235761,15.631828,0.832004028572637,18,0.980040781404254,0.000341801882131182,0.000424816246656144,1.24287275426149,0.313678600338163,"Not Significant",NA
5318,118.039790167728,16.285599,0.832004028572637,18,0.980040781404254,0.000379432024647631,0.000628389526682662,1.65613202329516,0.727817685978004,"Not Significant",NA
3805,130.03987619652,15.683663,0.832004028572637,18,0.980040781404254,0.0010291904998777,0.00159154832384157,1.54640790410589,0.628920916682241,"Not Significant",NA
5073,130.039878323457,16.24468,0.832004028572637,18,0.980040781404254,0.00139863476042639,0.00399529644602597,2.85656881915902,1.51428328709444,"Not Significant",NA
6927,131.035131857443,16.888378,0.832004028572637,22,0.980040781404254,0.00188019689653064,0.00164541151231806,0.875127235532717,-0.192435307968336,"Not Significant",NA
3823,132.055533028693,15.680155,0.832004028572637,18,0.980040781404254,0.000616707195982531,0.000918886849760268,1.48998885653719,0.57530154097022,"Not Significant",NA
3756,133.050781749153,15.648979,0.832004028572637,18,0.980040781404254,0.000564444462337106,0.00111116943088163,1.96860719703191,0.977175274049196,"Not Significant",NA
4862,134.034813372648,16.166395,0.832004028572637,22,0.980040781404254,0.00118691644734347,0.00112897705302923,0.951184942761625,-0.072202217456305,"Not Significant",NA
3149,136.050452876401,15.21085,0.832004028572637,22,0.980040781404254,0.000174882210889056,7.59926190312842e-05,0.434536015098148,-1.20245233982647,"Not Significant",NA
6710,140.024296114132,16.892284,0.832004028572637,22,0.980040781404254,0.00187105716496253,0.000824508018448276,0.440664258627708,-1.18224820755639,"Not Significant",NA
6884,141.019557381387,16.891972,0.832004028572637,22,0.980040781404254,0.00150615944294771,0.00101347455409831,0.672886631520786,-0.57156463599533,"Not Significant",NA
5267,144.055636647032,16.349129,0.832004028572637,22,0.980040781404254,0.000498494270288521,0.00051841692749919,1.03996566941309,0.0565359039577316,"Not Significant",NA
2962,145.050934804008,14.939954,0.832004028572637,18,0.980040781404254,0.00017834207847052,0.000249348717928344,1.39814854725695,0.483517648986503,"Not Significant",NA
6981,158.046194184126,16.924793,0.832004028572637,22,0.980040781404254,0.000109280529345753,0.000180382984755991,1.65064157207069,0.723026880799298,"Not Significant",NA
3598,163.061581262293,15.516209,0.832004028572637,18,0.980040781404254,0.000584251746159857,0.000516732432999532,0.884434554788902,-0.177172702649643,"Not Significant",NA
6731,163.061614107089,16.969725,0.832004028572637,18,0.980040781404254,0.000420364850167052,0.000454532744547309,1.08128152096132,0.112742190064269,"Not Significant",NA
6862,165.019728491147,16.894913,0.832004028572637,22,0.980040781404254,0.0007750660418416,0.00102732172962917,1.32546347558744,0.406496915912546,"Not Significant",NA
5922,169.051055512303,16.516685,0.832004028572637,22,0.980040781404254,0.000437427994705802,0.000384232856310879,0.878391097417759,-0.187064662329696,"Not Significant",NA
5669,171.066715688952,16.432941,0.832004028572637,22,0.980040781404254,0.00107952073321443,0.00123023996152762,1.13961679815486,0.188548792513344,"Not Significant",NA
6994,172.061969393004,16.935555,0.832004028572637,22,0.980040781404254,0.000283833926669555,0.000290880211846059,1.02482538031723,0.0353781103046771,"Not Significant",NA
4225,184.06205078669,15.864591,0.832004028572637,22,0.980040781404254,0.000562575011007596,0.000418911145812155,0.744631627099588,-0.425401201111683,"Not Significant",NA
3322,186.077732384512,15.385044,0.832004028572637,22,0.980040781404254,0.000152890993773109,0.000253641025235606,1.65896642422254,0.73028468792258,"Not Significant",NA
5146,194.973022937297,16.222452,0.832004028572637,22,0.980040781404254,0.000138421924566818,0.000150695825108589,1.08867020582311,0.122566980241356,"Not Significant",NA
7268,198.807740676831,17.176224,0.832004028572637,22,0.980040781404254,0.000237092057895508,0.000233541190389445,0.985023254099775,-0.0217703112539615,"Not Significant",NA
6430,210.077922933136,16.68647,0.832004028572637,22,0.980040781404254,0.000186941805732906,0.000168927126047976,0.90363482574535,-0.146188222162199,"Not Significant",NA
4659,210.077937061296,16.06532,0.832004028572637,18,0.980040781404254,0.000228724059335962,0.000246985870348315,1.07984210784546,0.110820380091488,"Not Significant",NA
5272,210.077943096305,16.300665,0.832004028572637,18,0.980040781404254,0.000122440154525778,0.000147926867279163,1.20815648960995,0.272807335591866,"Not Significant",NA
6390,211.073181380128,16.693748,0.832004028572637,18,0.980040781404254,0.000278390036148075,0.00034067385672283,1.22372862706059,0.29128366276832,"Not Significant",NA
6571,213.088841487812,16.701727,0.832004028572637,22,0.980040781404254,0.000838608801943744,0.00087500652666719,1.04340250738972,0.0612958054079146,"Not Significant",NA
5469,223.073296419594,16.353544,0.832004028572637,18,0.980040781404254,7.32734512707417e-05,8.41824151273294e-05,1.14888016965762,0.20022833005003,"Not Significant",NA
7046,225.061217586895,16.977789,0.832004028572637,22,0.980040781404254,0.000852243576774658,0.000820186753845995,0.962385374554558,-0.0553133769556038,"Not Significant",NA
6806,225.088969535117,16.891321,0.832004028572637,22,0.980040781404254,0.000228778777340203,0.000191769273964735,0.838230172371132,-0.254581642201024,"Not Significant",NA
6191,227.104597976399,16.651293,0.832004028572637,18,0.980040781404254,6.83498284317316e-05,5.30388350284754e-05,0.775990755872212,-0.365888628733661,"Not Significant",NA
5575,237.089093405743,16.399765,0.832004028572637,18,0.980040781404254,0.00021004770146721,0.000205163413000955,0.976746765462619,-0.0339435220149038,"Not Significant",NA
6729,238.084348315403,16.744835,0.832004028572637,22,0.980040781404254,0.000294207230093363,0.000146886885335119,0.499263343353277,-1.00212710911625,"Not Significant",NA
4080,239.104743753949,15.775008,0.832004028572637,18,0.980040781404254,4.70778249191936e-05,4.37405260458134e-05,0.929111022458908,-0.106077095716672,"Not Significant",NA
5819,239.104752685004,16.513298,0.832004028572637,22,0.980040781404254,0.000113593814414937,6.21604966992431e-05,0.547217267237654,-0.869814340239036,"Not Significant",NA
1903,240.978510192498,8.968483,0.832004028572637,22,0.980040781404254,1.29841699398736e-06,1.21096303049389e-06,0.932645703269103,-0.100598965805627,"Not Significant",NA
1904,242.974313910066,8.968483,0.832004028572637,22,0.980040781404254,1.4934231796561e-06,1.4479401484509e-06,0.969544445389101,-0.044621059708756,"Not Significant",NA
2699,243.196342087588,14.356658,0.832004028572637,18,0.980040781404254,5.03884420269606e-05,6.58862025849601e-05,1.30756578164705,0.386883528092666,"Not Significant",NA
5013,252.100193876867,16.138992,0.832004028572637,18,0.980040781404254,0.000338251996521023,0.000369994954994895,1.09384411267443,0.129407149559869,"Not Significant",NA
2316,257.175804787006,12.9868765,0.832004028572637,18,0.980040781404254,0.000186960800600543,0.000198793975987378,1.06329228024712,0.0885382227417981,"Not Significant",NA
6524,265.147864257282,16.90595,0.832004028572637,18,0.980040781404254,0.0021028419057003,0.00217336254514342,1.03353587316857,0.0475884643745997,"Not Significant",NA
5354,265.147878356012,16.293533,0.832004028572637,22,0.980040781404254,0.000143509022543625,0.000170107027935636,1.18534030070427,0.245301303560663,"Not Significant",NA
4454,311.168642898805,16.036594,0.832004028572637,22,0.980040781404254,0.0142056177618881,0.0139499438656067,0.982001916384985,-0.0262022549131612,"Not Significant",NA
2241,315.181259888398,12.4960375,0.832004028572637,18,0.980040781404254,0.000526242394611088,0.000541196094048252,1.02841599154742,0.0404239489158562,"Not Significant",NA
2457,377.061924287292,13.559451,0.832004028572637,22,0.980040781404254,1.47692513515865e-06,1.44601387144524e-06,0.979070527694629,-0.0305153062632931,"Not Significant",NA
7099,426.125524690466,16.998207,0.832004028572637,18,0.980040781404254,6.96651682397953e-05,7.38567751050845e-05,1.06016789984431,0.0842927639307161,"Not Significant",NA
2943,648.338591610343,14.926392,0.832004028572637,22,0.980040781404254,3.89866357283033e-06,1.57862326889757e-06,0.404913950487791,-1.30431274588918,"Not Significant",NA
3564,83.0236203032718,15.6313,0.943628022202983,19,1,0.00344472123825436,0.00492272544418327,1.42906351594299,0.515070039666452,"Not Significant",NA
6214,104.024067202153,16.659138,0.943628022202983,21,1,0.000353373339699099,0.000231713442489042,0.65571851766279,-0.60885145736407,"Not Significant",NA
3169,106.039692661568,15.422513,0.943628022202983,21,1,0.0208673829007792,0.019659502477963,0.942116343551107,-0.0860228631810871,"Not Significant",NA
2631,106.039695845106,14.173291,0.943628022202983,19,1,0.000216765070632752,0.00021037340235119,0.970513384546206,-0.0431799853123782,"Not Significant",NA
3978,107.034980577743,15.738287,0.943628022202983,19,1,0.0051962171909994,0.00505510849568095,0.972843957415239,-0.0397196772569541,"Not Significant",NA
3549,107.034983043922,15.499021,0.943628022202983,21,1,0.00195178501273697,0.00191860263553356,0.982998958908453,-0.0247382062751258,"Not Significant",NA
4133,109.03938577152,15.837658,0.943628022202983,21,1,0.0006193070863317,0.000773815669793732,1.24948621915054,0.321334989721683,"Not Significant",NA
5590,117.019410360801,16.351543,0.943628022202983,19,1,0.000612232163260123,0.000688800482560862,1.12506418952741,0.170007315461019,"Not Significant",NA
4836,121.050702579661,16.06177,0.943628022202983,19,1,0.00199098528851618,0.00178044493042792,0.894253182430511,-0.161244747455459,"Not Significant",NA
7005,121.05071066762,16.96348,0.943628022202983,21,1,0.00072214891539283,0.000670424024177687,0.928373649655063,-0.1072225201277,"Not Significant",NA
5891,132.055529766251,16.623154,0.943628022202983,21,1,0.00181269956569974,0.00185721899609609,1.02455974020116,0.0350041077061267,"Not Significant",NA
6179,133.050777027647,16.641531,0.943628022202983,19,1,0.00185998951377221,0.00183461103045618,0.986355577207227,-0.0198202687739444,"Not Significant",NA
5637,133.050781862658,16.420946,0.943628022202983,19,1,0.000748539366573745,0.000695138355201999,0.928659715498763,-0.10677804154688,"Not Significant",NA
3643,134.03481295507,15.6767845,0.943628022202983,19,1,0.000402390897197813,0.000584002803239709,1.45133204380768,0.537377624953963,"Not Significant",NA
3441,134.034813805364,15.422277,0.943628022202983,19,1,0.000242301389501521,0.000278099343116331,1.14774142933499,0.198797658883586,"Not Significant",NA
6599,141.019553388237,16.644735,0.943628022202983,19,1,0.000370366942536106,0.00116678281600681,3.15034276012111,1.65550880366812,"Not Significant",NA
3739,145.050845258877,15.616678,0.943628022202983,21,1,0.00135461189683816,0.00157111285725705,1.15982508416191,0.213907245663211,"Not Significant",NA
3392,145.050864359554,15.389235,0.943628022202983,19,1,0.0015256211371318,0.00138407203419582,0.907218706210316,-0.140477706945597,"Not Significant",NA
4046,148.050554855643,15.768782,0.943628022202983,19,1,0.00043330177608141,0.000372840250357905,0.860463240491899,-0.21681453410686,"Not Significant",NA
5017,155.035304762369,16.227299,0.943628022202983,19,1,0.00102833153759989,0.00122185039578547,1.18818722475172,0.248762182046929,"Not Significant",NA
6855,157.050961624234,16.878578,0.943628022202983,21,1,0.00107532345803915,0.000636507597701827,0.591921986768984,-0.756521048624328,"Not Significant",NA
6373,159.066629976589,16.640633,0.943628022202983,19,1,0.000821704818480206,0.000965124585439373,1.1745392794756,0.23209496141915,"Not Significant",NA
6741,159.066637092358,16.851336,0.943628022202983,19,1,0.000449913866381652,0.000572852855051798,1.27325005485796,0.348515779393948,"Not Significant",NA
1906,161.020915615612,8.974,0.943628022202983,21,1,1.25002521538682e-06,1.20966023333522e-06,0.967708665749509,-0.0473553136477366,"Not Significant",NA
2455,161.020998246118,13.559451,0.943628022202983,19,1,1.2804858910622e-06,1.24923844938308e-06,0.975597199549619,-0.035642478001395,"Not Significant",NA
6172,163.061572647912,16.658892,0.943628022202983,19,1,0.000417649708871769,0.000637173326511899,1.52561659442586,0.609392441320785,"Not Significant",NA
6269,169.051054768353,16.723581,0.943628022202983,21,1,0.000226013546698261,0.000305995948931261,1.35388322249454,0.437103306421344,"Not Significant",NA
5319,169.051064304807,16.285364,0.943628022202983,19,1,0.000146924034470719,0.000200779021637946,1.36654987974728,0.450538119905555,"Not Significant",NA
6368,171.066700612044,16.691572,0.943628022202983,21,1,0.000981462918898771,0.00112140399661752,1.14258417208036,0.192300449895923,"Not Significant",NA
6973,171.066714057606,16.936596,0.943628022202983,21,1,0.000229209089307569,0.000271511298201306,1.18455729230254,0.244347977659505,"Not Significant",NA
6461,172.061954042108,16.709583,0.943628022202983,21,1,0.00223923888742667,0.00212633827211455,0.949580808038815,-0.074637317897251,"Not Significant",NA
3676,172.061964493982,15.622847,0.943628022202983,19,1,0.000345056727782947,0.000412001338431959,1.19401044888806,0.255815461806253,"Not Significant",NA
4220,174.077625291064,15.810205,0.943628022202983,21,1,0.000341389865299725,0.000203867230317885,0.597168372701687,-0.743790335568129,"Not Significant",NA
6948,186.077739505834,16.90869,0.943628022202983,19,1,0.000241924124378794,0.000287823243840229,1.18972526852911,0.250628464717981,"Not Significant",NA
6177,196.062158305788,16.667587,0.943628022202983,19,1,0.000373256274593594,0.00039268496187648,1.05205187053865,0.0732058372576442,"Not Significant",NA
5160,213.088856448448,16.252657,0.943628022202983,19,1,0.000320289333514761,0.00036908472495453,1.15234785031491,0.204576277694378,"Not Significant",NA
5677,252.100185442822,16.365358,0.943628022202983,19,1,0.000303892700616672,0.000319371281760724,1.05093436305855,0.0716725674476009,"Not Significant",NA
2627,265.147913474722,14.185622,0.943628022202983,21,1,0.00234472904976054,0.00227811789135695,0.971591106268591,-0.0415788109664093,"Not Significant",NA
2722,265.147919732769,14.402925,0.943628022202983,19,1,0.000931940297772322,0.000286428641807193,0.307346556954198,-1.70206177149893,"Not Significant",NA
2516,285.207170232811,13.794543,0.943628022202983,21,1,0.000128191843137027,0.000130962450311042,1.02161297557017,0.0308487540294001,"Not Significant",NA
2535,339.199802825916,13.861886,0.943628022202983,21,1,0.00299426293533843,0.00287566465732124,0.9603914951431,-0.0583054672136614,"Not Significant",NA
7110,341.108991709729,17.00198,0.943628022202983,21,1,0.000480047497728113,0.000476869204921022,0.993379211802722,-0.0095835387131046,"Not Significant",NA
2674,345.109192533146,14.266891,0.943628022202983,19,1,0.00010637158533226,0.000108703253288369,1.02192002637571,0.0312822979725325,"Not Significant",NA
2425,389.171920200434,13.417699,0.943628022202983,21,1,8.56409848836228e-05,8.51588518315046e-05,0.994370300005618,-0.00814488847534178,"Not Significant",NA
7296,404.104550495925,17.192566,0.943628022202983,19,1,0.000111481836592986,0.000113994772143409,1.02254121054355,0.0321589879579546,"Not Significant",NA
6543,491.358787958105,16.869461,0.943628022202983,19,1,1.47164155572366e-06,1.52963284462694e-06,1.03940585170195,0.0557590863020423,"Not Significant",NA
2944,585.343382517854,14.926218,0.943628022202983,21,1,8.24409589633935e-05,1.70179427694063e-05,0.206425822593389,-2.27630464061264,"Not Significant",NA
4458,92.023996722145,16.172365,1,20,1,0.0016318510129476,0.00200170182790588,1.22664496453645,0.294717741241073,"Not Significant",NA
6698,93.0080087045266,16.673315,1,20,1,0.000606229793077753,0.000655451784562245,1.08119362005387,0.112624903903671,"Not Significant",NA
6441,99.9243857264828,16.872686,1,20,1,0.0047278392711163,0.00474585981497098,1.00381158132104,0.00548849617723451,"Not Significant",NA
3536,109.039387809338,15.480521,1,20,1,0.000467868484341028,0.000629560146234086,1.34559212108675,0.428241163245564,"Not Significant",NA
6788,117.019397510935,16.850025,1,20,1,0.000233623615618387,0.000237510753830052,1.01663846440085,0.0238067211346566,"Not Significant",NA
4142,117.019415277211,15.810258,1,20,1,0.000167064170145252,0.000257072000899279,1.53876202584774,0.621770131811665,"Not Significant",NA
3666,120.019055859833,15.670955,1,20,1,0.000307690665489491,0.000271945366017869,0.883827156684274,-0.178163834519063,"Not Significant",NA
6777,120.055441617869,16.629766,1,20,1,0.00200825321751114,0.00166876155630696,0.830951765323238,-0.267163360308862,"Not Significant",NA
6800,122.034727701197,16.859606,1,20,1,0.000409978129521951,0.000421755534790626,1.02872691107305,0.0408600509101217,"Not Significant",NA
6554,124.01397729965,16.776573,1,20,1,0.000316389268186437,0.000312552190760839,0.987872289576724,-0.0176035501456242,"Not Significant",NA
6133,131.03512557421,16.689613,1,20,1,0.0129940852342521,0.0127638161899381,0.982278933825445,-0.025795335820916,"Not Significant",NA
6559,134.034808762058,16.67,1,20,1,0.000830184552606675,0.00084979053945139,1.02361641972638,0.0336751947993214,"Not Significant",NA
4777,135.066445989628,16.08089,1,20,1,0.000782963364214478,0.000748462330563776,0.955935315459727,-0.0650150951151377,"Not Significant",NA
4461,144.055635269225,16.06704,1,20,1,0.000492028436134314,0.000505054773593317,1.0264747654858,0.0376981611474598,"Not Significant",NA
3129,145.050899763861,15.152887,1,20,1,0.000635428613535883,0.000581526966388068,0.915172773149331,-0.127883963036285,"Not Significant",NA
5213,147.030173620664,16.249598,1,20,1,0.000277454069992105,0.000304715752469077,1.09825656000558,0.135215116830404,"Not Significant",NA
6238,147.066527350901,16.619448,1,20,1,0.0020248177450116,0.00157590851534999,0.778296475933423,-0.361608270161531,"Not Significant",NA
5061,158.046190751484,16.10224,1,20,1,0.00141236341491185,0.00143538763766024,1.01630191104166,0.0233290446886514,"Not Significant",NA
6340,174.077619872338,16.710817,1,20,1,0.000166809701933328,0.000272086363638786,1.63111833715485,0.705861452946976,"Not Significant",NA
5429,184.062060753621,16.340317,1,20,1,0.000262465733785646,0.00029414180276924,1.12068649315367,0.164382747340242,"Not Significant",NA
6478,186.077719479961,16.657696,1,20,1,0.0012851617581473,0.00129738236171981,1.00950900032237,0.0136537731384906,"Not Significant",NA
4249,186.077724290011,15.837139,1,20,1,0.00106762934155565,0.00116330178601252,1.08961204112044,0.123814551532332,"Not Significant",NA
3696,186.077729481965,15.597478,1,20,1,0.000581112636255197,0.000669665597159587,1.15238519243884,0.204623027835082,"Not Significant",NA
6870,206.965349361606,16.894268,1,20,1,0.000340258031470957,0.000334713431850205,0.983704720806203,-0.0237027689144892,"Not Significant",NA
3557,213.08884343245,15.513912,1,20,1,0.000218688164973129,0.000260292218253084,1.19024373488646,0.251257034966908,"Not Significant",NA
6845,237.089107188511,16.884235,1,20,1,0.000157078857646087,0.000193134877994612,1.22954088722597,0.298119711198612,"Not Significant",NA
7081,264.072523973459,16.988997,1,20,1,0.000157023666670254,0.000157726155622011,1.00447377753082,0.00643990203034538,"Not Significant",NA
2452,266.103438525446,13.537824,1,20,1,0.000173917983301069,0.000173885776708103,0.999814817350369,-0.000267186830226832,"Not Significant",NA
2456,309.074485847104,13.559451,1,20,1,1.11104535063174e-06,9.57445360983643e-07,0.861751827177209,-0.214655642337227,"Not Significant",NA
4423,398.233544377516,15.932391,1,20,1,8.74342159131035e-05,8.62131410368559e-05,0.986034358934937,-0.0202901758689668,"Not Significant",NA
2300,447.134285452843,12.784005,1,20,1,1.28808712182278e-05,1.30362223287668e-05,1.01206060583225,0.0172956863915072,"Not Significant",NA
4536,491.35874937872,15.980366,1,20,1,1.0003257340702e-06,1.01389018427811e-06,1.01356003324309,0.0194315422799912,"Not Significant",NA
