row_ID,mz,retention_time,p_value,statistic,n_samples,p_adjusted_BH,p_adjusted_Bonferroni,effect_size,mean_group1,mean_group2,fold_change,log2_fold_change
3931,118.039777000686,15.867932,0.00804523748656169,1,10,0.9723205275952295,1,-0.4818181818181818,9.84917696160566e-4,0.0019134239947571103,1.9427247598617365,0.9580815181593046
5288,200.093489995006,16.073454,0.00804523748656169,1,10,0.9723205275952295,1,-0.4818181818181818,2.42247401304615e-4,4.6615554965389607e-4,1.9242953573224375,0.9443302532873472
4922,264.100234032208,16.12601,0.00804523748656169,1,10,0.9723205275952295,1,-0.4818181818181818,2.5316253879432142e-5,5.4255591734524134e-5,2.143112957901065,1.099707892715777
6394,309.174060353433,16.733154,0.00804523748656169,54,10,0.9723205275952295,1,0.4818181818181818,9.644668373922589e-5,4.354193388151743e-5,0.45146118242123096,-1.1473261477923076
3572,120.055444847964,15.590859,0.010826921277131309,53,10,0.9723205275952295,1,0.4636363636363636,0.001517018340304051,5.49677491359031e-4,0.3623407026502138,-1.464581218399715
6902,277.009242902394,16.890808,0.01905889160173045,4,10,0.9723205275952295,1,-0.42727272727272725,3.154954449721869e-5,7.412072989891749e-5,2.349343899575214,1.232257912114277
5862,144.055651531896,16.656866,0.024932455602863113,5,10,0.9723205275952295,1,-0.40909090909090906,3.7066972890255703e-4,5.01836481331229e-4,1.3538642144234916,0.43708305131965913
6191,227.104597976399,16.651293,0.024932455602863113,5,10,0.9723205275952295,1,-0.40909090909090906,5.3038835028475425e-5,1.1102552032476959e-4,2.093287310423812,1.0657703397238214
5429,184.062060753621,16.340317,0.032312911243244105,6,10,0.9723205275952295,1,-0.39090909090909093,2.9414180276923676e-4,6.443321103117099e-4,2.1905492665291377,1.1312926619459533
3898,265.147862300908,15.711845,0.032312911243244105,49,10,0.9723205275952295,1,0.3909090909090909,1.9375161678313456e-4,1.0787679517945261e-4,0.5567788128457204,-0.8448237816604538
6567,92.0239936879964,16.705269,0.04149108738773155,48,10,0.9723205275952295,1,0.3727272727272727,0.002135872708326577,0.0013908347272251257,0.6511786595722846,-0.6188746745118843
6693,133.050784440692,16.853416,0.04149108738773155,48,10,0.9723205275952295,1,0.3727272727272727,6.713914426927269e-4,3.21476939950207e-4,0.47882192042971283,-1.0624388946290335
6368,171.066700612044,16.691572,0.04149108738773155,7,10,0.9723205275952295,1,-0.37272727272727274,0.001121403996617523,0.0016415870455803619,1.4638676610141041,0.5497851346133776
6628,252.100177836551,16.844591,0.04149108738773155,48,10,0.9723205275952295,1,0.3727272727272727,3.481975126839785e-4,2.025873135279198e-4,0.5818172334613618,-0.7813620651025907
3738,121.050697767465,15.636853,0.05278700063222456,8,10,0.9723205275952295,1,-0.35454545454545455,3.004302255792679e-4,4.45335541927604e-4,1.482326024516808,0.5678627905754037
3823,132.055533028693,15.680155,0.05278700063222456,47,10,0.9723205275952295,1,0.3545454545454545,9.188868497602651e-4,3.25845964696058e-4,0.3546094546690599,-1.4956970927107567
4086,134.034811917158,15.9440365,0.05278700063222456,8,10,0.9723205275952295,1,-0.35454545454545455,0.001061898475730478,0.001771583131984996,1.6683168612388557,0.7383933239886641
1785,137.023276938483,7.9731965,0.05278700063222456,47,10,0.9723205275952295,1,0.3545454545454545,5.22790640013273e-4,2.14757559489935e-4,0.4107907507381589,-1.283524396226416
4475,239.104773479129,16.0653,0.05278700063222456,8,10,0.9723205275952295,1,-0.35454545454545455,1.721366808847031e-4,2.5282504249278103e-4,1.4687458895650654,0.5545848141543053
2269,329.2334371241,12.604264,0.05278700063222456,47,10,0.9723205275952295,1,0.3545454545454545,7.46485612431223e-4,5.88407552972507e-4,0.78823696421439,-0.34329868893056226
7175,471.114587294647,17.05871,0.05278700063222456,47,10,0.9723205275952295,1,0.3545454545454545,1.6070065884852216e-4,6.667407063152384e-5,0.4148960627122967,-1.2691781285247419
2631,106.039695845106,14.173291,0.06654572134371613,46,10,0.9723205275952295,1,0.3363636363636363,2.1037340235118625e-4,1.3455500482408708e-4,0.639600839841284,-0.644756261706922
3549,107.034983043922,15.499021,0.06654572134371613,46,10,0.9723205275952295,1,0.3363636363636363,0.001918602635533557,0.0015071639518772144,0.7855529456510296,-0.34821957957922867
6240,117.019391421789,16.634377,0.06654572134371613,9,10,0.9723205275952295,1,-0.33636363636363636,9.01751440855557e-4,0.001188486570389341,1.3179757930430778,0.39832387294276406
3130,121.050687516805,15.188335,0.06654572134371613,46,10,0.9723205275952295,1,0.3363636363636363,2.0554012745654078e-4,7.933492320550535e-5,0.38598265062514303,-1.3733920930406092
6133,131.03512557421,16.689613,0.06654572134371613,9,10,0.9723205275952295,1,-0.33636363636363636,0.012763816189938066,0.019020714582371964,1.4902059305246278,0.575511709491484
6905,145.050852395924,16.885967,0.06654572134371613,46,10,0.9723205275952295,1,0.3363636363636363,0.001496824610749324,0.00110802686516938,0.7402516348356215,-0.4339123233087286
3419,147.066537166522,15.441309,0.06654572134371613,46,10,0.9723205275952295,1,0.3363636363636363,2.9931754042981413e-4,1.5829571051018294e-4,0.5288554432288646,-0.9190546633549518
3145,147.066554824997,15.206212,0.06654572134371613,46,10,0.9723205275952295,1,0.3363636363636363,9.982328834173247e-5,5.6652392945047925e-5,0.5675268154972574,-0.8172395339006694
3525,157.050958317466,15.612209,0.06654572134371613,46,10,0.9723205275952295,1,0.3363636363636363,0.0010320963151123348,5.74990285032051e-4,0.5571091346929847,-0.8439681234123004
3114,186.077735804051,15.175608,0.06654572134371613,46,10,0.9723205275952295,1,0.3363636363636363,7.121472949377363e-5,3.808824748370313e-5,0.5348366518338489,-0.9028297595849805
6177,196.062158305788,16.667587,0.06654572134371613,9,10,0.9723205275952295,1,-0.33636363636363636,3.9268496187647606e-4,5.340963933991881e-4,1.3601142015904208,0.4437277920278476
3086,265.147888846183,15.107723,0.06654572134371613,46,10,0.9723205275952295,1,0.3363636363636363,4.2208017996866613e-4,2.5861327654618145e-4,0.6127112544478636,-0.706720743511733
5880,325.184187097682,16.405966,0.06654572134371613,46,10,0.9723205275952295,1,0.3363636363636363,0.005377534559541883,0.0017855406320399128,0.33203703523795197,-1.5905839268868112
5691,106.039697129953,16.441238,0.0831311427008039,10,10,0.9723205275952295,1,-0.3181818181818182,0.044491425761874516,0.05857945343702686,1.3166459027533486,0.3968674010007516
3666,120.019055859833,15.670955,0.0831311427008039,10,10,0.9723205275952295,1,-0.3181818181818182,2.7194536601786397e-4,3.90685207818568e-4,1.4366312378821857,0.5226897907078911
3127,131.035167699905,15.150408,0.0831311427008039,45,10,0.9723205275952295,1,0.31818181818181823,5.943539361238801e-4,4.4219536803874904e-4,0.7439933365673599,-0.42663839471571546
3696,186.077729481965,15.597478,0.0831311427008039,45,10,0.9723205275952295,1,0.31818181818181823,6.69665597159583e-4,3.52111871507395e-4,0.5258025393582909,-0.9274069854327979
6766,191.056681237452,16.884249,0.0831311427008039,45,10,0.9723205275952295,1,0.31818181818181823,7.333692406690216e-4,3.84994520641576e-4,0.5249668233840321,-0.9297018440166668
5910,311.168650582371,16.138933,0.0831311427008039,45,10,0.9723205275952295,1,0.31818181818181823,0.015184796981082438,0.009351033448573137,0.6158155068008393,-0.6994298986592278
6899,106.03969761173,16.894886,0.10291753940285296,44,10,0.9723205275952295,1,0.30000000000000004,0.03603917139759817,0.02795634648832298,0.7757211224391837,-0.3663900089525546
3705,116.024116235761,15.631828,0.10291753940285296,44,10,0.9723205275952295,1,0.30000000000000004,4.248162466561404e-4,1.8511140003191993e-4,0.43574463427185,-1.1984451956702042
3756,133.050781749153,15.648979,0.10291753940285296,44,10,0.9723205275952295,1,0.30000000000000004,0.0011111694308816311,6.140842377231018e-4,0.5526468067393387,-0.8555703376754513
4461,144.055635269225,16.06704,0.10291753940285296,11,10,0.9723205275952295,1,-0.3,5.05054773593313e-4,6.615812331987171e-4,1.3099197706652002,0.3894784529780164
7025,147.066549184694,16.95107,0.10291753940285296,44,10,0.9723205275952295,1,0.30000000000000004,3.19106587982364e-4,2.220529463519161e-4,0.6958582326861527,-0.5231346793785786
5723,159.066639700585,16.367802,0.10291753940285296,11,10,0.9723205275952295,1,-0.3,8.865623562902995e-4,0.0018456811784693231,2.081840228579439,1.0578593528444185
4424,163.061579241828,16.053415,0.10291753940285296,11,10,0.9723205275952295,1,-0.3,5.067964359725047e-4,7.90592134534847e-4,1.559979665243224,0.6415272232901106
5697,170.04628505153,16.403414,0.10291753940285296,11,10,0.9723205275952295,1,-0.3,1.6153426707099622e-4,2.651882581422149e-4,1.6416842255870174,0.7151766545271515
7016,223.073323564716,16.961811,0.10291753940285296,44,10,0.9723205275952295,1,0.30000000000000004,7.032038900373007e-5,3.1273428573099695e-5,0.44472775273528176,-1.1690056576271068
6148,237.089088532967,16.670664,0.10291753940285296,44,10,0.9723205275952295,1,0.30000000000000004,4.43522338692429e-4,3.01968538713225e-4,0.6808417803790312,-0.5546085230571636
4658,265.147891747623,16.07208,0.10291753940285296,44,10,0.9723205275952295,1,0.30000000000000004,5.331845999721961e-4,3.7329028234776894e-4,0.7001145238764114,-0.5143371592378513
3267,107.034987400118,15.282515,0.12627892855469783,12,10,0.9723205275952295,1,-0.28181818181818186,7.801848242639331e-4,0.00106200878899516,1.36122718100434,0.4449078644589422
6721,120.019058502361,16.641325,0.12627892855469783,12,10,0.9723205275952295,1,-0.28181818181818186,5.84158966669533e-4,9.0678001367312e-4,1.5522829664722038,0.6343915711302602
4986,136.050472975221,16.13028,0.12627892855469783,43,10,0.9723205275952295,1,0.28181818181818186,5.448087083291963e-4,3.9118105513153117e-4,0.7180154229384365,-0.47791326148273267
3380,159.066650460406,15.432304,0.12627892855469783,43,10,0.9723205275952295,1,0.28181818181818186,2.293171006385558e-4,1.4082975238344467e-4,0.6141266917787226,-0.7033917866103784
5688,186.077730868507,16.335072,0.12627892855469783,12,10,0.9723205275952295,1,-0.28181818181818186,8.108853239331469e-4,0.0012958687024166198,1.5980912025033236,0.6763497447143579
5774,198.077826734451,16.419561,0.12627892855469783,12,10,0.9723205275952295,1,-0.28181818181818186,2.827228249485909e-4,5.073350688012897e-4,1.7944609491417656,0.8435505277276718
6571,213.088841487812,16.701727,0.12627892855469783,12,10,0.9723205275952295,1,-0.28181818181818186,8.750065266671878e-4,0.0013792780431985438,1.5763060059129794,0.6565476301998093
5013,252.100193876867,16.138992,0.12627892855469783,43,10,0.9723205275952295,1,0.28181818181818186,3.69994954994892e-4,2.760682496120221e-4,0.7461405780947294,-0.42248062497871336
6932,297.152861830757,16.916264,0.12627892855469783,43,10,0.9723205275952295,1,0.28181818181818186,8.24699695664601e-4,6.31266686128196e-4,0.7654503687181271,-0.3856192574960933
4214,311.168625183993,15.746639,0.12627892855469783,43,10,0.9723205275952295,1,0.28181818181818186,0.00687184514503341,0.004434983846020993,0.6453847187209033,-0.6317686764777104
1480,352.853660193092,3.5539572,0.12627892855469783,43,10,0.9723205275952295,1,0.28181818181818186,0.001443053099948727,4.6269990044452895e-4,0.3206395526685533,-1.6409756939764772
2944,585.343382517854,14.926218,0.12627892855469783,12,10,0.9723205275952295,1,-0.28181818181818186,1.7017942769406294e-5,7.405264596362153e-5,4.351445234423303,2.121494639179483
4088,92.0239945779022,15.929466,0.1535763965499838,13,10,0.9723205275952295,1,-0.26363636363636367,0.001602458355347141,0.002385316143989117,1.4885354967445534,0.5738936255844961
4552,116.024119914648,16.084082,0.1535763965499838,13,10,0.9723205275952295,1,-0.26363636363636367,0.001409394516371014,0.002256403507030587,1.6009736669335835,0.6789495783746157
4286,117.019415441447,16.002735,0.1535763965499838,13,10,0.9723205275952295,1,-0.26363636363636367,4.923253652191219e-4,8.608710933901042e-4,1.7485816376878156,0.8061851540784689
4013,155.035304078211,15.991202,0.1535763965499838,13,10,0.9723205275952295,1,-0.26363636363636367,0.0010393824577961271,0.001521398647285946,1.4637524771313444,0.54967161222407
4654,184.062058601766,16.079058,0.1535763965499838,42,10,0.9723205275952295,1,0.26363636363636367,9.762699057099999e-4,8.190520308409491e-4,0.8389606460779788,-0.2533249564984672
4249,186.077724290011,15.837139,0.1535763965499838,13,10,0.9723205275952295,1,-0.26363636363636367,0.001163301786012519,0.0017290765317815222,1.4863525119378735,0.5717763143371333
6727,196.062174365259,16.834305,0.1535763965499838,42,10,0.9723205275952295,1,0.26363636363636367,2.0172607690087724e-4,1.1887215167553994e-4,0.5892750877912056,-0.7629868188213619
4190,225.088963709634,15.846042,0.1535763965499838,13,10,0.9723205275952295,1,-0.26363636363636367,3.465794758878547e-4,5.520486772196109e-4,1.592848727713586,0.6716092611255059
2313,325.20157955852,12.826956,0.1535763965499838,42,10,0.9723205275952295,1,0.26363636363636367,3.400887934407026e-5,2.2747058871596563e-5,0.6688564666145845,-0.5802314462334686
2219,329.233413088529,12.208355,0.1535763965499838,42,10,0.9723205275952295,1,0.26363636363636367,3.99296986575981e-4,3.2431747658407897e-4,0.8122211974729381,-0.300055415458141
3438,356.129591246231,15.441361,0.1535763965499838,42,10,0.9723205275952295,1,0.26363636363636367,8.118980281920812e-5,4.497981916761927e-5,0.5540082326321134,-0.8520206798235939
7123,441.033888901883,17.011293,0.1535763965499838,42,10,0.9723205275952295,1,0.26363636363636367,1.8070445408643413e-4,1.1226266756618467e-4,0.6212501409206408,-0.6867538209601463
3918,121.050698236832,15.855703,0.18514372415787309,14,10,0.9723205275952295,1,-0.24545454545454548,0.0014522334451743122,0.002277656260551802,1.56838163183772,0.6492766508871815
4689,135.969840764193,16.078974,0.18514372415787309,41,10,0.9723205275952295,1,0.24545454545454548,0.0010926007407267152,8.675790046672691e-4,0.7940494384895084,-0.3326992607644488
64,146.960121399058,0.49927115,0.18514372415787309,14,10,0.9723205275952295,1,-0.24545454545454548,1.8045828391530107e-5,4.242030123069771e-5,2.350698472263422,1.2330894941296298
6741,159.066637092358,16.851336,0.18514372415787309,41,10,0.9723205275952295,1,0.24545454545454548,5.72852855051795e-4,3.403923436660687e-4,0.5942055462659636,-0.7509660236536884
4888,174.077628997133,16.060692,0.18514372415787309,14,10,0.9723205275952295,1,-0.24545454545454548,4.7066085015213697e-4,6.00211196118812e-4,1.2752520119844235,0.35078237689847885
4225,184.06205078669,15.864591,0.18514372415787309,14,10,0.9723205275952295,1,-0.24545454545454548,4.1891114581215125e-4,6.057341862838446e-4,1.4459729523536449,0.5320405662100401
1955,201.112613836627,9.338725,0.18514372415787309,41,10,0.9723205275952295,1,0.24545454545454548,9.76395624119431e-4,7.30683505970599e-4,0.7483477884587724,-0.41821918831191884
4642,227.104630599045,16.0636,0.18514372415787309,41,10,0.9723205275952295,1,0.24545454545454548,2.57086932089887e-4,2.2150723922838696e-4,0.8616044286177095,-0.2149024295823224
7078,239.10481884633,16.976255,0.18514372415787309,41,10,0.9723205275952295,1,0.24545454545454548,3.1933375294469866e-5,2.0904839759548295e-5,0.6546392157664754,-0.6112280661417199
2227,248.079911505102,12.426986,0.18514372415787309,41,10,0.9723205275952295,1,0.24545454545454548,5.35840058548833e-5,3.953622693357002e-5,0.7378363431924518,-0.4386272420809945
7156,466.816751011376,17.040564,0.18514372415787309,41,10,0.9723205275952295,1,0.24545454545454548,1.3048414608281673e-4,1.0152527962831279e-4,0.778066015497974,-0.36203552811924194
2943,648.338591610343,14.926392,0.18514372415787309,14,10,0.9723205275952295,1,-0.24545454545454548,1.5786232688975734e-6,3.709757035810552e-6,2.349995156476598,1.232657783286278
4597,84.0076321845089,16.031567,0.22127181567246965,40,10,0.9723205275952295,1,0.2272727272727273,0.001385060569112547,8.96446302411676e-4,0.6472253433552426,-0.6276599945096502
4188,110.034644210881,15.957519,0.22127181567246965,15,10,0.9723205275952295,1,-0.2272727272727273,0.0017416350633203469,0.0026961956662809776,1.548083018689808,0.6304828406299804
6839,116.024106107155,16.646412,0.22127181567246965,40,10,0.9723205275952295,1,0.2272727272727273,0.0017162289960237788,0.001259869671641419,0.7340918225716558,-0.44596756358534073
4121,120.019067684992,15.988564,0.22127181567246965,15,10,0.9723205275952295,1,-0.2272727272727273,5.82899080383584e-4,7.44236887017533e-4,1.2767851452566688,0.3525157717502728
6179,133.050777027647,16.641531,0.22127181567246965,15,10,0.9723205275952295,1,-0.2272727272727273,0.0018346110304561728,0.002532188615789418,1.3802318713628325,0.4649106521954568
4862,134.034813372648,16.166395,0.22127181567246965,40,10,0.9723205275952295,1,0.2272727272727273,0.0011289770530292268,5.86874974231148e-4,0.5198289661038443,-0.9438910684453707
6829,134.034830119376,16.91507,0.22127181567246965,40,10,0.9723205275952295,1,0.2272727272727273,3.4795675179292795e-4,2.3325945614103603e-4,0.6703691046059964,-0.5769724340046504
3118,134.034820643639,15.17507,0.22127181567246965,40,10,0.9723205275952295,1,0.2272727272727273,7.854364438421101e-5,5.287757340324071e-5,0.6732253617438492,-0.5708385679924125
5494,135.066452014121,16.35758,0.22127181567246965,15,10,0.9723205275952295,1,-0.2272727272727273,3.296195605766186e-4,5.649934084278376e-4,1.714077306090296,0.7774321774772752
3149,136.050452876401,15.21085,0.22127181567246965,40,10,0.9723205275952295,1,0.2272727272727273,7.599261903128221e-5,5.104488247880942e-5,0.6717084254958616,-0.574092969586145
6710,140.024296114132,16.892284,0.22127181567246965,15,10,0.9723205275952295,1,-0.2272727272727273,8.24508018448274e-4,0.001529306740653344,1.8548112406856914,0.8912723749954253
5563,145.922533341714,16.4298,0.22127181567246965,40,10,0.9723205275952295,1,0.2272727272727273,6.55520307721329e-4,4.056310931766341e-4,0.6187925658423288,-0.6924722304967154
4100,163.061574237935,15.733917,0.22127181567246965,15,10,0.9723205275952295,1,-0.2272727272727273,0.001054570338096307,0.001453799329943985,1.3785702834847031,0.4631728219727115
3151,171.066711779796,15.210082,0.22127181567246965,15,10,0.9723205275952295,1,-0.2272727272727273,5.390187592648068e-5,6.333682023464747e-5,1.175039256908898,0.2327089566215133
4504,171.066715434742,16.072403,0.22127181567246965,15,10,0.9723205275952295,1,-0.2272727272727273,0.0012460362848796262,0.0016555312464243978,1.3286380713899764,0.40994815975098814
6749,184.062056013042,16.851671,0.22127181567246965,40,10,0.9723205275952295,1,0.2272727272727273,3.0163685400655925e-4,2.1019688458803054e-4,0.6968541204300576,-0.5210714212318641
3736,191.056686072152,15.913582,0.22127181567246965,40,10,0.9723205275952295,1,0.2272727272727273,0.0015458495277217332,0.001200040805401026,0.7762985878513293,-0.36531643170439426
5323,198.077828685839,16.17272,0.22127181567246965,40,10,0.9723205275952295,1,0.2272727272727273,5.05208708142139e-4,4.067283089427033e-4,0.8050698699125974,-0.31281409848972475
5822,210.077934185293,16.51169,0.22127181567246965,15,10,0.9723205275952295,1,-0.2272727272727273,7.887588938893753e-5,1.3531156905666168e-4,1.7154997567056194,0.7786289212907169
6491,225.088958963474,16.649118,0.22127181567246965,15,10,0.9723205275952295,1,-0.2272727272727273,4.895531867952569e-4,5.54547131994661e-4,1.1327617651207043,0.17984447508714405
4975,226.084263940647,16.128382,0.22127181567246965,15,10,0.9723205275952295,1,-0.2272727272727273,3.795450571229719e-5,5.6855003006010395e-5,1.4979776956386361,0.5830161427345204
2083,242.175945517868,11.109664,0.22127181567246965,40,10,0.9723205275952295,1,0.2272727272727273,0.001111610669002117,9.943562985389159e-4,0.8945184912911466,-0.16081678922471063
2699,243.196342087588,14.356658,0.22127181567246965,40,10,0.9723205275952295,1,0.2272727272727273,6.588620258495968e-5,5.162759558641175e-5,0.7835873606441108,-0.35183396793414007
2250,471.127173969487,12.529706,0.22127181567246965,15,10,0.9723205275952295,1,-0.2272727272727273,9.947809300674448e-7,1.238639772394502e-6,1.245138235923485,0.31630591997234
4818,499.363883626206,16.085169,0.22127181567246965,40,10,0.9723205275952295,1,0.2272727272727273,3.4810743271014534e-5,2.5504918246008363e-5,0.7326737624486535,-0.448757142186635
2942,621.320422337432,14.929166,0.22127181567246965,15,10,0.9723205275952295,1,-0.2272727272727273,1.25066528483983e-6,4.295383373047007e-6,3.4344787731092317,1.7800911678910218
4616,108.018975895013,16.0746,0.26219260240677306,16,10,0.9723205275952295,1,-0.2090909090909091,5.093665461104281e-4,5.914645093526939e-4,1.161176590549917,0.21558739247682204
5715,110.034645456529,16.468458,0.26219260240677306,39,10,0.9723205275952295,1,0.2090909090909091,6.12668440679613e-4,8.448783180250681e-4,1.3790139362946003,0.46363703678047447
6788,117.019397510935,16.850025,0.26219260240677306,39,10,0.9723205275952295,1,0.2090909090909091,2.3751075383004927e-4,2.0919878021904764e-4,0.8807970874815199,-0.18311839651518366
4033,120.055443408487,15.923004,0.26219260240677306,16,10,0.9723205275952295,1,-0.2090909090909091,0.002499382754574817,0.0035668937329741517,1.4271098439986372,0.5130963826715693
6777,120.055441617869,16.629766,0.26219260240677306,16,10,0.9723205275952295,1,-0.2090909090909091,0.0016687615563069594,0.0021779090083735493,1.3051049744897976,0.38416585283730187
5591,132.055534044673,16.402758,0.26219260240677306,39,10,0.9723205275952295,1,0.2090909090909091,5.12291565959864e-4,3.57486503772737e-4,0.6978184446642728,-0.5190763636864056
3140,133.050793045646,15.198348,0.26219260240677306,39,10,0.9723205275952295,1,0.2090909090909091,1.5107080666601768e-4,9.796359699118381e-5,0.6484614675273329,-0.6249072447879241
6559,134.034808762058,16.67,0.26219260240677306,16,10,0.9723205275952295,1,-0.2090909090909091,8.497905394513871e-4,0.001078615118627078,1.2692717423324305,0.3440009733127698
5076,143.035252854236,16.245892,0.26219260240677306,16,10,0.9723205275952295,1,-0.2090909090909091,3.249003946812671e-4,5.022776338455193e-4,1.5459434401065053,0.6284875377811792
6317,145.050835404205,16.67332,0.26219260240677306,16,10,0.9723205275952295,1,-0.2090909090909091,0.008329664943910773,0.009382947813339081,1.126449608300066,0.17178277608405026
3139,148.050571639821,15.191882,0.26219260240677306,39,10,0.9723205275952295,1,0.2090909090909091,5.552912506257972e-5,4.0593392316498294e-5,0.7310288478478765,-0.4519997559793026
3117,157.050961912032,15.149982,0.26219260240677306,39,10,0.9723205275952295,1,0.2090909090909091,2.3004910867753986e-4,1.6883844152158648e-4,0.7339234761315574,-0.4462984492042583
6499,158.046179555034,16.673094,0.26219260240677306,39,10,0.9723205275952295,1,0.2090909090909091,0.0012412542040248782,9.98607906616955e-4,0.8045152261147469,-0.3138083694857288
6373,159.066629976589,16.640633,0.26219260240677306,16,10,0.9723205275952295,1,-0.2090909090909091,9.651245854393701e-4,0.0013779683324980448,1.4277621286279105,0.5137556401271044
6172,163.061572647912,16.658892,0.26219260240677306,16,10,0.9723205275952295,1,-0.2090909090909091,6.37173326511896e-4,8.518667813194169e-4,1.3369467080218598,0.41894195936926265
6862,165.019728491147,16.894913,0.26219260240677306,16,10,0.9723205275952295,1,-0.2090909090909091,0.0010273217296291632,0.002072804147659961,2.017677702980341,1.0126957416162965
4486,213.088853300061,16.063475,0.26219260240677306,39,10,0.9723205275952295,1,0.2090909090909091,0.00134287047705354,0.0010699752506452352,0.79678216844332,-0.3277427338596979
6137,252.100158670043,16.645685,0.26219260240677306,16,10,0.9723205275952295,1,-0.2090909090909091,3.76160605289186e-4,4.2065657823245307e-4,1.1182898270515576,0.16129413975686094
5677,252.100185442822,16.365358,0.26219260240677306,39,10,0.9723205275952295,1,0.2090909090909091,3.1937128176071804e-4,2.8653017833716e-4,0.8971695161740825,-0.15654749320105282
7138,304.908268052536,17.027042,0.26219260240677306,39,10,0.9723205275952295,1,0.2090909090909091,1.361653790491603e-4,1.129169617274516e-4,0.8292633745519465,-0.27009771956635764
3704,387.156168985832,15.590074,0.26219260240677306,39,10,0.9723205275952295,1,0.2090909090909091,0.001420751901734456,0.0012337700041680601,0.8683922947151237,-0.20358116997713965
6809,393.171842973313,16.92453,0.26219260240677306,39,10,0.9723205275952295,1,0.2090909090909091,7.805837668404151e-4,6.597294554504648e-4,0.8451744495287998,-0.2426789410731788
7168,482.789226409798,17.047228,0.26219260240677306,39,10,0.9723205275952295,1,0.2090909090909091,2.6511838811876006e-4,2.0357806148163355e-4,0.7678760531330651,-0.3810546380573606
6543,491.358787958105,16.869461,0.26219260240677306,39,10,0.9723205275952295,1,0.2090909090909091,1.5296328446269368e-6,1.1645710760469129e-6,0.7613402655007325,-0.39338671391094515
4536,491.35874937872,15.980366,0.26219260240677306,16,10,0.9723205275952295,1,-0.2090909090909091,1.013890184278105e-6,1.5342813823747967e-6,1.513261895781359,0.5976616921466198
7303,117.92740967243,17.192142,0.3080632299071987,38,10,0.9723205275952295,1,0.19090909090909092,0.0014201495204003492,0.0012726128923903702,0.8961119051968643,-0.1582491896227539
3382,122.034727495528,15.429183,0.3080632299071987,38,10,0.9723205275952295,1,0.19090909090909092,2.7855091604241377e-4,2.760398055544719e-4,0.9909850934126545,-0.013064738607168228
3805,130.03987619652,15.683663,0.3080632299071987,38,10,0.9723205275952295,1,0.19090909090909092,0.001591548323841572,8.111446042985309e-4,0.5096575404890282,-0.9723999273954305
5566,141.019561651577,16.40191,0.3080632299071987,38,10,0.9723205275952295,1,0.19090909090909092,0.001031019620278432,6.82043994132558e-4,0.6615237777418519,-0.5961350813709604
5710,145.050839995032,16.378792,0.3080632299071987,17,10,0.9723205275952295,1,-0.19090909090909092,0.003936730218988875,0.007369151265435183,1.8718964357501502,0.9045006188087332
3753,147.066530150242,15.649183,0.3080632299071987,38,10,0.9723205275952295,1,0.19090909090909092,2.664419740328754e-4,3.4894981148571156e-4,1.3096653136290597,0.3891981766033228
5826,155.035301993624,16.46503,0.3080632299071987,17,10,0.9723205275952295,1,-0.19090909090909092,5.534374526769155e-4,6.089579366050249e-4,1.1003193471268757,0.13792229979724124
3292,157.050956258532,15.368418,0.3080632299071987,38,10,0.9723205275952295,1,0.19090909090909092,5.567601344666111e-4,4.301242669027946e-4,0.7725486080551788,-0.37230238595584336
4881,163.061578068187,16.152002,0.3080632299071987,38,10,0.9723205275952295,1,0.19090909090909092,3.9592516179395604e-4,2.8453702901447546e-4,0.7186636679649873,-0.47661134241886544
4842,170.046297448036,16.079144,0.3080632299071987,17,10,0.9723205275952295,1,-0.19090909090909092,2.7056219810231164e-4,4.37692625657588e-4,1.6177153672150346,0.6939577916797612
6461,172.061954042108,16.709583,0.3080632299071987,17,10,0.9723205275952295,1,-0.19090909090909092,0.002126338272114549,0.002845735324958456,1.338326719825486,0.4204303577821692
1795,187.096820970082,7.9884124,0.3080632299071987,38,10,0.9723205275952295,1,0.19090909090909092,0.0068879506508977536,0.006098030795763494,0.885318595447355,-0.17573137036010178
5767,199.073079714347,16.498537,0.3080632299071987,17,10,0.9723205275952295,1,-0.19090909090909092,5.927611160098775e-5,8.45005830216146e-5,1.4255419382165837,0.5115104827462912
7046,225.061217586895,16.977789,0.3080632299071987,38,10,0.9723205275952295,1,0.19090909090909092,8.20186753845991e-4,7.38541050437109e-4,0.900454740306361,-0.15127433133385376
2216,305.08196734169,12.244845,0.3080632299071987,38,10,0.9723205275952295,1,0.19090909090909092,1.153915487567768e-4,1.03011792833549e-4,0.8927152286574994,-0.16372805808983593
3897,309.174107049747,15.71132,0.3080632299071987,38,10,0.9723205275952295,1,0.19090909090909092,1.2970905224131825e-4,1.065849062062344e-4,0.8217229589183772,-0.2832760186973841
2206,327.217766552258,12.1997595,0.3080632299071987,38,10,0.9723205275952295,1,0.19090909090909092,1.5544892862343198e-4,1.407608723181585e-4,0.9055120132680062,-0.14319431360456397
10,336.858788944177,0.038009968,0.3080632299071987,38,10,0.9723205275952295,1,0.19090909090909092,9.856147585138291e-4,7.686346464990011e-4,0.7798530205229434,-0.3587258510966985
7391,336.858824795096,17.394886,0.3080632299071987,38,10,0.9723205275952295,1,0.19090909090909092,0.001446656017378584,0.0011041055135977908,0.7632121944223392,-0.38984387232264917
6276,339.199793222385,16.910164,0.3080632299071987,38,10,0.9723205275952295,1,0.19090909090909092,0.00566333885137842,0.004146984499890278,0.7322508168270611,-0.44959019745299267
7147,340.854293550586,17.032932,0.3080632299071987,38,10,0.9723205275952295,1,0.19090909090909092,3.0262047389944e-4,2.575405245417803e-4,0.8510347010670545,-0.23271013567098356
5371,353.200356389703,16.332447,0.3080632299071987,38,10,0.9723205275952295,1,0.19090909090909092,4.751307455460793e-5,3.2389981027735905e-5,0.6817066950805155,-0.5527769429839472
2238,387.28662962475,12.492692,0.3080632299071987,38,10,0.9723205275952295,1,0.19090909090909092,1.8468936917185203e-4,1.6336310493374401e-4,0.8845290103391706,-0.17701863440677795
90,394.890578077612,0.5539402,0.3080632299071987,38,10,0.9723205275952295,1,0.19090909090909092,7.162815312776772e-5,6.595512619299903e-5,0.9207989221130782,-0.11904195023458088
7151,484.789580350338,17.03522,0.3080632299071987,38,10,0.9723205275952295,1,0.19090909090909092,2.08746688636118e-4,1.7673398533296086e-4,0.846643300009607,-0.2401738203679535
4034,83.0236171556156,15.898128,0.3589514358526263,18,10,0.9723205275952295,1,-0.17272727272727273,0.0074722145951234414,0.009611039490399336,1.2862370811287656,0.36315658686846614
3564,83.0236203032718,15.6313,0.3589514358526263,18,10,0.9723205275952295,1,-0.17272727272727273,0.004922725444183269,0.0059395983204138195,1.2065670506633872,0.27090809041623626
6267,83.0236220138386,16.636652,0.3589514358526263,18,10,0.9723205275952295,1,-0.17272727272727273,0.006933684701758201,0.008514115379006724,1.227935180964858,0.2962344071505383
5283,107.034999540565,16.291113,0.3589514358526263,18,10,0.9723205275952295,1,-0.17272727272727273,0.0024538313260667336,0.0027450916280241083,1.1186961381018141,0.1618182225654623
5520,108.018976070027,16.447096,0.3589514358526263,37,10,0.9723205275952295,1,0.17272727272727273,4.20256991715256e-4,3.385841495057291e-4,0.8056597657633638,-0.3117573850131235
5696,120.019069793086,16.413633,0.3589514358526263,18,10,0.9723205275952295,1,-0.17272727272727273,5.564018706000611e-4,6.57736884359871e-4,1.1821255806536441,0.24138330536531888
6990,120.055451668566,16.937904,0.3589514358526263,37,10,0.9723205275952295,1,0.17272727272727273,4.483749192472601e-4,3.7076749498642645e-4,0.8269139933359287,-0.2741908112469409
3044,130.039872940493,15.151573,0.3589514358526263,37,10,0.9723205275952295,1,0.17272727272727273,3.1371407179738297e-4,2.73897964036723e-4,0.8730815371700132,-0.1958117013101225
3133,132.055545951462,15.161526,0.3589514358526263,37,10,0.9723205275952295,1,0.17272727272727273,2.2864736548520217e-4,1.5859003832630248e-4,0.6936009867848938,-0.5278221438064783
6599,141.019553388237,16.644735,0.3589514358526263,37,10,0.9723205275952295,1,0.17272727272727273,0.001166782816006809,4.6845187752806794e-4,0.40149020974725613,-1.3165632865253225
5609,143.035253468391,16.414982,0.3589514358526263,18,10,0.9723205275952295,1,-0.17272727272727273,2.2020482541508084e-4,4.725770143914133e-4,2.1460792855043795,1.1017033765096356
4872,145.050839493421,16.141773,0.3589514358526263,37,10,0.9723205275952295,1,0.17272727272727273,0.0071790496630430144,0.003843386971285709,0.5353615243910426,-0.9014146364556422
3129,145.050899763861,15.152887,0.3589514358526263,37,10,0.9723205275952295,1,0.17272727272727273,5.81526966388062e-4,5.119805828852851e-4,0.8804072940336054,-0.1837569971107323
5061,158.046190751484,16.10224,0.3589514358526263,18,10,0.9723205275952295,1,-0.17272727272727273,0.001435387637660238,0.0015229568230664858,1.061007342622088,0.08543464035052778
5705,163.061581490475,16.406225,0.3589514358526263,18,10,0.9723205275952295,1,-0.17272727272727273,4.935371174949617e-4,5.695392513485453e-4,1.1539947678896905,0.20663668294638618
3268,172.061958878157,15.450867,0.3589514358526263,18,10,0.9723205275952295,1,-0.17272727272727273,2.9525011739551995e-4,4.67674623004518e-4,1.583994706352704,0.663567513996144
4058,172.061964813706,15.84602,0.3589514358526263,37,10,0.9723205275952295,1,0.17272727272727273,0.002634970607844588,0.0020896978732114655,0.7930630675690319,-0.3344924954762041
2065,215.128386843288,10.627636,0.3589514358526263,37,10,0.9723205275952295,1,0.17272727272727273,9.588062316805351e-4,8.67836984792379e-4,0.9051223866904673,-0.1438152145881123
3476,223.073278877416,15.479487,0.3589514358526263,37,10,0.9723205275952295,1,0.17272727272727273,1.836707464685421e-5,1.1372465038011289e-5,0.6191767201185241,-0.6915768650086095
4864,238.084368472188,16.119438,0.3589514358526263,18,10,0.9723205275952295,1,-0.17272727272727273,7.923516092783769e-5,1.1982628622497569e-4,1.51228677801394,0.5967317466935966
5819,239.104752685004,16.513298,0.3589514358526263,18,10,0.9723205275952295,1,-0.17272727272727273,6.216049669924312e-5,8.093936299550009e-5,1.3021028996456783,0.38084346305237965
3285,311.168638632405,15.357674,0.3589514358526263,37,10,0.9723205275952295,1,0.17272727272727273,0.00185365841672024,0.001555902843460092,0.8393686935120549,-0.2526234398088619
6961,461.159150015868,16.93301,0.3589514358526263,37,10,0.9723205275952295,1,0.17272727272727273,5.9434581447091186e-5,3.774866913908872e-5,0.6351297211151841,-0.6548768118271393
7150,486.787714291644,17.032167,0.3589514358526263,37,10,0.9723205275952295,1,0.17272727272727273,9.467774309715967e-5,7.94511158342829e-5,0.8391741631689406,-0.252957834562565
5625,109.039395718485,16.426043,0.4148230671847746,36,10,0.9723205275952295,1,0.15454545454545454,4.249478928953724e-4,3.7226504568206885e-4,0.8760251595687409,-0.19095579005656144
6988,112.984331756441,16.957169,0.4148230671847746,36,10,0.9723205275952295,1,0.15454545454545454,0.005873520050724912,0.0054729653205381505,0.9318032922800145,-0.10190266705136004
6971,116.024098856242,16.918753,0.4148230671847746,36,10,0.9723205275952295,1,0.15454545454545454,1.67510008031892e-4,1.525070990721432e-4,0.9104357456845659,-0.13537089279046674
3125,120.055445713073,15.183693,0.4148230671847746,36,10,0.9723205275952295,1,0.15454545454545454,1.325306237499422e-4,9.760093216107019e-5,0.7364406006661744,-0.4413589288661826
7005,121.05071066762,16.96348,0.4148230671847746,36,10,0.9723205275952295,1,0.15454545454545454,6.70424024177683e-4,4.82301639909473e-4,0.7193979071693412,-0.47513813241268615
6078,122.034721132428,16.647518,0.4148230671847746,36,10,0.9723205275952295,1,0.15454545454545454,0.0012547261705595733,0.001029180511582228,0.8202431221493067,-0.28587650328806025
4163,131.035124960022,16.018023,0.4148230671847746,19,10,0.9723205275952295,1,-0.15454545454545454,0.011617115538216188,0.014686972264913698,1.264252922044097,0.3382851129430743
4777,135.066445989628,16.08089,0.4148230671847746,19,10,0.9723205275952295,1,-0.15454545454545454,7.48462330563772e-4,0.0010132345404091129,1.3537548905713181,0.4369665497192854
2377,137.034514957473,13.191259,0.4148230671847746,19,10,0.9723205275952295,1,-0.15454545454545454,5.47683216907703e-5,1.2242792042964205e-4,2.235378347375467,1.1605190344004688
7167,146.937576208944,17.04493,0.4148230671847746,36,10,0.9723205275952295,1,0.15454545454545454,0.004165390424670274,0.003869823761882443,0.9290422667135151,-0.10618386147548645
5017,155.035304762369,16.227299,0.4148230671847746,36,10,0.9723205275952295,1,0.15454545454545454,0.0012218503957854739,6.999869079595945e-4,0.5728908468451277,-0.8036678070677367
6855,157.050961624234,16.878578,0.4148230671847746,36,10,0.9723205275952295,1,0.15454545454545454,6.36507597701822e-4,5.43839531247408e-4,0.8544116884244558,-0.22699671153622225
5922,169.051055512303,16.516685,0.4148230671847746,36,10,0.9723205275952295,1,0.15454545454545454,3.8423285631087543e-4,2.9480333818207566e-4,0.7672517676196747,-0.38222803046383114
6341,184.062043231656,16.665089,0.4148230671847746,19,10,0.9723205275952295,1,-0.15454545454545454,5.88270499982724e-4,9.06549067159379e-4,1.5410411829014068,0.6239054170595282
7164,190.927784517993,17.043293,0.4148230671847746,36,10,0.9723205275952295,1,0.15454545454545454,0.008203418886846066,0.007629827941469857,0.9300790373759965,-0.10457477438142108
4110,198.077822827488,15.839209,0.4148230671847746,19,10,0.9723205275952295,1,-0.15454545454545454,5.485224017796871e-4,6.904057012154463e-4,1.2586645485679662,0.3318938361927963
6975,198.077845583929,16.93379,0.4148230671847746,36,10,0.9723205275952295,1,0.15454545454545454,1.579187800067346e-4,1.0732577567378209e-4,0.6796264235906906,-0.5571861498958728
4659,210.077937061296,16.06532,0.4148230671847746,19,10,0.9723205275952295,1,-0.15454545454545454,2.469858703483119e-4,2.95652422387766e-4,1.1970418468506807,0.2594735876938447
6080,223.073282667676,16.533363,0.4148230671847746,36,10,0.9723205275952295,1,0.15454545454545454,1.6520816131603005e-4,9.493723514514222e-5,0.5746522108162372,-0.7992390180215954
7162,336.858881116837,17.04177,0.4148230671847746,36,10,0.9723205275952295,1,0.15454545454545454,0.0025357767009994317,0.002236362665692327,0.8819241318886258,-0.1812735425692562
2457,377.061924287292,13.559451,0.4148230671847746,36,10,0.9723205275952295,1,0.15454545454545454,1.4460138714452363e-6,1.265188526082977e-6,0.8749490935508584,-0.19272901464891756
2273,413.218236178724,12.620068,0.4148230671847746,36,10,0.9723205275952295,1,0.15454545454545454,1.4454318589098988e-6,1.1017979493474858e-6,0.7622621174120436,-0.39164091545579877
2995,83.0236263641424,14.965072,0.4755326595969013,35,10,0.9723205275952295,1,0.13636363636363635,8.319640123333043e-4,7.32971771024204e-4,0.881013794056465,-0.18276348725011532
6723,106.039693697103,16.65259,0.4755326595969013,20,10,0.9723205275952295,1,-0.13636363636363635,0.08153671325633596,0.08874176890408146,1.088365784687619,0.12216350793562492
4929,107.034989531831,16.056097,0.4755326595969013,35,10,0.9723205275952295,1,0.13636363636363635,0.0036965727937508875,0.003766277507115843,1.0188565780397434,0.026950981127343916
6456,108.01897619817,16.653759,0.4755326595969013,35,10,0.9723205275952295,1,0.13636363636363635,5.915598775779981e-4,5.07715967861529e-4,0.8582664022790929,-0.22050257118069483
4836,121.050702579661,16.06177,0.4755326595969013,35,10,0.9723205275952295,1,0.13636363636363635,0.0017804449304279191,0.0016191863470851082,0.909427929734365,-0.13696878305198124
6685,130.039878719381,16.842545,0.4755326595969013,35,10,0.9723205275952295,1,0.13636363636363635,0.001027956897416182,8.22764607934932e-4,0.8003882361244811,-0.3212281318036216
5838,130.03987983269,16.453112,0.4755326595969013,20,10,0.9723205275952295,1,-0.13636363636363635,0.00310550339433865,0.003909296732005888,1.258828677866705,0.33208195072133145
6624,132.055543116573,16.85475,0.4755326595969013,35,10,0.9723205275952295,1,0.13636363636363635,5.62475311360882e-4,7.659285648675021e-4,1.3617105487072398,0.44542007021937174
4025,133.050780924886,15.8609705,0.4755326595969013,20,10,0.9723205275952295,1,-0.13636363636363635,0.001491847762050295,0.0019504606327698897,1.3074126478490729,0.3867145589197651
5760,134.03481641564,16.393234,0.4755326595969013,20,10,0.9723205275952295,1,-0.13636363636363635,6.593803563192032e-4,8.072454851644499e-4,1.2242486107269865,0.29189655888235455
5937,140.02429361245,16.57514,0.4755326595969013,35,10,0.9723205275952295,1,0.13636363636363635,2.11468011227461e-4,1.8713214848070398e-4,0.8849194135533782,-0.17638201478834933
6834,147.030135464421,16.756649,0.4755326595969013,20,10,0.9723205275952295,1,-0.13636363636363635,3.23192517370008e-4,3.4085968924336084e-4,1.0546645448883538,0.076784196672865
4046,148.05055485564301,15.768782,0.4755326595969013,20,10,0.9723205275952295,1,-0.13636363636363635,3.7284025035790144e-4,5.11182614638246e-4,1.3710499715294828,0.4552811548982712
5711,158.046190020514,16.41558,0.4755326595969013,20,10,0.9723205275952295,1,-0.13636363636363635,5.628805545563298e-4,7.04897856001401e-4,1.2523045081154227,0.32458540806326314
6269,169.051054768353,16.723581,0.4755326595969013,20,10,0.9723205275952295,1,-0.13636363636363635,3.05995948931258e-4,3.741450836466118e-4,1.2227125390168598,0.29008526463276996
4652,172.061970153599,16.064089,0.4755326595969013,20,10,0.9723205275952295,1,-0.13636363636363635,0.0026954378362002715,0.0031238849506098963,1.1589526972781543,0.212821683863895
4666,173.082401576982,16.062399,0.4755326595969013,20,10,0.9723205275952295,1,-0.13636363636363635,4.0422811857310085e-4,4.81113924196438e-4,1.1902040013810495,0.25120887316075036
4112,175.061651765366,15.779885,0.4755326595969013,20,10,0.9723205275952295,1,-0.13636363636363635,6.298910563047342e-5,9.042266002097186e-5,1.43552855872312,0.521582032125297
7088,175.061721771399,16.985147,0.4755326595969013,35,10,0.9723205275952295,1,0.13636363636363635,8.65731549802743e-5,6.10536029237552e-5,0.7052255741132025,-0.5038433017702528
6046,183.933535701153,16.743097,0.4755326595969013,35,10,0.9723205275952295,1,0.13636363636363635,0.0062191303999062485,0.0057332123765744996,0.9218672077789084,-0.11736914518323016
4903,186.112763822176,16.047865,0.4755326595969013,35,10,0.9723205275952295,1,0.13636363636363635,1.2455498692659945e-4,1.045749432599045e-4,0.8395885691957944,-0.2522455700829287
7376,190.92775930287,17.40301,0.4755326595969013,35,10,0.9723205275952295,1,0.13636363636363635,0.012952640566416318,0.012541380519036064,0.9682489415751587,-0.046550075690393176
6978,213.088845181797,16.92468,0.4755326595969013,35,10,0.9723205275952295,1,0.13636363636363635,1.8313555162103166e-4,1.4631877580619456e-4,0.7989643436844898,-0.32379697513512273
2098,227.128513783384,11.202834,0.4755326595969013,35,10,0.9723205275952295,1,0.13636363636363635,2.5994296880093405e-4,2.23919136068911e-4,0.861416398765491,-0.21521730649164386
4322,238.084375565012,16.014404,0.4755326595969013,20,10,0.9723205275952295,1,-0.13636363636363635,1.526603588193174e-4,1.869679870913276e-4,1.2247317413462608,0.29246578366766635
6429,239.10472912482,16.699879,0.4755326595969013,20,10,0.9723205275952295,1,-0.13636363636363635,6.761615565619405e-5,1.1867025992091499e-4,1.7550577782669912,0.8115185262832011
2375,301.057852256771,13.190423,0.4755326595969013,20,10,0.9723205275952295,1,-0.13636363636363635,4.472808333978079e-5,1.0691388916238143e-4,2.390307859833848,1.2571964421609736
6906,309.174086325702,16.912884,0.4755326595969013,35,10,0.9723205275952295,1,0.13636363636363635,2.7431606937755197e-4,2.241476368690431e-4,0.8171144963459648,-0.29138984792765055
2312,331.249105110585,12.812348,0.4755326595969013,35,10,0.9723205275952295,1,0.13636363636363635,2.0129144507846403e-4,1.8567063920487398e-4,0.9223970702406106,-0.11654016424379061
7146,338.859125547296,17.031294,0.4755326595969013,35,10,0.9723205275952295,1,0.13636363636363635,0.001015973899881175,9.268971398974129e-4,0.9123237713152077,-0.13238218675093927
2392,601.323035535576,13.269417,0.4755326595969013,35,10,0.9723205275952295,1,0.13636363636363635,2.72056839931305e-4,2.4758185105899e-4,0.9100372228152948,-0.1360025385070591
3537,92.0239935207597,15.563347,0.5408179042426178,34,10,0.9723205275952295,1,0.11818181818181817,8.83781760429987e-4,8.261044075584971e-4,0.9347380140053715,-0.09736602813087976
6698,93.0080087045266,16.673315,0.5408179042426178,34,10,0.9723205275952295,1,0.11818181818181817,6.554517845622411e-4,6.335420643580331e-4,0.9665731016067934,-0.049049247771675936
5776,107.034998993128,16.478008,0.5408179042426178,21,10,0.9723205275952295,1,-0.11818181818181817,0.00144313549284967,0.001919668276202709,1.330206543816658,0.4116502732489218
7069,107.035010450969,16.97614,0.5408179042426178,34,10,0.9723205275952295,1,0.11818181818181817,9.792769673974738e-4,8.700659661966152e-4,0.888477923164988,-0.17059216616980966
2938,116.919923163272,14.917061,0.5408179042426178,34,10,0.9723205275952295,1,0.11818181818181817,0.0013171817994405272,0.001205055636174559,0.9148741932863074,-0.12835472657341393
5816,118.039784284839,16.452997,0.5408179042426178,34,10,0.9723205275952295,1,0.11818181818181817,0.0013268693440777954,9.950621379507239e-4,0.7499322690602328,-0.4151677919500516
5411,121.050703003086,16.294344,0.5408179042426178,21,10,0.9723205275952295,1,-0.11818181818181817,0.0013585908003659769,0.001480372886844817,1.0896385331374498,0.12384962772046736
5211,122.034725790695,16.154324,0.5408179042426178,34,10,0.9723205275952295,1,0.11818181818181817,7.7510951402036e-4,6.22935720419669e-4,0.8036744603850989,-0.3153168590245009
5327,131.035127978337,16.24896,0.5408179042426178,34,10,0.9723205275952295,1,0.11818181818181817,0.006206291860661063,0.004663646692155283,0.751438507382496,-0.412273046266874
3441,134.034813805364,15.422277,0.5408179042426178,21,10,0.9723205275952295,1,-0.11818181818181817,2.7809934311632693e-4,3.181367621004564e-4,1.1439680458625971,0.19404675428464924
4224,147.066531551747,15.898864,0.5408179042426178,34,10,0.9723205275952295,1,0.11818181818181817,0.001799474610563931,0.001289965142343083,0.7168565395534119,-0.48024366547665437
6686,157.050954866144,16.686121,0.5408179042426178,21,10,0.9723205275952295,1,-0.11818181818181817,0.00334000055299968,0.00445521866337891,1.333897582555082,0.4156478997967268
4189,161.082274485416,15.845567,0.5408179042426178,21,10,0.9723205275952295,1,-0.11818181818181817,1.9037882730263772e-4,2.307141980606409e-4,1.2118689947274632,0.27723374924625105
6790,170.046264419889,16.717396,0.5408179042426178,21,10,0.9723205275952295,1,-0.11818181818181817,3.425768039886488e-4,3.0630661862052905e-4,0.8941253904355954,-0.16145092849614173
5669,171.066715688952,16.432941,0.5408179042426178,21,10,0.9723205275952295,1,-0.11818181818181817,0.0012302399615276135,0.001136514029803447,0.9238149185076177,-0.11432425071040146
73,174.955223480807,0.51881945,0.5408179042426178,21,10,0.9723205275952295,1,-0.11818181818181817,1.5603560915210786e-4,4.0792009251671964e-4,2.6142756434466685,1.3864112637301833
7163,174.955333655479,17.041441,0.5408179042426178,34,10,0.9723205275952295,1,0.11818181818181817,0.001706746615536978,0.0015612682006278871,0.9147627342074323,-0.12853050074821082
6338,182.046371118536,16.745245,0.5408179042426178,21,10,0.9723205275952295,1,-0.11818181818181817,3.265422503265896e-4,4.0858213504845213e-4,1.2512381924232185,0.3233564548252303
4644,186.077730814253,16.058588,0.5408179042426178,21,10,0.9723205275952295,1,-0.11818181818181817,0.0017802483565260141,0.001759751205967009,0.9884863533316198,-0.016707046096964613
3322,186.077732384512,15.385044,0.5408179042426178,34,10,0.9723205275952295,1,0.11818181818181817,2.5364102523560314e-4,1.4428807269077588e-4,0.5688672507010606,-0.8138360664318414
4310,196.062163393441,16.071083,0.5408179042426178,21,10,0.9723205275952295,1,-0.11818181818181817,4.5895599434331893e-4,5.41261026495319e-4,1.1793309885183292,0.23796867885921522
3949,200.093479493439,15.726653,0.5408179042426178,21,10,0.9723205275952295,1,-0.11818181818181817,1.2362954250898185e-4,1.8374724232279703e-4,1.486272929542286,0.5716990673850744
6390,211.073181380128,16.693748,0.5408179042426178,21,10,0.9723205275952295,1,-0.11818181818181817,3.4067385672282603e-4,4.1888324189478496e-4,1.2295726062583971,0.29815692858683085
4472,225.088977089114,16.07421,0.5408179042426178,21,10,0.9723205275952295,1,-0.11818181818181817,4.922122517616811e-4,5.356876228654649e-4,1.0883264708429763,0.12211139410229248
2837,299.095561489451,14.728737,0.5408179042426178,34,10,0.9723205275952295,1,0.11818181818181817,9.115030140234226e-5,8.061189577826986e-5,0.8843843030473885,-0.17725467592573813
4305,309.174141485331,16.038387,0.5408179042426178,34,10,0.9723205275952295,1,0.11818181818181817,0.0024799961176572667,0.0021349773386619914,0.8608793068106905,-0.21611710543128163
6114,325.184189802769,16.618431,0.5408179042426178,34,10,0.9723205275952295,1,0.11818181818181817,0.0019660133945821915,0.0016656320242265806,0.8472129583738433,-0.23920343893918533
2119,329.233378851208,11.45605,0.5408179042426178,34,10,0.9723205275952295,1,0.11818181818181817,0.0012928668919115686,0.0012079038414799122,0.9342832189738928,-0.09806813952256198
6934,337.184462841954,16.911425,0.5408179042426178,34,10,0.9723205275952295,1,0.11818181818181817,1.111485114788231e-4,6.748602218547311e-5,0.607169824297027,-0.7198280027815818
7256,377.085643302424,17.170242,0.5408179042426178,34,10,0.9723205275952295,1,0.11818181818181817,2.25292996485597e-4,2.11335227502545e-4,0.9380461479016978,-0.09226919590871681
7109,377.085752421442,17.00229,0.5408179042426178,34,10,0.9723205275952295,1,0.11818181818181817,6.611108039406116e-5,6.158639434619253e-5,0.9315593389050848,-0.10228042532593289
7113,387.114668338311,17.00316,0.5408179042426178,34,10,0.9723205275952295,1,0.11818181818181817,0.001243068992156292,0.001159914963264459,0.9331058618495586,-0.0998873292427337
3153,387.156212641677,15.205737,0.5408179042426178,34,10,0.9723205275952295,1,0.11818181818181817,8.012182955899332e-4,7.408572734771791e-4,0.9246634500921992,-0.1129997316725867
7118,404.104712089321,17.005531,0.5408179042426178,34,10,0.9723205275952295,1,0.11818181818181817,2.61604184468155e-4,2.3921145712398306e-4,0.9144022585506547,-0.1290991279099875
2242,467.279628269696,12.49661,0.5408179042426178,34,10,0.9723205275952295,1,0.11818181818181817,1.1346627311969205e-4,1.0676218709499305e-4,0.9409156056652441,-0.08786276699031746
2247,514.132947836007,12.5125,0.5408179042426178,21,10,0.9723205275952295,1,-0.11818181818181817,1.2772509713929828e-6,1.4735412133600772e-6,1.1536818106726654,0.20624537869519713
5659,669.457951104086,16.43868,0.5408179042426178,34,10,0.9723205275952295,1,0.11818181818181817,6.165531953894162e-5,5.6505443814016864e-5,0.9164731321898011,-0.12583550831174026
3407,83.0236221481593,15.403147,0.6102986559765544,22,10,0.9723205275952295,1,-0.09999999999999998,0.001992391286567926,0.00232598871978476,1.1674357017448544,0.22334309355094306
6929,83.0236292012907,16.899805,0.6102986559765544,33,10,0.9723205275952295,1,0.09999999999999998,0.0029297717659643834,0.002665584774103347,0.9098267670778529,-0.13633621558597672
5890,92.0239967305958,16.47494,0.6102986559765544,22,10,0.9723205275952295,1,-0.09999999999999998,0.0014035551991554989,0.001678733574884289,1.1960581072225456,0.2582874806442312
4014,106.039694832597,15.965446,0.6102986559765544,33,10,0.9723205275952295,1,0.09999999999999998,0.11477355670858964,0.11063162626504883,0.9639121539636766,-0.05302642230741866
6517,107.034996313243,16.690554,0.6102986559765544,22,10,0.9723205275952295,1,-0.09999999999999998,0.003158421944487484,0.003325133465412561,1.0527831695242762,0.07420833050992832
4133,109.03938577152,15.837658,0.6102986559765544,33,10,0.9723205275952295,1,0.09999999999999998,7.738156697937289e-4,6.91118911705789e-4,0.8931311921998376,-0.16305598624360587
3041,109.039392301827,15.123617,0.6102986559765544,22,10,0.9723205275952295,1,-0.09999999999999998,2.3090872382323488e-4,2.6349476537601915e-4,1.1411208767397178,0.1904516216321305
3416,110.034654608745,15.432622,0.6102986559765544,33,10,0.9723205275952295,1,0.09999999999999998,4.789315744178664e-4,3.63810012453501e-4,0.7596283725826726,-0.3966343028545682
4092,116.024116326713,15.858254,0.6102986559765544,22,10,0.9723205275952295,1,-0.09999999999999998,7.27307149248844e-4,9.587353736890067e-4,1.3181987481893715,0.3985679055586889
6554,124.01397729965,16.776573,0.6102986559765544,33,10,0.9723205275952295,1,0.09999999999999998,3.125521907608365e-4,2.717338204640841e-4,0.8694030261077695,-0.20190297771273213
6031,130.039874634974,16.691254,0.6102986559765544,33,10,0.9723205275952295,1,0.09999999999999998,0.005244866275359153,0.004008415273306514,0.7642549996247577,-0.38787400988142867
3443,132.055539690711,15.423544,0.6102986559765544,33,10,0.9723205275952295,1,0.09999999999999998,3.5226111550951497e-4,3.044640170697515e-4,0.8643134415485253,-0.21037349712485143
3643,134.03481295507,15.6767845,0.6102986559765544,22,10,0.9723205275952295,1,-0.09999999999999998,5.84002803239706e-4,7.351395412743278e-4,1.258794542074462,0.3320428284747627
5044,141.019560259491,16.290783,0.6102986559765544,22,10,0.9723205275952295,1,-0.09999999999999998,5.6008451669661e-4,7.95023169836934e-4,1.4194700016454607,0.5053523602038065
3392,145.050864359554,15.389235,0.6102986559765544,33,10,0.9723205275952295,1,0.09999999999999998,0.001384072034195818,0.0010575497005028628,0.764085737139633,-0.388193564471609
6449,145.922522953784,16.876688,0.6102986559765544,22,10,0.9723205275952295,1,-0.09999999999999998,0.00988712806235843,0.011162534128688003,1.1289966164376093,0.17504116241206846
5287,147.066534457067,16.321135,0.6102986559765544,22,10,0.9723205275952295,1,-0.09999999999999998,0.0016525296145982772,0.0023749981698253553,1.437189475362417,0.5232502755361798
7074,148.050593735498,16.98354,0.6102986559765544,33,10,0.9723205275952295,1,0.09999999999999998,2.326150365850951e-4,2.253479369580795e-4,0.9687591149149244,-0.0457901154395032
5684,157.050964507942,16.429167,0.6102986559765544,22,10,0.9723205275952295,1,-0.09999999999999998,0.0021793081784923654,0.0029158640445740343,1.3379769200844347,0.4200532299054462
4141,158.046186215076,15.870075,0.6102986559765544,33,10,0.9723205275952295,1,0.09999999999999998,6.255758637162439e-4,5.236205842579199e-4,0.8370217181132006,-0.25666303817181924
3673,159.066642979146,15.616761,0.6102986559765544,33,10,0.9723205275952295,1,0.09999999999999998,2.4263923209763097e-4,2.1842913458996715e-4,0.900221834291322,-0.1516475381156867
3093,159.066680777414,15.169439,0.6102986559765544,33,10,0.9723205275952295,1,0.09999999999999998,4.616274473591972e-5,4.327788337579496e-5,0.9375067193983372,-0.09309906411636826
6731,163.061614107089,16.969725,0.6102986559765544,33,10,0.9723205275952295,1,0.09999999999999998,4.54532744547305e-4,3.9110653362784493e-4,0.8604584341164907,-0.21682259273505755
4927,183.066799014016,16.12371,0.6102986559765544,33,10,0.9723205275952295,1,0.09999999999999998,1.0699303810410234e-4,6.0416429888780246e-5,0.5646762720205788,-0.824504085061801
6948,186.077739505834,16.90869,0.6102986559765544,33,10,0.9723205275952295,1,0.09999999999999998,2.8782324384022523e-4,2.41536931101007e-4,0.8391849382223194,-0.2529393103789593
4459,211.073201359281,16.070013,0.6102986559765544,33,10,0.9723205275952295,1,0.09999999999999998,5.100506349376311e-4,4.8296946355561206e-4,0.9469049354573776,-0.07870850132519203
3921,227.104618701704,15.720992,0.6102986559765544,22,10,0.9723205275952295,1,-0.09999999999999998,8.234690163694052e-5,9.121408197250449e-5,1.1076808010902282,0.14754220175748653
2164,229.144200021251,11.832916,0.6102986559765544,22,10,0.9723205275952295,1,-0.09999999999999998,2.7069600665046903e-4,2.9129493289952504e-4,1.076096158580034,0.10580700104334076
5575,237.089093405743,16.399765,0.6102986559765544,22,10,0.9723205275952295,1,-0.09999999999999998,2.051634130009508e-4,2.0993996845236826e-4,1.0232817117903732,0.03320337700214823
1904,242.974313910066,8.968483,0.6102986559765544,33,10,0.9723205275952295,1,0.09999999999999998,1.447940148450898e-6,1.21533021591522e-6,0.8393511411472778,-0.2526536088806723
7081,264.072523973459,16.988997,0.6102986559765544,33,10,0.9723205275952295,1,0.09999999999999998,1.5772615562200802e-4,1.4379676811116475e-4,0.9116862548515723,-0.13339067010884775
2333,269.121774197577,12.937054,0.6102986559765544,33,10,0.9723205275952295,1,0.09999999999999998,0.001447522272715532,0.001218212065993472,0.8415843327288656,-0.24882024779607614
2456,309.074485847104,13.559451,0.6102986559765544,22,10,0.9723205275952295,1,-0.09999999999999998,9.57445360983643e-7,1.1636378132020508e-6,1.2153568867956848,0.2813800201737678
2555,315.253985611679,13.739528,0.6102986559765544,33,10,0.9723205275952295,1,0.09999999999999998,9.77188107264841e-4,9.34540846990826e-4,0.9563571640332534,-0.06437858280184669
7155,320.886449023244,17.039587,0.6102986559765544,33,10,0.9723205275952295,1,0.09999999999999998,6.37572146161464e-4,5.88201941556212e-4,0.922565305114899,-0.11627705685173186
3069,342.170998499423,15.032263,0.6102986559765544,33,10,0.9723205275952295,1,0.09999999999999998,2.1927660680962001e-4,2.0841737658778198e-4,0.9504770236103378,-0.07327634263117959
2425,389.171920200434,13.417699,0.6102986559765544,33,10,0.9723205275952295,1,0.09999999999999998,8.5158851831504e-5,8.193247175293797e-5,0.9621133915127252,-0.05572115958990712
7099,426.125524690466,16.998207,0.6102986559765544,33,10,0.9723205275952295,1,0.09999999999999998,7.385677510508434e-5,6.805547956641734e-5,0.9214520870913623,-0.11801894315266974
6027,491.358814095105,16.583855,0.6102986559765544,33,10,0.9723205275952295,1,0.09999999999999998,1.2359377167110805e-6,8.975346845393567e-7,0.726197341827031,-0.4615664455809399
132,530.865463245887,0.55501366,0.6102986559765544,33,10,0.9723205275952295,1,0.09999999999999998,1.307632932407874e-5,1.2101230524664162e-5,0.9254302354087218,-0.11180385986827264
3812,90.0083348867528,15.858132,0.6834809022014257,32,10,0.9723205275952295,1,0.08181818181818179,0.001685102494638345,0.0016274856770928908,0.9658081228122448,-0.050191497713857516
4374,93.0080111058288,15.911882,0.6834809022014257,23,10,0.9723205275952295,1,-0.08181818181818185,4.1917981077443803e-4,4.302312085214141e-4,1.026364336885783,0.03754294704072243
2771,106.03969566511999,14.728031,0.6834809022014257,32,10,0.9723205275952295,1,0.08181818181818179,0.002674442184901263,0.002732085220491619,1.0215532928383284,0.030764469179356758
2904,106.039694584803,14.862858,0.6834809022014257,23,10,0.9723205275952295,1,-0.08181818181818185,0.002667981108150598,0.0031202591639722154,1.1695207115372452,0.22591741121363146
3731,110.034648575623,15.630476,0.6834809022014257,23,10,0.9723205275952295,1,-0.08181818181818185,8.60820297729571e-4,0.0011539842480006207,1.3405634730550324,0.42283952972241934
6724,118.039770228335,16.699055,0.6834809022014257,23,10,0.9723205275952295,1,-0.08181818181818185,0.001606047078889812,0.0017069585086285897,1.062832174140582,0.08791380698177856
5328,120.019072082576,16.209986,0.6834809022014257,23,10,0.9723205275952295,1,-0.08181818181818185,5.26574252304349e-4,5.68351288496149e-4,1.0793374077995248,0.11014593105990977
4794,120.0554488254,16.171179,0.6834809022014257,23,10,0.9723205275952295,1,-0.08181818181818185,0.0017081806560208432,0.0020753486593655833,1.2149468219597142,0.28089316866728264
3410,121.050692909369,15.435498,0.6834809022014257,32,10,0.9723205275952295,1,0.08181818181818179,4.2093457880932293e-4,2.9960906728463516e-4,0.7117710978559297,-0.49051474285798735
4635,128.03410707055,16.046707,0.6834809022014257,23,10,0.9723205275952295,1,-0.08181818181818185,2.6854616641205697e-4,2.80529734011424e-4,1.0446238639689962,0.06298356692779798
2957,131.035210637125,14.927102,0.6834809022014257,23,10,0.9723205275952295,1,-0.08181818181818185,2.2451685352065098e-4,2.489938656151957e-4,1.1090208227610554,0.14928645351773784
3977,135.066441245301,15.844443,0.6834809022014257,32,10,0.9723205275952295,1,0.08181818181818179,7.965945375740989e-4,6.87469936262589e-4,0.8630111102144493,-0.2125489624262211
4024,144.055638501622,15.755612,0.6834809022014257,23,10,0.9723205275952295,1,-0.08181818181818185,2.4012693522435942e-4,3.367990922385538e-4,1.4025877268781615,0.48809100910426895
5267,144.055636647032,16.349129,0.6834809022014257,32,10,0.9723205275952295,1,0.08181818181818179,5.184169274991868e-4,3.6272732423948343e-4,0.6996826395875209,-0.5152273987066172
3739,145.050845258877,15.616678,0.6834809022014257,32,10,0.9723205275952295,1,0.08181818181818179,0.001571112857257045,0.0011858625655061079,0.754791458823949,-0.40584999730943205
3966,161.045960855144,15.7255945,0.6834809022014257,23,10,0.9723205275952295,1,-0.08181818181818185,1.2716121065802088e-4,1.4239237667524772e-4,1.1197783973462516,0.16321325310240994
4989,161.082283609317,16.070335,0.6834809022014257,23,10,0.9723205275952295,1,-0.08181818181818185,5.16253927562659e-4,5.009454848172869e-4,0.9703470677353558,-0.043427241047363695
3255,163.061580007217,15.303174,0.6834809022014257,32,10,0.9723205275952295,1,0.08181818181818179,2.403335568884119e-4,1.8512792883894892e-4,0.7702957973734178,-0.3765155406940035
5319,169.051064304807,16.285364,0.6834809022014257,23,10,0.9723205275952295,1,-0.08181818181818185,2.0077902163794355e-4,2.3502416434644007e-4,1.170561358597759,0.22720055975927353
6973,171.066714057606,16.936596,0.6834809022014257,32,10,0.9723205275952295,1,0.08181818181818179,2.7151129820130197e-4,2.1085845603467773e-4,0.7766102458040054,-0.3647373540675472
4220,174.077625291064,15.810205,0.6834809022014257,32,10,0.9723205275952295,1,0.08181818181818179,2.038672303178822e-4,2.246414472848885e-4,1.1019007171216968,0.13999424081576936
7047,179.055315376878,16.977894,0.6834809022014257,32,10,0.9723205275952295,1,0.08181818181818179,9.658006479854651e-4,9.169015761177638e-4,0.9493693942226085,-0.07495855398349854
5075,182.046393620231,16.173647,0.6834809022014257,23,10,0.9723205275952295,1,-0.08181818181818185,2.446967095577209e-4,2.731785743989897e-4,1.1163965992544347,0.15884963481379186
6478,186.077719479961,16.657696,0.6834809022014257,23,10,0.9723205275952295,1,-0.08181818181818185,0.001297382361719811,0.0014485848117822362,1.1165442467261473,0.15904042381380804
5762,196.06216620668,16.497673,0.6834809022014257,23,10,0.9723205275952295,1,-0.08181818181818185,9.034585350755192e-5,1.2669312956227753e-4,1.402312609196695,0.4878079966129655
6111,200.093489526539,16.528002,0.6834809022014257,32,10,0.9723205275952295,1,0.08181818181818179,2.2724634120492002e-4,2.020390222990014e-4,0.8890749185563879,-0.16962310094398442
5272,210.077943096305,16.300665,0.6834809022014257,32,10,0.9723205275952295,1,0.08181818181818179,1.479268672791608e-4,1.0880194037674767e-4,0.7355116915402639,-0.4431798204458721
5160,213.088856448448,16.252657,0.6834809022014257,32,10,0.9723205275952295,1,0.08181818181818179,3.6908472495452663e-4,3.1073777073451446e-4,0.8419144703774971,-0.2482544167379037
5153,225.088973031395,16.220974,0.6834809022014257,32,10,0.9723205275952295,1,0.08181818181818179,2.3727397524983014e-4,2.1990417173595205e-4,0.9267943165887068,-0.10967889774378682
2258,243.160012389669,12.556413,0.6834809022014257,32,10,0.9723205275952295,1,0.08181818181818179,3.7279198288820196e-4,3.46666312891185e-4,0.9299189059952185,-0.10482318406416635
1700,261.13434375529,7.2811565,0.6834809022014257,32,10,0.9723205275952295,1,0.08181818181818179,2.0148737712778398e-4,1.9167851392869501e-4,0.9513177284904148,-0.07200083081371987
2722,265.147919732769,14.402925,0.6834809022014257,23,10,0.9723205275952295,1,-0.08181818181818185,2.8642864180718794e-4,3.240565579903579e-4,1.131369251153659,0.17806986643288114
6856,275.011295116485,16.890606,0.6834809022014257,32,10,0.9723205275952295,1,0.08181818181818179,3.78644284477438e-4,3.7021223864773224e-4,0.9777309570608131,-0.03249056254481022
2603,277.144493029548,14.037515,0.6834809022014257,32,10,0.9723205275952295,1,0.08181818181818179,1.49286317112206e-4,1.438123701811787e-4,0.9633325609679754,-0.053894164695670974
5529,293.179361687607,16.340189,0.6834809022014257,32,10,0.9723205275952295,1,0.08181818181818179,3.135507949783214e-4,2.7068855261648284e-4,0.8633004825747547,-0.21206529994624154
3675,311.168627398148,15.573575,0.6834809022014257,23,10,0.9723205275952295,1,-0.08181818181818185,0.0017048487629078523,0.002042638754512309,1.1981348721093064,0.2607903191209385
4454,311.168642898805,16.036594,0.6834809022014257,23,10,0.9723205275952295,1,-0.08181818181818185,0.01394994386560667,0.014982056789208553,1.0739868872265885,0.10297637893909839
6657,325.184211717977,16.916994,0.6834809022014257,32,10,0.9723205275952295,1,0.08181818181818179,0.03938805366824461,0.03677288510540572,0.9336050320011803,-0.09911575789567426
2610,331.093643261452,14.059382,0.6834809022014257,32,10,0.9723205275952295,1,0.08181818181818179,1.30805358611478e-4,1.2705569624625054e-4,0.971334030921739,-0.04196058720997428
2535,339.199802825916,13.861886,0.6834809022014257,23,10,0.9723205275952295,1,-0.08181818181818185,0.002875664657321241,0.003475897941175312,1.2087285394442358,0.2734902753796963
2337,361.163441441427,12.948604,0.6834809022014257,32,10,0.9723205275952295,1,0.08181818181818179,8.036185237741827e-5,7.670657429700093e-5,0.9545147607691971,-0.06716058701837721
2364,587.307338657101,13.069157,0.6834809022014257,32,10,0.9723205275952295,1,0.08181818181818179,1.19525667082768e-4,1.1011530708284053e-4,0.9212691279655351,-0.1183054262323965
6883,90.0083363750148,16.79387,0.7597658259780666,24,10,0.9723205275952295,1,-0.06363636363636366,0.004406166440555642,0.004965477827899724,1.1269383249338965,0.17240856187502168
6270,90.0083371918715,16.609215,0.7597658259780666,24,10,0.9723205275952295,1,-0.06363636363636366,0.003088477229537502,0.00336799064021667,1.0905020143927127,0.12499243495041297
4497,90.0083387157839,16.111357,0.7597658259780666,24,10,0.9723205275952295,1,-0.06363636363636366,0.0032361636762929294,0.003317730193462427,1.025204694610173,0.03591199013630309
5358,90.0083416795648,16.3404,0.7597658259780666,24,10,0.9723205275952295,1,-0.06363636363636366,0.0020477686354185365,0.002041721422113574,0.997046925516697,-0.0042666889428377725
5047,93.0080121224381,16.164326,0.7597658259780666,24,10,0.9723205275952295,1,-0.06363636363636366,4.0154648748600905e-4,4.0092267072441845e-4,0.9984464644044176,-0.0022430208574362345
6214,104.024067202153,16.659138,0.7597658259780666,24,10,0.9723205275952295,1,-0.06363636363636366,2.3171344248903888e-4,2.8849963957577033e-4,1.2450707929446851,0.31622777420228354
2990,106.039689846517,15.080238,0.7597658259780666,31,10,0.9723205275952295,1,0.0636363636363636,0.0066623459002655636,0.006389541633025903,0.9590528214350463,-0.06031781861810581
3589,106.039694353573,15.629949,0.7597658259780666,31,10,0.9723205275952295,1,0.0636363636363636,0.03866919846437963,0.03198523318219292,0.8271501466899118,-0.2737788595375105
3536,109.039387809338,15.480521,0.7597658259780666,31,10,0.9723205275952295,1,0.0636363636363636,6.295601462340822e-4,5.88291050905071e-4,0.9344477321573234,-0.09781412504887263
5318,118.039790167728,16.285599,0.7597658259780666,31,10,0.9723205275952295,1,0.0636363636363636,6.28389526682659e-4,6.48049048000147e-4,1.0312855648967814,0.044443872973464534
5296,120.055449205088,16.363306,0.7597658259780666,31,10,0.9723205275952295,1,0.0636363636363636,0.0019515084650749289,0.0016538290733650201,0.8474619008642224,-0.23877958406583072
6927,131.035131857443,16.888378,0.7597658259780666,31,10,0.9723205275952295,1,0.0636363636363636,0.001645411512318055,0.001491887504350739,0.9066956765417112,-0.14130968924555698
4275,132.055531788078,15.863217,0.7597658259780666,24,10,0.9723205275952295,1,-0.06363636363636366,0.001440619702618882,0.00174782249764356,1.2132435051847608,0.2788691369924326
5637,133.050781862658,16.420946,0.7597658259780666,31,10,0.9723205275952295,1,0.0636363636363636,6.951383552019957e-4,6.34549413446418e-4,0.9128390178700878,-0.13156763620924297
6884,141.019557381387,16.891972,0.7597658259780666,31,10,0.9723205275952295,1,0.0636363636363636,0.0010134745540983062,0.0017266565005921379,1.7036999040675012,0.7686712363608199
6507,143.035240639599,16.671503,0.7597658259780666,31,10,0.9723205275952295,1,0.0636363636363636,6.054329324748159e-4,6.132805832245831e-4,1.0129620480301402,0.018580122663833895
6300,148.050556569335,16.696213,0.7597658259780666,24,10,0.9723205275952295,1,-0.06363636363636366,3.181936127361092e-4,3.5845794948529905e-4,1.1265403676804246,0.17189901105129335
6558,155.035299645591,16.70867,0.7597658259780666,24,10,0.9723205275952295,1,-0.06363636363636366,0.0013859299797801352,0.0014551123006754031,1.0499176162609911,0.07027612858218826
3972,171.066707252541,15.809698,0.7597658259780666,31,10,0.9723205275952295,1,0.0636363636363636,0.0010662394240996643,9.8868248841961e-4,0.9272612380230232,-0.10895224718540589
5704,172.061968406722,16.41532,0.7597658259780666,31,10,0.9723205275952295,1,0.0636363636363636,0.001756226693404118,0.001632031169121911,0.9292827487768808,-0.10581046900723132
5848,173.082394295016,16.457794,0.7597658259780666,31,10,0.9723205275952295,1,0.0636363636363636,1.7355234970532445e-4,1.5522017384172348e-4,0.8943709152038144,-0.161054822150679
7161,189.930918809747,17.040894,0.7597658259780666,31,10,0.9723205275952295,1,0.0636363636363636,5.14330397119695e-4,4.98303784113475e-4,0.9688398486732054,-0.045669890155571345
5728,191.056693097939,16.390966,0.7597658259780666,31,10,0.9723205275952295,1,0.0636363636363636,0.001048812861581307,0.001027009566912193,0.9792114537609302,-0.03030766166536427
2426,194.081540366418,13.418026,0.7597658259780666,31,10,0.9723205275952295,1,0.0636363636363636,0.014308337979917051,0.013883301190511602,0.9702944681624083,-0.04350544729170011
5197,196.062157847837,16.300648,0.7597658259780666,31,10,0.9723205275952295,1,0.0636363636363636,2.77660710445578e-4,2.508253990061383e-4,0.9033521473154211,-0.1466396020320401
7268,198.807740676831,17.176224,0.7597658259780666,24,10,0.9723205275952295,1,-0.06363636363636366,2.33541190389441e-4,2.40224085931292e-4,1.0286154897588171,0.04070378428421452
4465,200.093489549986,15.962589,0.7597658259780666,31,10,0.9723205275952295,1,0.0636363636363636,1.3991700634562615e-4,1.1042445551741968e-4,0.7892139662039844,-0.3415116081683315
6665,223.073274846157,16.750742,0.7597658259780666,31,10,0.9723205275952295,1,0.0636363636363636,1.3937007027053184e-4,1.0457698693139308e-4,0.7503546975932368,-0.4143553666216367
4102,223.073275882315,15.779111,0.7597658259780666,31,10,0.9723205275952295,1,0.0636363636363636,4.5955211099302064e-5,6.075389466400636e-5,1.3220240580056664,0.40274843104353025
4080,239.104743753949,15.775008,0.7597658259780666,31,10,0.9723205275952295,1,0.0636363636363636,4.374052604581337e-5,4.21842677453499e-5,0.9644206770894007,-0.05226551236816748
2390,239.128658074006,13.268183,0.7597658259780666,24,10,0.9723205275952295,1,-0.06363636363636366,3.99643789812872e-4,4.1254349966446104e-4,1.032278019026967,0.04583157798384358
2326,241.144323316892,12.893961,0.7597658259780666,24,10,0.9723205275952295,1,-0.06363636363636366,3.5861638818031403e-4,3.69626668692621e-4,1.030702111992637,0.04362743294979203
89,242.943269112861,0.5406019,0.7597658259780666,31,10,0.9723205275952295,1,0.0636363636363636,6.593650436742697e-6,2.5865993373371026e-5,3.922863916053909,1.9719072892667984
2877,249.149472142429,14.8416,0.7597658259780666,31,10,0.9723205275952295,1,0.0636363636363636,2.99916793211729e-4,2.9011270031025903e-4,0.9673106237350682,-0.04794885114012143
2316,257.175804787006,12.9868765,0.7597658259780666,24,10,0.9723205275952295,1,-0.06363636363636366,1.9879397598737296e-4,2.4213331656959596e-4,1.2180113374510697,0.28452756215090375
5354,265.147878356012,16.293533,0.7597658259780666,31,10,0.9723205275952295,1,0.0636363636363636,1.701070279356343e-4,1.2665234611471712e-4,0.7445450529101025,-0.42556894501428016
2452,266.103438525446,13.537824,0.7597658259780666,31,10,0.9723205275952295,1,0.0636363636363636,1.7388577670809902e-4,1.68805420477809e-4,0.9707833709779587,-0.04277869881395839
2516,285.207170232811,13.794543000000001,0.7597658259780666,24,10,0.9723205275952295,1,-0.06363636363636366,1.3096245031103687e-4,1.393323226750399e-4,1.06391047467518,0.08937675687656026
2339,293.175968265563,12.948267,0.7597658259780666,31,10,0.9723205275952295,1,0.0636363636363636,0.001922007261474842,0.001852655095573305,0.9639168033900558,-0.05301946349050212
2436,313.238558129164,13.42539,0.7597658259780666,31,10,0.9723205275952295,1,0.0636363636363636,1.8164437267143303e-4,1.756858888787815e-4,0.9671969810844099,-0.04811835338277823
4923,339.199795325922,16.074526,0.7597658259780666,31,10,0.9723205275952295,1,0.0636363636363636,3.5471169701445696e-4,3.1791111623032505e-4,0.896252136329657,-0.1580234422236947
4423,398.233544377516,15.932391,0.7597658259780666,31,10,0.9723205275952295,1,0.0636363636363636,8.621314103685431e-5,8.748694081451708e-5,1.0147750071780617,0.02115989291783284
6909,410.161747276115,16.904472,0.7597658259780666,31,10,0.9723205275952295,1,0.0636363636363636,2.3524404004930059e-4,2.0074959389414413e-4,0.8533673960542109,-0.2287611032251315
2168,431.228619664955,11.878182,0.7597658259780666,31,10,0.9723205275952295,1,0.0636363636363636,7.976234321565429e-4,7.70111584478844e-4,0.9655077238599739,-0.050640294406507524
2300,447.134285452843,12.784005,0.7597658259780666,24,10,0.9723205275952295,1,-0.06363636363636366,1.3036222328766798e-5,1.6383224534493726e-5,1.2567463273728585,0.32969347300884705
7093,455.102084473638,16.995525,0.7597658259780666,31,10,0.9723205275952295,1,0.0636363636363636,1.0609901514161949e-4,1.0661018749757497e-4,1.0048178803099461,0.00693404171973979
2285,528.14870626068,12.679567,0.7597658259780666,24,10,0.9723205275952295,1,-0.06363636363636366,8.072210074541642e-7,9.44147835839319e-7,1.1696274342723048,0.2260490560271531
6205,66.0083072915818,16.726099,0.8384637819224636,25,10,0.9723205275952295,1,-0.04545454545454547,8.58765457735382e-4,9.050951903863619e-4,1.0539492270370938,0.07580536824065083
5112,83.023623152688,16.195824000000002,0.8384637819224636,25,10,0.9723205275952295,1,-0.04545454545454547,0.007105863484121118,0.006836163862142049,0.9620454822159553,-0.055822993598583386
5545,83.0236227411721,16.438583,0.8384637819224636,30,10,0.9723205275952295,1,0.045454545454545414,0.004156387783008365,0.003904091454320405,0.9392991362068364,-0.09034341241238121
4458,92.023996722145,16.172365,0.8384637819224636,30,10,0.9723205275952295,1,0.045454545454545414,0.002001701827905876,0.001400757729614691,0.6997834093403033,-0.5150196337194303
3978,107.034980577743,15.738287,0.8384637819224636,25,10,0.9723205275952295,1,-0.04545454545454547,0.005055108495680952,0.005347944873550057,1.0579288017496167,0.08124253783086845
5242,110.034644616621,16.271584,0.8384637819224636,25,10,0.9723205275952295,1,-0.04545454545454547,0.001315844533307973,0.001386468094279662,1.053671660430997,0.07542537203656274
6212,110.034646072653,16.673256,0.8384637819224636,30,10,0.9723205275952295,1,0.045454545454545414,0.0018612052706648916,0.0017315427212277498,0.9303340950722638,-0.10417919506687753
3123,110.034658847682,15.180128,0.8384637819224636,30,10,0.9723205275952295,1,0.045454545454545414,1.7575171114023584e-4,1.4902294697653065e-4,0.8479174740871924,-0.23800423755038885
4142,117.019415277211,15.810258,0.8384637819224636,25,10,0.9723205275952295,1,-0.04545454545454547,2.5707200089927735e-4,2.803282694796391e-4,1.0904659725641368,0.12494475211630751
4287,122.034721095183,15.897967,0.8384637819224636,25,10,0.9723205275952295,1,-0.04545454545454547,0.001216711954744504,0.00123308097181571,1.013453485853719,0.019279875417429346
3628,122.034723391286,15.599234,0.8384637819224636,25,10,0.9723205275952295,1,-0.04545454545454547,6.01323460176458e-4,7.188077976525941e-4,1.1953762745954737,0.257464814060589
5073,130.039878323457,16.24468,0.8384637819224636,30,10,0.9723205275952295,1,0.045454545454545414,0.003995296446025965,0.002670133938934031,0.668319353771597,-0.5813904412808466
3562,131.035127264134,15.622899,0.8384637819224636,30,10,0.9723205275952295,1,0.045454545454545414,0.001534636431994949,0.001199635929373861,0.7817069270370413,-0.3553002727255985
3375,131.03513892513,15.379555,0.8384637819224636,25,10,0.9723205275952295,1,-0.04545454545454547,0.00138295385873813,0.0014821064231337962,1.0716962202094995,0.09989602174198478
3450,133.050784982292,15.432158,0.8384637819224636,25,10,0.9723205275952295,1,-0.04545454545454547,3.46903797563437e-4,2.9189240957969295e-4,0.8414217763825883,-0.24909893868626232
6464,133.922413762241,16.877762,0.8384637819224636,25,10,0.9723205275952295,1,-0.04545454545454547,0.002159929305651634,0.002328020475492497,1.0778225330806146,0.10811965330239087
4107,145.050835200516,15.966126,0.8384637819224636,25,10,0.9723205275952295,1,-0.04545454545454547,0.010986577619901742,0.011456481507252293,1.042770724752296,0.060421985639018023
6238,147.066527350901,16.619448,0.8384637819224636,30,10,0.9723205275952295,1,0.045454545454545414,0.0015759085153499882,0.0013875408933789741,0.8804704586997043,-0.1836534949221926
3989,157.050958004373,15.889269,0.8384637819224636,25,10,0.9723205275952295,1,-0.04545454545454547,0.0027152437875137317,0.002862537594224096,1.0542469915179282,0.07621290463496588
3676,172.061964493982,15.622847,0.8384637819224636,25,10,0.9723205275952295,1,-0.04545454545454547,4.1200133843195526e-4,3.5452727972494003e-4,0.8605003106888998,-0.21675238172792186
3711,184.06205946877,15.61322,0.8384637819224636,30,10,0.9723205275952295,1,0.045454545454545414,2.0025585955656548e-4,1.5493414026079925e-4,0.7736809330017912,-0.3701893751333234
4705,188.093381041375,16.041992,0.8384637819224636,25,10,0.9723205275952295,1,-0.04545454545454547,2.3975329912658593e-4,2.6292743399766743e-4,1.0966582522764199,0.13311401383603022
6293,191.056678480478,16.655968,0.8384637819224636,25,10,0.9723205275952295,1,-0.04545454545454547,0.001166097597992897,0.001196002683501013,1.025645439592354,0.0365320847978038
6945,194.973027464076,16.935946,0.8384637819224636,30,10,0.9723205275952295,1,0.045454545454545414,6.169584186619869e-4,5.8325063329442e-4,0.9453645750702782,-0.08105729019500477
2391,195.138378506378,13.268635,0.8384637819224636,25,10,0.9723205275952295,1,-0.04545454545454547,1.1611547405107176e-4,1.2003582850829608e-4,1.033762549645192,0.04790484349665728
6498,195.933618090951,16.75006,0.8384637819224636,25,10,0.9723205275952295,1,-0.04545454545454547,0.0011658995531511102,0.001213219382233216,1.040586540199122,0.05739695154547836
2254,209.154170746935,12.538137,0.8384637819224636,30,10,0.9723205275952295,1,0.045454545454545414,1.9130681662820899e-4,1.8461459664363e-4,0.9650183924309146,-0.0513716557024944
5742,211.07319496125,16.439201,0.8384637819224636,25,10,0.9723205275952295,1,-0.04545454545454547,1.9960839900958751e-4,2.2108822906110283e-4,1.1076098508784873,0.14744978993913432
4886,212.093606597874,16.063034,0.8384637819224636,25,10,0.9723205275952295,1,-0.04545454545454547,2.1028507152553536e-4,2.3060733781465095e-4,1.0966415073675253,0.13309198511249015
3557,213.08884343245,15.513912,0.8384637819224636,30,10,0.9723205275952295,1,0.045454545454545414,2.602922182530822e-4,2.211546234578463e-4,0.8496397815581932,-0.2350767777647249
5152,223.073288838604,16.165895,0.8384637819224636,25,10,0.9723205275952295,1,-0.04545454545454547,1.1413943407292334e-4,1.1988673227749028e-4,1.0503533091016992,0.07087469127433092
2702,233.154365835713,14.367309,0.8384637819224636,25,10,0.9723205275952295,1,-0.04545454545454547,2.80276656864373e-4,2.89202709478629e-4,1.0318472922936832,0.045229475652460695
3971,237.089095736152,15.97491,0.8384637819224636,25,10,0.9723205275952295,1,-0.04545454545454547,4.2243724766099605e-4,4.1013349048963705e-4,0.9708743553285512,-0.042643492006171596
5081,237.089095681711,16.185055,0.8384637819224636,25,10,0.9723205275952295,1,-0.04545454545454547,3.293551738072544e-4,3.2299003998870397e-4,0.9806739522413714,-0.028154536089541833
6729,238.084348315403,16.744835,0.8384637819224636,25,10,0.9723205275952295,1,-0.04545454545454547,1.4688688533511692e-4,1.5134087406830946e-4,1.0303225759265773,0.04309609064250025
2651,239.067053346382,14.197567,0.8384637819224636,30,10,0.9723205275952295,1,0.045454545454545414,1.38659838748089e-4,1.3561185861590323e-4,0.9780182916718718,-0.032066647033451794
1903,240.978510192498,8.968483,0.8384637819224636,30,10,0.9723205275952295,1,0.045454545454545414,1.2109630304938931e-6,1.1836484153564668e-6,0.9774438901522154,-0.03291420752879061
4103,252.100184384542,15.979933,0.8384637819224636,25,10,0.9723205275952295,1,-0.04545454545454547,3.8070980296319704e-4,3.62809780657385e-4,0.9529825022458315,-0.06947836989686351
6404,279.111141482876,16.72932,0.8384637819224636,30,10,0.9723205275952295,1,0.045454545454545414,2.9716643474546685e-5,2.7439333846498304e-5,0.9233658528763864,-0.11502571402358756
2341,329.233412936358,12.971571,0.8384637819224636,25,10,0.9723205275952295,1,-0.04545454545454547,1.0545540678946955e-4,1.0437923325853876e-4,0.9897949895250107,-0.01479835577975461
2229,329.233430108708,12.418282,0.8384637819224636,30,10,0.9723205275952295,1,0.045454545454545414,8.176250390688041e-4,7.851577728323461e-4,0.9602907632654755,-0.05845679404537026
2405,343.212606960256,13.314944,0.8384637819224636,30,10,0.9723205275952295,1,0.045454545454545414,2.87740865974443e-4,2.86106162328456e-4,0.994318833925619,-0.00821956063715768
121,462.878392346485,0.55414855,0.8384637819224636,30,10,0.9723205275952295,1,0.045454545454545414,1.8717711580814543e-5,1.817672719523351e-5,0.9710977283069403,-0.04231160351783808
5120,491.358813440611,16.202518,0.8384637819224636,25,10,0.9723205275952295,1,-0.04545454545454547,1.335615422763613e-6,1.379205042198322e-6,1.0326363552649869,0.04633229600410426
4020,491.358842329221,15.756348,0.8384637819224636,25,10,0.9723205275952295,1,-0.04545454545454547,1.1556958384085097e-6,1.2193892816221833e-6,1.05511263525997,0.0773970175648566
4991,106.039698776322,16.245905,0.9188126832746419,26,10,0.9928492424641275,1,-0.027272727272727282,0.06460789003824531,0.061347569038805116,0.9495367980983405,-0.07470418360654525
5590,117.019410360801,16.351543,0.9188126832746419,29,10,0.9928492424641275,1,0.027272727272727226,6.888004825608593e-4,6.25899927883104e-4,0.9086810240842164,-0.13815414340768217
6534,121.050697618352,16.610577,0.9188126832746419,26,10,0.9928492424641275,1,-0.027272727272727282,0.001403685951544381,0.00156826040617966,1.1172444979264833,0.15994493993657238
6800,122.034727701197,16.859606,0.9188126832746419,29,10,0.9928492424641275,1,0.027272727272727226,4.2175553479062e-4,4.083838774010738e-4,0.9682952414692446,-0.04648109030065721
5783,131.035126554632,16.476358,0.9188126832746419,26,10,0.9928492424641275,1,-0.027272727272727282,0.002184233812658619,0.0018772165603193024,0.8594393830184235,-0.21853220608881566
2962,145.050934804008,14.939954,0.9188126832746419,26,10,0.9928492424641275,1,-0.027272727272727282,2.4934871792834073e-4,2.331827256076177e-4,0.9351671327808114,-0.09670386883235972
5931,147.030148811658,16.575891,0.9188126832746419,26,10,0.9928492424641275,1,-0.027272727272727282,1.9805041641772665e-4,0.00027000225549345873,1.3633006199995648,0.447103724403836
3426,158.046192617562,15.453588,0.9188126832746419,26,10,0.9928492424641275,1,-0.027272727272727282,7.63225477622776e-5,9.7018434713505e-5,1.271163470796193,0.3461495719180161
4202,159.066633899067,15.809995,0.9188126832746419,26,10,0.9928492424641275,1,-0.027272727272727282,0.0012682640294736348,0.001318569666398038,1.039664955999171,0.056118678178587934
2455,161.020998246118,13.559451,0.9188126832746419,29,10,0.9928492424641275,1,0.027272727272727226,1.2492384493830767e-6,1.1384182570913297e-6,0.9112898003207679,-0.13401817477949202
3598,163.061581262293,15.516209,0.9188126832746419,26,10,0.9928492424641275,1,-0.027272727272727282,5.167324329995279e-4,4.5283172376027697e-4,0.8763369489537938,-0.1904424064331921
3372,171.06671292287,15.502273,0.9188126832746419,29,10,0.9928492424641275,1,0.027272727272727226,3.137118188783897e-4,3.001209509072556e-4,0.9566772204511601,-0.06389584834085456
5253,171.066721585797,16.272062,0.9188126832746419,29,10,0.9928492424641275,1,0.027272727272727226,6.097247740417045e-4,4.2309483529372774e-4,0.6939111764954929,-0.5271770912058389
6994,172.061969393004,16.935555,0.9188126832746419,26,10,0.9928492424641275,1,-0.027272727272727282,2.90880211846055e-4,2.735393113595544e-4,0.9403847364643764,-0.08867697232120456
6340,174.077619872338,16.710817,0.9188126832746419,29,10,0.9928492424641275,1,0.027272727272727226,2.720863636387828e-4,2.496348889335196e-4,0.9174840135131895,-0.12424507461671619
4804,191.056692433115,16.159355,0.9188126832746419,29,10,0.9928492424641275,1,0.027272727272727226,0.001133241383857465,0.0011171088050167298,0.9857642166350993,-0.020685482938946013
7141,192.92821405877,17.027908,0.9188126832746419,29,10,0.9928492424641275,1,0.027272727272727226,9.15498389878024e-4,8.920483387207991e-4,0.9743854807212176,-0.037435459023618146
5146,194.973022937297,16.222452,0.9188126832746419,26,10,0.9928492424641275,1,-0.027272727272727282,1.506958251085872e-4,1.8138914831102468e-4,1.2036773293508345,0.2674486996264075
6870,206.965349361606,16.894268,0.9188126832746419,26,10,0.9928492424641275,1,-0.027272727272727282,3.347134318502004e-4,3.51418457999755e-4,1.0499084427452283,0.0702635231707621
6430,210.077922933136,16.68647,0.9188126832746419,29,10,0.9928492424641275,1,0.027272727272727226,1.6892712604797477e-4,1.652020260042893e-4,0.9779484791410733,-0.03216963261942454
4251,213.088840227537,15.821843,0.9188126832746419,26,10,0.9928492424641275,1,-0.027272727272727282,8.280983119464465e-4,9.608711690193832e-4,1.160334654904505,0.21454095650885915
2677,221.154237553344,14.297735,0.9188126832746419,26,10,0.9928492424641275,1,-0.027272727272727282,4.7734047901195004e-4,4.8113496904065206e-4,1.0079492316188148,0.011422975012137201
3503,225.088957185711,15.505306,0.9188126832746419,29,10,0.9928492424641275,1,0.027272727272727226,7.799713100806481e-5,9.052214528482535e-5,1.160583012668318,0.2148497175826302
6806,225.088969535117,16.891321,0.9188126832746419,29,10,0.9928492424641275,1,0.027272727272727226,1.917692739647336e-4,1.8363939761625728e-4,0.9576059491680017,-0.06249597977333175
5642,225.088975561957,16.36311,0.9188126832746419,29,10,0.9928492424641275,1,0.027272727272727226,2.8838490691083916e-4,2.7948114271673214e-4,0.9691254154404835,-0.04524471662990957
5875,226.08425069332,16.47767,0.9188126832746419,26,10,0.9928492424641275,1,-0.027272727272727282,4.6395980671623265e-5,4.738203805494834e-5,1.0212530777246436,0.030340426191169084
5876,238.084360763145,16.495638,0.9188126832746419,29,10,0.9928492424641275,1,0.027272727272727226,1.2560902750377513e-4,1.340122452834095e-4,1.066899791731783,0.0934246777923778
2469,286.108545738452,13.613194,0.9188126832746419,29,10,0.9928492424641275,1,0.027272727272727226,8.808653550345958e-5,8.647308910899961e-5,0.9816833936623991,-0.02667028423941237
2420,287.2228617455,13.282007,0.9188126832746419,29,10,0.9928492424641275,1,0.027272727272727226,3.1340881473381496e-4,3.09399495741185e-4,0.9872073828043567,-0.018574911202902177
99,310.930912220027,0.55791545,0.9188126832746419,29,10,0.9928492424641275,1,0.027272727272727226,4.2472465282948835e-6,1.5909476503028597e-5,3.7458330702116505,1.905286608565499
2241,315.181259888398,12.4960375,0.9188126832746419,29,10,0.9928492424641275,1,0.027272727272727226,5.411960940482462e-4,5.3553738535621e-4,0.9895440696001556,-0.015164135388375863
7110,341.108991709729,17.00198,0.9188126832746419,29,10,0.9928492424641275,1,0.027272727272727226,4.768692049210191e-4,5.26649876741335e-4,1.104390619705797,0.14325053936114773
2263,415.233914629914,12.567797,0.9188126832746419,29,10,0.9928492424641275,1,0.027272727272727226,2.4653719256842503e-4,2.5665836681675893e-4,1.041053336183849,0.05804398398485591
3137,83.0236231689375,15.1884165,1,28,10,1,1,0.009090909090909038,0.001493700733785802,0.001735982983631506,1.1622026717705607,0.21686167636909898
3617,90.0083347026305,15.663375,1,28,10,1,1,0.009090909090909038,0.001228393002001485,0.0011536116975703371,0.9391226551198982,-0.09061449997201354
3269,92.0239925169818,15.331539,1,27,10,1,1,-0.009090909090909094,3.009141183127287e-4,3.037400073487086e-4,1.009391015123601,0.013485149967409061
6441,99.9243857264828,16.872686,1,27,10,1,1,-0.009090909090909094,0.004745859814970975,0.00480834326766328,1.0131658867156588,0.018870407454530468
3169,106.039692661568,15.422513,1,27,10,1,1,-0.009090909090909094,0.019659502477962984,0.019181120832126343,0.9756666453602844,-0.03553978647973262
2738,106.039698029894,14.479559,1,28,10,1,1,0.009090909090909038,7.218626493245919e-4,5.665786595068351e-4,0.7848842990241319,-0.34944809505706054
5731,116.024120107848,16.385376,1,27,10,1,1,-0.009090909090909094,0.0010088674409567179,0.0011406576828035231,1.1306318714397479,0.17712927088359623
933,129.01811586052,0.6898572,1,27,10,1,1,-0.009090909090909094,3.51283565631059e-4,3.63560946282514e-4,1.0349500570270045,0.04956115012272917
3411,130.039875891698,15.505602,1,28,10,1,1,0.009090909090909038,7.41730041028466e-4,8.53018034775809e-4,1.1500384069560314,0.20168204256074362
5891,132.055529766251,16.623154,1,28,10,1,1,0.009090909090909038,0.0018572189960960883,0.0018803152009037802,1.012435908127281,0.01783058162333332
6106,145.922523793737,16.627743,1,27,10,1,1,-0.009090909090909094,7.347881139206419e-4,9.73204899479635e-4,1.3244701173605842,0.4054152940495279
4415,147.030173317404,16.012184,1,27,10,1,1,-0.009090909090909094,4.39270328365536e-4,4.029540585282987e-4,0.9173259209827236,-0.12449368817170209
5213,147.030173620664,16.249598,1,27,10,1,1,-0.009090909090909094,3.0471575246907495e-4,2.3654151811424736e-4,0.7762694123870525,-0.36537065322335677
6981,158.046194184126,16.924793,1,28,10,1,1,0.009090909090909038,1.8038298475598846e-4,1.075632934761113e-4,0.5963050984083484,-0.7458774230305348
1906,161.020915615612,8.974,1,27,10,1,1,-0.009090909090909094,1.209660233335218e-6,1.224992557600824e-6,1.0126749014666148,0.01817110077461108
1633,173.081088920193,6.610568,1,27,10,1,1,-0.009090909090909094,9.896378211768438e-4,9.836721428870588e-4,0.9939718570146291,-0.008723090504445835
5551,183.933539532976,16.41138,1,27,10,1,1,-0.009090909090909094,4.844646233897451e-4,4.2823892254915605e-4,0.8839426077239984,-0.17797539296285345
1601,186.112826351229,6.253941,1,28,10,1,1,0.009090909090909038,0.002569472825322035,0.002510942581042035,0.9772209132927242,-0.03324335614828734
6596,198.077814517986,16.675505,1,27,10,1,1,-0.009090909090909094,7.48746767376671e-4,6.669668572541119e-4,0.8907776117563949,-0.16686279609474947
6895,205.965681519054,16.899433,1,28,10,1,1,0.009090909090909038,0.004763981495017726,0.004696532121167487,0.985841806077379,-0.020571932967632645
1793,209.078935864069,7.9760857,1,27,10,1,1,-0.009090909090909094,5.0131295024989e-4,4.96936601083146e-4,0.9912702251865576,-0.012649698026686753
5662,213.088849783668,16.445988,1,27,10,1,1,-0.009090909090909094,7.151518645130276e-4,7.067180740015085e-4,0.9882069936051108,-0.01711482901925407
2336,221.154242450111,12.947927,1,27,10,1,1,-0.009090909090909094,1.5429246223745599e-4,1.5280038747241502e-4,0.9903295679944192,-0.01401938081821487
5469,223.073296419594,16.353544,1,27,10,1,1,-0.009090909090909094,8.418241512732787e-5,7.940994398040732e-5,0.9433079801796839,-0.08419922225117758
5332,227.104630312948,16.251007,1,28,10,1,1,0.009090909090909038,1.292339553986257e-4,1.0218585082451593e-4,0.7907043509526646,-0.3387897315999282
2338,236.105152338791,12.948154,1,28,10,1,1,0.009090909090909038,1.9925263323421698e-4,1.9888364695800097e-4,0.9981481485578045,-0.0026741337062196877
6845,237.089107188511,16.884235,1,28,10,1,1,0.009090909090909038,1.9313487799461093e-4,1.8388568832079284e-4,0.9521102052107017,-0.0707995220799399
5431,239.104774883214,16.290346,1,28,10,1,1,0.009090909090909038,6.268435927416795e-5,7.68704534341001e-5,1.2263099491515135,0.2943236654798113
2251,253.14446552315,12.53767,1,28,10,1,1,0.009090909090909038,4.0988535042722605e-4,4.05339549134434e-4,0.9889095785246925,-0.01608948146389127
1738,261.134347153457,7.5821743,1,28,10,1,1,0.009090909090909038,8.096872622114171e-4,8.31219823660434e-4,1.0265936769095356,0.03786527970812054
6524,265.147864257282,16.90595,1,27,10,1,1,-0.009090909090909094,0.0021733625451434216,0.00224028027796448,1.0307899540141574,0.04375038200304879
2627,265.147913474722,14.185622,1,27,10,1,1,-0.009090909090909094,0.002278117891356947,0.002315713536437697,1.0165029409686765,0.023614389225721844
2430,271.191538798897,13.429858,1,28,10,1,1,0.009090909090909038,1.2901105927798825e-4,1.2748754060899992e-4,0.9881907901732244,-0.01713848479444286
6065,293.17926793222,16.600187,1,27,10,1,1,-0.009090909090909094,6.43096764936524e-4,6.887336628076969e-4,1.0709642784094513,0.09891036036734854
6939,311.168660905064,16.913023,1,27,10,1,1,-0.009090909090909094,0.001642903913184141,0.0017609956389663423,1.0718798737007849,0.10014323105031803
6259,327.179993071467,16.913422,1,27,10,1,1,-0.009090909090909094,0.0012127378037950008,0.001244478606243535,1.0261728482028087,0.037273758471451236
2674,345.109192533146,14.266891,1,28,10,1,1,0.009090909090909038,1.0870325328836533e-4,1.0910388911290234e-4,1.00368559185137,0.005307410608827385
7296,404.104550495925,17.192566,1,27,10,1,1,-0.009090909090909094,1.1399477214340682e-4,1.1764688063336097e-4,1.0320375085741629,0.04549540530629212
5514,491.358961747302,16.403982,1,28,10,1,1,0.009090909090909038,1.2018058261073818e-6,1.2377137687000064e-6,1.029878322947501,0.04247389736018711
