"m.z","retention_time","kw_statistic","kw_p_value","kw_p_adj_bh","group1","group2","posthoc_p_adj"
110.034644210881,15.957519,7.26000000000001,0.00705072911042272,0.521876784390343,"TR","PR",0.00567234622962177
116.024098856242,16.918753,9.12666666666667,0.00251910284534221,0.521876784390343,"TR","PR",0.00145056182207885
120.055444847964,15.590859,8.16666666666667,0.00426672482217612,0.521876784390343,"TR","PR",0.00298772434995345
130.039872940493,15.151573,7.70666666666666,0.00550172515432421,0.521876784390343,"TR","PR",0.00413518370174717
133.922413762241,16.877762,8.16666666666667,0.00426672482217612,0.521876784390343,"TR","PR",0.00298772434995345
145.050899763861,15.152887,10.14,0.00145086163336065,0.521876784390343,"TR","PR",0.000649505293468142
159.066639700585,16.367802,6.82666666666667,0.00898067124189884,0.521876784390343,"TR","PR",0.0076208621100262
159.066650460406,15.432304,6.82666666666667,0.00898067124189884,0.521876784390343,"TR","PR",0.0076208621100262
159.066680777414,15.169439,6.82666666666667,0.00898067124189884,0.521876784390343,"TR","PR",0.0076208621100262
83.0236220138386,16.636652,4.50666666666666,0.0337629775534038,0.616046681009622,"TR","PR",0.0349866851414839
106.039695845106,14.173291,4.50666666666666,0.0337629775534038,0.616046681009622,"TR","PR",0.0349866851414839
117.019391421789,16.634377,4.50666666666666,0.0337629775534038,0.616046681009622,"TR","PR",0.0349866851414839
131.03512557421,16.689613,4.16666666666666,0.041226833337164,0.616046681009622,"TR","PR",0.0434735543094676
134.034811917158,15.9440365,5.22666666666666,0.02224312059135,0.616046681009622,"TR","PR",0.02201822944857
134.034820643639,15.17507,6,0.0143058784354296,0.616046681009622,"TR","PR",0.013271558163199
145.050835200516,15.966126,5.22666666666666,0.02224312059135,0.616046681009622,"TR","PR",0.02201822944857
145.050845258877,15.616678,4.86000000000001,0.0274863361115101,0.616046681009622,"TR","PR",0.0279287276191301
146.960121399058,0.49927115,4.50666666666666,0.0337629775534038,0.616046681009622,"TR","PR",0.0349866851414839
147.066554824997,15.206212,5.60666666666667,0.0178922676130193,0.616046681009622,"TR","PR",0.0172118902769058
155.035299645591,16.70867,4.16666666666666,0.041226833337164,0.616046681009622,"TR","PR",0.0434735543094676
157.050958317466,15.612209,4.16666666666666,0.041226833337164,0.616046681009622,"TR","PR",0.0434735543094676
158.046186215076,15.870075,4.86000000000001,0.0274863361115101,0.616046681009622,"TR","PR",0.0279287276191301
158.046190751484,16.10224,4.86000000000001,0.0274863361115101,0.616046681009622,"TR","PR",0.0279287276191301
186.077735804051,15.175608,6,0.0143058784354296,0.616046681009622,"TR","PR",0.013271558163199
195.138378506378,13.268635,4.50666666666666,0.0337629775534038,0.616046681009622,"TR","PR",0.0349866851414839
200.093489995006,16.073454,4.50666666666666,0.0337629775534038,0.616046681009622,"TR","PR",0.0349866851414839
209.154170746935,12.538137,4.16666666666666,0.041226833337164,0.616046681009622,"TR","PR",0.0434735543094676
211.073201359281,16.070013,4.16666666666666,0.041226833337164,0.616046681009622,"TR","PR",0.0434735543094676
225.088969535117,16.891321,4.16666666666666,0.041226833337164,0.616046681009622,"TR","PR",0.0434735543094676
239.128658074006,13.268183,5.22666666666666,0.02224312059135,0.616046681009622,"TR","PR",0.02201822944857
252.100177836551,16.844591,4.86000000000001,0.0274863361115101,0.616046681009622,"TR","PR",0.0279287276191301
265.147888846183,15.107723,4.16666666666666,0.041226833337164,0.616046681009622,"TR","PR",0.0434735543094676
345.109192533146,14.266891,4.50666666666666,0.0337629775534038,0.616046681009622,"TR","PR",0.0349866851414839
353.200356389703,16.332447,4.50666666666666,0.0337629775534038,0.616046681009622,"TR","PR",0.0349866851414839
398.233544377516,15.932391,4.86000000000001,0.0274863361115101,0.616046681009622,"TR","PR",0.0279287276191301
83.0236292012907,16.899805,3.22666666666667,0.0724480135297866,0.679997146749216,"TR","PR",0.0788932429799303
90.0083416795648,16.3404,1.92666666666667,0.165123590128394,0.679997146749216,"TR","PR",0.182316135876507
92.0239945779022,15.929466,2.16000000000001,0.141644690295136,0.679997146749216,"TR","PR",0.156400874667129
92.0239967305958,16.47494,2.66666666666666,0.10247043485975,0.679997146749216,"TR","PR",0.112754118946069
106.039694584803,14.862858,3.22666666666667,0.0724480135297866,0.679997146749216,"TR","PR",0.0788932429799303
106.039694832597,15.965446,2.93999999999999,0.0864107329737011,0.679997146749216,"TR","PR",0.094719521964104
108.018976070027,16.447096,2.93999999999999,0.0864107329737011,0.679997146749216,"TR","PR",0.094719521964104
112.984331756441,16.957169,2.16000000000001,0.141644690295136,0.679997146749216,"TR","PR",0.156400874667129
116.024106107155,16.646412,2.93999999999999,0.0864107329737011,0.679997146749216,"TR","PR",0.094719521964104
116.024116235761,15.631828,3.52666666666667,0.0603890813092702,0.679997146749216,"TR","PR",0.0652536318170993
117.019397510935,16.850025,2.93999999999999,0.0864107329737011,0.679997146749216,"TR","PR",0.094719521964104
118.039784284839,16.452997,1.92666666666666,0.165123590128395,0.679997146749216,"TR","PR",0.182316135876507
120.055445713073,15.183693,2.16000000000001,0.141644690295136,0.679997146749216,"TR","PR",0.156400874667129
121.050687516805,15.188335,2.93999999999999,0.0864107329737011,0.679997146749216,"TR","PR",0.094719521964104
121.050697767465,15.636853,3.52666666666667,0.0603890813092702,0.679997146749216,"TR","PR",0.0652536318170993
128.03410707055,16.046707,2.16000000000001,0.141644690295136,0.679997146749216,"TR","PR",0.156400874667129
130.039874634974,16.691254,2.40666666666667,0.120819386535671,0.679997146749216,"TR","PR",0.133300136396112
130.039878719381,16.842545,2.16000000000001,0.141644690295136,0.679997146749216,"TR","PR",0.156400874667129
131.035127264134,15.622899,3.22666666666667,0.0724480135297866,0.679997146749216,"TR","PR",0.0788932429799303
131.035167699905,15.150408,2.93999999999999,0.0864107329737011,0.679997146749216,"TR","PR",0.094719521964104
132.055533028693,15.680155,1.92666666666666,0.165123590128395,0.679997146749216,"TR","PR",0.182316135876507
134.034830119376,16.91507,2.40666666666667,0.120819386535671,0.679997146749216,"TR","PR",0.133300136396112
141.019553388237,16.644735,2.66666666666666,0.10247043485975,0.679997146749216,"TR","PR",0.112754118946069
145.050864359554,15.389235,2.16000000000001,0.141644690295136,0.679997146749216,"TR","PR",0.156400874667129
145.922522953784,16.876688,1.92666666666667,0.165123590128394,0.679997146749216,"TR","PR",0.182316135876507
146.937576208944,17.04493,2.40666666666667,0.120819386535671,0.679997146749216,"TR","PR",0.133300136396112
155.035304078211,15.991202,2.66666666666666,0.10247043485975,0.679997146749216,"TR","PR",0.112754118946069
157.050954866144,16.686121,1.92666666666667,0.165123590128394,0.679997146749216,"TR","PR",0.182316135876507
158.046179555034,16.673094,1.92666666666666,0.165123590128395,0.679997146749216,"TR","PR",0.182316135876507
158.046194184126,16.924793,1.92666666666666,0.165123590128395,0.679997146749216,"TR","PR",0.182316135876507
159.066629976589,16.640633,1.92666666666666,0.165123590128395,0.679997146749216,"TR","PR",0.182316135876507
159.066637092358,16.851336,1.92666666666666,0.165123590128395,0.679997146749216,"TR","PR",0.182316135876507
161.020915615612,8.974,1.92666666666667,0.165123590128394,0.679997146749216,"TR","PR",0.182316135876507
172.061964813706,15.84602,2.40666666666667,0.120819386535671,0.679997146749216,"TR","PR",0.133300136396112
183.066799014016,16.12371,1.92666666666666,0.165123590128395,0.679997146749216,"TR","PR",0.182316135876507
184.06205946877,15.61322,2.40666666666667,0.120819386535671,0.679997146749216,"TR","PR",0.133300136396112
187.096820970082,7.9884124,3.22666666666667,0.0724480135297866,0.679997146749216,"TR","PR",0.0788932429799303
188.093381041375,16.041992,2.40666666666667,0.120819386535671,0.679997146749216,"TR","PR",0.133300136396112
190.92775930287,17.40301,3.22666666666667,0.0724480135297866,0.679997146749216,"TR","PR",0.0788932429799303
190.927784517993,17.043293,2.40666666666667,0.120819386535671,0.679997146749216,"TR","PR",0.133300136396112
191.056686072152,15.913582,1.92666666666667,0.165123590128394,0.679997146749216,"TR","PR",0.182316135876507
192.92821405877,17.027908,2.40666666666667,0.120819386535671,0.679997146749216,"TR","PR",0.133300136396112
194.973027464076,16.935946,1.92666666666666,0.165123590128395,0.679997146749216,"TR","PR",0.182316135876507
210.077937061296,16.06532,2.16000000000001,0.141644690295136,0.679997146749216,"TR","PR",0.156400874667129
213.088840227537,15.821843,2.40666666666667,0.120819386535671,0.679997146749216,"TR","PR",0.133300136396112
213.088853300061,16.063475,3.52666666666667,0.0603890813092702,0.679997146749216,"TR","PR",0.0652536318170993
221.154237553344,14.297735,3.52666666666667,0.0603890813092702,0.679997146749216,"TR","PR",0.0652536318170993
223.073275882315,15.779111,2.40666666666667,0.120819386535671,0.679997146749216,"TR","PR",0.133300136396112
223.073278877416,15.479487,3.83999999999999,0.0500435212487053,0.679997146749216,"TR","PR",0.053475935828877
223.073282667676,16.533363,2.66666666666666,0.10247043485975,0.679997146749216,"TR","PR",0.112754118946069
225.088975561957,16.36311,1.92666666666666,0.165123590128395,0.679997146749216,"TR","PR",0.182316135876507
227.104618701704,15.720992,2.93999999999999,0.0864107329737011,0.679997146749216,"TR","PR",0.094719521964104
227.104630312948,16.251007,2.16000000000001,0.141644690295136,0.679997146749216,"TR","PR",0.156400874667129
227.104630599045,16.0636,2.66666666666666,0.10247043485975,0.679997146749216,"TR","PR",0.112754118946069
229.144200021251,11.832916,2.40666666666667,0.120819386535671,0.679997146749216,"TR","PR",0.133300136396112
239.104774883214,16.290346,2.93999999999999,0.0864107329737011,0.679997146749216,"TR","PR",0.094719521964104
239.10481884633,16.976255,2.40666666666667,0.120819386535671,0.679997146749216,"TR","PR",0.133300136396112
241.144323316892,12.893961,2.16000000000001,0.141644690295136,0.679997146749216,"TR","PR",0.156400874667129
243.160012389669,12.556413,2.40666666666667,0.120819386535671,0.679997146749216,"TR","PR",0.133300136396112
248.079911505102,12.426986,3.52666666666667,0.0603890813092702,0.679997146749216,"TR","PR",0.0652536318170993
252.100185442822,16.365358,3.83999999999999,0.0500435212487053,0.679997146749216,"TR","PR",0.053475935828877
253.14446552315,12.53767,3.22666666666667,0.0724480135297866,0.679997146749216,"TR","PR",0.0788932429799303
261.13434375529,7.2811565,2.16000000000001,0.141644690295136,0.679997146749216,"TR","PR",0.156400874667129
261.134347153457,7.5821743,2.16000000000001,0.141644690295136,0.679997146749216,"TR","PR",0.156400874667129
264.100234032208,16.12601,2.93999999999999,0.0864107329737011,0.679997146749216,"TR","PR",0.094719521964104
265.147864257282,16.90595,3.83999999999999,0.0500435212487053,0.679997146749216,"TR","PR",0.053475935828877
265.147913474722,14.185622,1.92666666666667,0.165123590128394,0.679997146749216,"TR","PR",0.182316135876507
271.191538798897,13.429858,1.92666666666667,0.165123590128394,0.679997146749216,"TR","PR",0.182316135876507
275.011295116485,16.890606,2.16000000000001,0.141644690295136,0.679997146749216,"TR","PR",0.156400874667129
277.009242902394,16.890808,2.16000000000001,0.141644690295136,0.679997146749216,"TR","PR",0.156400874667129
286.108545738452,13.613194,2.16000000000001,0.141644690295136,0.679997146749216,"TR","PR",0.156400874667129
287.2228617455,13.282007,2.93999999999999,0.0864107329737011,0.679997146749216,"TR","PR",0.094719521964104
293.179361687607,16.340189,1.92666666666667,0.165123590128394,0.679997146749216,"TR","PR",0.182316135876507
309.174107049747,15.71132,1.92666666666667,0.165123590128394,0.679997146749216,"TR","PR",0.182316135876507
311.168660905064,16.913023,2.93999999999999,0.0864107329737011,0.679997146749216,"TR","PR",0.094719521964104
315.181259888398,12.4960375,1.92666666666667,0.165123590128394,0.679997146749216,"TR","PR",0.182316135876507
315.253985611679,13.739528,2.66666666666666,0.10247043485975,0.679997146749216,"TR","PR",0.112754118946069
331.249105110585,12.812348,2.40666666666667,0.120819386535671,0.679997146749216,"TR","PR",0.133300136396112
338.859125547296,17.031294,1.92666666666667,0.165123590128394,0.679997146749216,"TR","PR",0.182316135876507
339.199802825916,13.861886,2.40666666666667,0.120819386535671,0.679997146749216,"TR","PR",0.133300136396112
342.170998499423,15.032263,2.66666666666666,0.10247043485975,0.679997146749216,"TR","PR",0.112754118946069
343.212606960256,13.314944,2.66666666666666,0.10247043485975,0.679997146749216,"TR","PR",0.112754118946069
387.156168985832,15.590074,2.16000000000001,0.141644690295136,0.679997146749216,"TR","PR",0.156400874667129
387.156212641677,15.205737,1.92666666666667,0.165123590128394,0.679997146749216,"TR","PR",0.182316135876507
394.890578077612,0.5539402,1.92666666666667,0.165123590128394,0.679997146749216,"TR","PR",0.182316135876507
404.104550495925,17.192566,2.93999999999999,0.0864107329737011,0.679997146749216,"TR","PR",0.094719521964104
415.233914629914,12.567797,2.40666666666667,0.120819386535671,0.679997146749216,"TR","PR",0.133300136396112
471.114587294647,17.05871,2.40666666666667,0.120819386535671,0.679997146749216,"TR","PR",0.133300136396112
528.14870626068,12.679567,3.52666666666667,0.0603890813092702,0.679997146749216,"TR","PR",0.0652536318170993
587.307338657101,13.069157,2.66666666666666,0.10247043485975,0.679997146749216,"TR","PR",0.112754118946069
601.323035535576,13.269417,3.52666666666667,0.0603890813092702,0.679997146749216,"TR","PR",0.0652536318170993
621.320422337432,14.929166,3.22666666666667,0.0724480135297866,0.679997146749216,"TR","PR",0.0788932429799303
99.9243857264828,16.872686,1.70666666666666,0.191418425237608,0.700082772022859,"TR","PR",0.211024269847799
106.039698029894,14.479559,1.70666666666666,0.191418425237608,0.700082772022859,"TR","PR",0.211024269847799
130.03987983269,16.453112,1.70666666666666,0.191418425237608,0.700082772022859,"TR","PR",0.211024269847799
157.050961624234,16.878578,1.70666666666666,0.191418425237608,0.700082772022859,"TR","PR",0.211024269847799
172.061970153599,16.064089,1.70666666666666,0.191418425237608,0.700082772022859,"TR","PR",0.211024269847799
174.955333655479,17.041441,1.70666666666666,0.191418425237608,0.700082772022859,"TR","PR",0.211024269847799
183.933539532976,16.41138,1.70666666666666,0.191418425237608,0.700082772022859,"TR","PR",0.211024269847799
186.112826351229,6.253941,1.70666666666666,0.191418425237608,0.700082772022859,"TR","PR",0.211024269847799
200.093479493439,15.726653,1.70666666666666,0.191418425237608,0.700082772022859,"TR","PR",0.211024269847799
237.089088532967,16.670664,1.70666666666666,0.191418425237608,0.700082772022859,"TR","PR",0.211024269847799
237.089095736152,15.97491,1.70666666666666,0.191418425237608,0.700082772022859,"TR","PR",0.211024269847799
327.179993071467,16.913422,1.70666666666666,0.191418425237608,0.700082772022859,"TR","PR",0.211024269847799
331.093643261452,14.059382,1.70666666666666,0.191418425237608,0.700082772022859,"TR","PR",0.211024269847799
336.858881116837,17.04177,1.70666666666666,0.191418425237608,0.700082772022859,"TR","PR",0.211024269847799
467.279628269696,12.49661,1.70666666666666,0.191418425237608,0.700082772022859,"TR","PR",0.211024269847799
471.127173969487,12.529706,1.70666666666666,0.191418425237608,0.700082772022859,"TR","PR",0.211024269847799
83.0236171556156,15.898128,1.5,0.220671361919847,0.712414335086913,"TR","PR",0.24280672887484
109.039395718485,16.426043,1.5,0.220671361919847,0.712414335086913,"TR","PR",0.24280672887484
136.050452876401,15.21085,1.5,0.220671361919847,0.712414335086913,"TR","PR",0.24280672887484
163.061579241828,16.053415,1.5,0.220671361919847,0.712414335086913,"TR","PR",0.24280672887484
172.061964493982,15.622847,1.5,0.220671361919847,0.712414335086913,"TR","PR",0.24280672887484
184.062043231656,16.665089,1.5,0.220671361919847,0.712414335086913,"TR","PR",0.24280672887484
194.081540366418,13.418026,1.5,0.220671361919847,0.712414335086913,"TR","PR",0.24280672887484
198.807740676831,17.176224,1.5,0.220671361919847,0.712414335086913,"TR","PR",0.24280672887484
209.078935864069,7.9760857,1.5,0.220671361919847,0.712414335086913,"TR","PR",0.24280672887484
227.128513783384,11.202834,1.5,0.220671361919847,0.712414335086913,"TR","PR",0.24280672887484
238.084348315403,16.744835,1.5,0.220671361919847,0.712414335086913,"TR","PR",0.24280672887484
264.072523973459,16.988997,1.5,0.220671361919847,0.712414335086913,"TR","PR",0.24280672887484
266.103438525446,13.537824,1.5,0.220671361919847,0.712414335086913,"TR","PR",0.24280672887484
277.144493029548,14.037515,1.5,0.220671361919847,0.712414335086913,"TR","PR",0.24280672887484
304.908268052536,17.027042,1.5,0.220671361919847,0.712414335086913,"TR","PR",0.24280672887484
311.168650582371,16.138933,1.5,0.220671361919847,0.712414335086913,"TR","PR",0.24280672887484
329.233430108708,12.418282,1.5,0.220671361919847,0.712414335086913,"TR","PR",0.24280672887484
356.129591246231,15.441361,1.5,0.220671361919847,0.712414335086913,"TR","PR",0.24280672887484
389.171920200434,13.417699,1.5,0.220671361919847,0.712414335086913,"TR","PR",0.24280672887484
106.039698776322,16.245905,1.30666666666666,0.252999061474685,0.719122332343805,"TR","PR",0.277511961722488
116.024119914648,16.084082,1.30666666666666,0.252999061474685,0.719122332343805,"TR","PR",0.277511961722488
117.92740967243,17.192142,1.30666666666666,0.252999061474685,0.719122332343805,"TR","PR",0.277511961722488
144.055635269225,16.06704,1.30666666666666,0.252999061474685,0.719122332343805,"TR","PR",0.277511961722488
147.066527350901,16.619448,1.30666666666666,0.252999061474685,0.719122332343805,"TR","PR",0.277511961722488
147.066534457067,16.321135,1.30666666666666,0.252999061474685,0.719122332343805,"TR","PR",0.277511961722488
157.050958004373,15.889269,1.30666666666666,0.252999061474685,0.719122332343805,"TR","PR",0.277511961722488
171.066707252541,15.809698,1.30666666666666,0.252999061474685,0.719122332343805,"TR","PR",0.277511961722488
196.062163393441,16.071083,1.30666666666666,0.252999061474685,0.719122332343805,"TR","PR",0.277511961722488
223.073323564716,16.961811,1.30666666666666,0.252999061474685,0.719122332343805,"TR","PR",0.277511961722488
225.088957185711,15.505306,1.30666666666666,0.252999061474685,0.719122332343805,"TR","PR",0.277511961722488
239.104743753949,15.775008,1.30666666666666,0.252999061474685,0.719122332343805,"TR","PR",0.277511961722488
249.149472142429,14.8416,1.30666666666666,0.252999061474685,0.719122332343805,"TR","PR",0.277511961722488
305.08196734169,12.244845,1.30666666666666,0.252999061474685,0.719122332343805,"TR","PR",0.277511961722488
320.886449023244,17.039587,1.30666666666666,0.252999061474685,0.719122332343805,"TR","PR",0.277511961722488
325.184211717977,16.916994,1.30666666666666,0.252999061474685,0.719122332343805,"TR","PR",0.277511961722488
426.125524690466,16.998207,1.30666666666666,0.252999061474685,0.719122332343805,"TR","PR",0.277511961722488
431.228619664955,11.878182,1.30666666666666,0.252999061474685,0.719122332343805,"TR","PR",0.277511961722488
462.878392346485,0.55414855,1.30666666666666,0.252999061474685,0.719122332343805,"TR","PR",0.277511961722488
484.789580350338,17.03522,1.30666666666666,0.252999061474685,0.719122332343805,"TR","PR",0.277511961722488
486.787714291644,17.032167,1.30666666666666,0.252999061474685,0.719122332343805,"TR","PR",0.277511961722488
491.358814095105,16.583855,1.30666666666666,0.252999061474685,0.719122332343805,"TR","PR",0.277511961722488
93.0080087045266,16.673315,1.12666666666667,0.288487463323488,0.754394716590921,"TR","PR",0.315378120331681
118.039777000686,15.867932,1.12666666666667,0.288487463323488,0.754394716590921,"TR","PR",0.315378120331681
121.050692909369,15.435498,1.12666666666667,0.288487463323488,0.754394716590921,"TR","PR",0.315378120331681
124.01397729965,16.776573,1.12666666666667,0.288487463323488,0.754394716590921,"TR","PR",0.315378120331681
145.050934804008,14.939954,1.12666666666667,0.288487463323488,0.754394716590921,"TR","PR",0.315378120331681
147.030173620664,16.249598,1.12666666666667,0.288487463323488,0.754394716590921,"TR","PR",0.315378120331681
147.066530150242,15.649183,1.12666666666667,0.288487463323488,0.754394716590921,"TR","PR",0.315378120331681
147.066537166522,15.441309,1.12666666666667,0.288487463323488,0.754394716590921,"TR","PR",0.315378120331681
161.082283609317,16.070335,1.12666666666667,0.288487463323488,0.754394716590921,"TR","PR",0.315378120331681
179.055315376878,16.977894,1.12666666666667,0.288487463323488,0.754394716590921,"TR","PR",0.315378120331681
182.046371118536,16.745245,1.12666666666667,0.288487463323488,0.754394716590921,"TR","PR",0.315378120331681
226.084263940647,16.128382,1.12666666666667,0.288487463323488,0.754394716590921,"TR","PR",0.315378120331681
236.105152338791,12.948154,1.12666666666667,0.288487463323488,0.754394716590921,"TR","PR",0.315378120331681
269.121774197577,12.937054,1.12666666666667,0.288487463323488,0.754394716590921,"TR","PR",0.315378120331681
297.152861830757,16.916264,1.12666666666667,0.288487463323488,0.754394716590921,"TR","PR",0.315378120331681
377.061924287292,13.559451,1.12666666666667,0.288487463323488,0.754394716590921,"TR","PR",0.315378120331681
83.0236227411721,16.438583,0.960000000000008,0.327186877790304,0.772173079195382,"TR","PR",0.356232003290827
83.0236263641424,14.965072,0.806666666666665,0.369107590437563,0.772173079195382,"TR","PR",0.400181861482171
90.0083371918715,16.609215,0.960000000000008,0.327186877790304,0.772173079195382,"TR","PR",0.356232003290827
92.0239935207597,15.563347,0.960000000000008,0.327186877790304,0.772173079195382,"TR","PR",0.356232003290827
106.03969566512,14.728031,0.960000000000008,0.327186877790304,0.772173079195382,"TR","PR",0.356232003290827
106.03969761173,16.894886,0.960000000000008,0.327186877790304,0.772173079195382,"TR","PR",0.356232003290827
107.034980577743,15.738287,0.806666666666665,0.369107590437563,0.772173079195382,"TR","PR",0.400181861482171
118.039770228335,16.699055,0.960000000000008,0.327186877790304,0.772173079195382,"TR","PR",0.356232003290827
122.034725790695,16.154324,0.960000000000008,0.327186877790304,0.772173079195382,"TR","PR",0.356232003290827
130.039878323457,16.24468,0.806666666666665,0.369107590437563,0.772173079195382,"TR","PR",0.400181861482171
131.035127978337,16.24896,0.960000000000008,0.327186877790304,0.772173079195382,"TR","PR",0.356232003290827
133.050781749153,15.648979,0.806666666666665,0.369107590437563,0.772173079195382,"TR","PR",0.400181861482171
134.034808762058,16.67,0.806666666666665,0.369107590437563,0.772173079195382,"TR","PR",0.400181861482171
143.035240639599,16.671503,0.960000000000008,0.327186877790304,0.772173079195382,"TR","PR",0.356232003290827
145.050839493421,16.141773,0.806666666666665,0.369107590437563,0.772173079195382,"TR","PR",0.400181861482171
147.030135464421,16.756649,0.960000000000008,0.327186877790304,0.772173079195382,"TR","PR",0.356232003290827
163.061574237935,15.733917,0.806666666666665,0.369107590437563,0.772173079195382,"TR","PR",0.400181861482171
169.051064304807,16.285364,0.806666666666665,0.369107590437563,0.772173079195382,"TR","PR",0.400181861482171
173.081088920193,6.610568,0.960000000000008,0.327186877790304,0.772173079195382,"TR","PR",0.356232003290827
175.061651765366,15.779885,0.806666666666665,0.369107590437563,0.772173079195382,"TR","PR",0.400181861482171
175.061721771399,16.985147,0.960000000000008,0.327186877790304,0.772173079195382,"TR","PR",0.356232003290827
182.046393620231,16.173647,0.960000000000008,0.327186877790304,0.772173079195382,"TR","PR",0.356232003290827
184.062058601766,16.079058,0.806666666666665,0.369107590437563,0.772173079195382,"TR","PR",0.400181861482171
186.077719479961,16.657696,0.960000000000008,0.327186877790304,0.772173079195382,"TR","PR",0.356232003290827
186.077730814253,16.058588,0.960000000000008,0.327186877790304,0.772173079195382,"TR","PR",0.356232003290827
189.930918809747,17.040894,0.806666666666665,0.369107590437563,0.772173079195382,"TR","PR",0.400181861482171
195.933618090951,16.75006,0.806666666666665,0.369107590437563,0.772173079195382,"TR","PR",0.400181861482171
196.062157847837,16.300648,0.960000000000008,0.327186877790304,0.772173079195382,"TR","PR",0.356232003290827
211.073181380128,16.693748,0.806666666666665,0.369107590437563,0.772173079195382,"TR","PR",0.400181861482171
215.128386843288,10.627636,0.806666666666665,0.369107590437563,0.772173079195382,"TR","PR",0.400181861482171
221.154242450111,12.947927,0.806666666666665,0.369107590437563,0.772173079195382,"TR","PR",0.400181861482171
223.073296419594,16.353544,0.806666666666665,0.369107590437563,0.772173079195382,"TR","PR",0.400181861482171
227.104597976399,16.651293,0.960000000000008,0.327186877790304,0.772173079195382,"TR","PR",0.356232003290827
233.154365835713,14.367309,0.960000000000008,0.327186877790304,0.772173079195382,"TR","PR",0.356232003290827
237.089093405743,16.399765,0.806666666666665,0.369107590437563,0.772173079195382,"TR","PR",0.400181861482171
237.089107188511,16.884235,0.960000000000008,0.327186877790304,0.772173079195382,"TR","PR",0.356232003290827
238.084368472188,16.119438,0.806666666666665,0.369107590437563,0.772173079195382,"TR","PR",0.400181861482171
265.147878356012,16.293533,0.806666666666665,0.369107590437563,0.772173079195382,"TR","PR",0.400181861482171
293.175968265563,12.948267,0.806666666666665,0.369107590437563,0.772173079195382,"TR","PR",0.400181861482171
293.17926793222,16.600187,0.806666666666665,0.369107590437563,0.772173079195382,"TR","PR",0.400181861482171
299.095561489451,14.728737,0.806666666666665,0.369107590437563,0.772173079195382,"TR","PR",0.400181861482171
339.199795325922,16.074526,0.960000000000008,0.327186877790304,0.772173079195382,"TR","PR",0.356232003290827
340.854293550586,17.032932,0.806666666666665,0.369107590437563,0.772173079195382,"TR","PR",0.400181861482171
377.085643302424,17.170242,0.806666666666665,0.369107590437563,0.772173079195382,"TR","PR",0.400181861482171
393.171842973313,16.92453,0.806666666666665,0.369107590437563,0.772173079195382,"TR","PR",0.400181861482171
410.161747276115,16.904472,0.806666666666665,0.369107590437563,0.772173079195382,"TR","PR",0.400181861482171
491.35874937872,15.980366,0.806666666666665,0.369107590437563,0.772173079195382,"TR","PR",0.400181861482171
514.132947836007,12.5125,0.960000000000008,0.327186877790304,0.772173079195382,"TR","PR",0.356232003290827
530.865463245887,0.55501366,0.806666666666665,0.369107590437563,0.772173079195382,"TR","PR",0.400181861482171
585.343382517854,14.926218,0.806666666666665,0.369107590437563,0.772173079195382,"TR","PR",0.400181861482171
90.0083363750148,16.79387,0.666666666666664,0.414216178242526,0.799391369818602,"TR","PR",0.446967892788326
92.0239925169818,15.331539,0.666666666666664,0.414216178242526,0.799391369818602,"TR","PR",0.446967892788326
106.039689846517,15.080238,0.666666666666664,0.414216178242526,0.799391369818602,"TR","PR",0.446967892788326
109.039387809338,15.480521,0.666666666666664,0.414216178242526,0.799391369818602,"TR","PR",0.446967892788326
110.034648575623,15.630476,0.666666666666664,0.414216178242526,0.799391369818602,"TR","PR",0.446967892788326
121.050702579661,16.06177,0.666666666666664,0.414216178242526,0.799391369818602,"TR","PR",0.446967892788326
122.034727701197,16.859606,0.666666666666664,0.414216178242526,0.799391369818602,"TR","PR",0.446967892788326
133.050784982292,15.432158,0.666666666666664,0.414216178242526,0.799391369818602,"TR","PR",0.446967892788326
134.034813372648,16.166395,0.666666666666664,0.414216178242526,0.799391369818602,"TR","PR",0.446967892788326
135.969840764193,16.078974,0.666666666666664,0.414216178242526,0.799391369818602,"TR","PR",0.446967892788326
148.050571639821,15.191882,0.666666666666664,0.414216178242526,0.799391369818602,"TR","PR",0.446967892788326
158.046190020514,16.41558,0.666666666666664,0.414216178242526,0.799391369818602,"TR","PR",0.446967892788326
163.061614107089,16.969725,0.666666666666664,0.414216178242526,0.799391369818602,"TR","PR",0.446967892788326
171.06671292287,15.502273,0.666666666666664,0.414216178242526,0.799391369818602,"TR","PR",0.446967892788326
184.062056013042,16.851671,0.666666666666664,0.414216178242526,0.799391369818602,"TR","PR",0.446967892788326
191.056678480478,16.655968,0.666666666666664,0.414216178242526,0.799391369818602,"TR","PR",0.446967892788326
198.077828685839,16.17272,0.666666666666664,0.414216178242526,0.799391369818602,"TR","PR",0.446967892788326
213.088841487812,16.701727,0.666666666666664,0.414216178242526,0.799391369818602,"TR","PR",0.446967892788326
242.943269112861,0.5406019,0.666666666666664,0.414216178242526,0.799391369818602,"TR","PR",0.446967892788326
329.233413088529,12.208355,0.666666666666664,0.414216178242526,0.799391369818602,"TR","PR",0.446967892788326
336.858824795096,17.394886,0.666666666666664,0.414216178242526,0.799391369818602,"TR","PR",0.446967892788326
93.0080121224381,16.164326,0.539999999999992,0.46243272645048,0.825434525370651,"TR","PR",0.496698348091537
107.034987400118,15.282515,0.539999999999992,0.46243272645048,0.825434525370651,"TR","PR",0.496698348091537
110.034654608745,15.432622,0.539999999999992,0.46243272645048,0.825434525370651,"TR","PR",0.496698348091537
110.034658847682,15.180128,0.539999999999992,0.46243272645048,0.825434525370651,"TR","PR",0.496698348091537
130.03987619652,15.683663,0.539999999999992,0.46243272645048,0.825434525370651,"TR","PR",0.496698348091537
132.055531788078,15.863217,0.539999999999992,0.46243272645048,0.825434525370651,"TR","PR",0.496698348091537
144.055638501622,15.755612,0.539999999999992,0.46243272645048,0.825434525370651,"TR","PR",0.496698348091537
155.035304762369,16.227299,0.539999999999992,0.46243272645048,0.825434525370651,"TR","PR",0.496698348091537
157.050964507942,16.429167,0.539999999999992,0.46243272645048,0.825434525370651,"TR","PR",0.496698348091537
158.046192617562,15.453588,0.539999999999992,0.46243272645048,0.825434525370651,"TR","PR",0.496698348091537
163.061581490475,16.406225,0.539999999999992,0.46243272645048,0.825434525370651,"TR","PR",0.496698348091537
173.082401576982,16.062399,0.539999999999992,0.46243272645048,0.825434525370651,"TR","PR",0.496698348091537
174.077628997133,16.060692,0.539999999999992,0.46243272645048,0.825434525370651,"TR","PR",0.496698348091537
174.955223480807,0.51881945,0.539999999999992,0.46243272645048,0.825434525370651,"TR","PR",0.496698348091537
210.077922933136,16.68647,0.539999999999992,0.46243272645048,0.825434525370651,"TR","PR",0.496698348091537
225.061217586895,16.977789,0.539999999999992,0.46243272645048,0.825434525370651,"TR","PR",0.496698348091537
225.088963709634,15.846042,0.539999999999992,0.46243272645048,0.825434525370651,"TR","PR",0.496698348091537
265.147891747623,16.07208,0.539999999999992,0.46243272645048,0.825434525370651,"TR","PR",0.496698348091537
310.930912220027,0.55791545,0.539999999999992,0.46243272645048,0.825434525370651,"TR","PR",0.496698348091537
404.104712089321,17.005531,0.539999999999992,0.46243272645048,0.825434525370651,"TR","PR",0.496698348091537
455.102084473638,16.995525,0.539999999999992,0.46243272645048,0.825434525370651,"TR","PR",0.496698348091537
461.159150015868,16.93301,0.539999999999992,0.46243272645048,0.825434525370651,"TR","PR",0.496698348091537
83.0236231689375,15.1884165,0.426666666666662,0.513629113393126,0.839462582201891,"TR","PR",0.548961874039274
109.03938577152,15.837658,0.426666666666662,0.513629113393126,0.839462582201891,"TR","PR",0.548961874039274
110.034645456529,16.468458,0.426666666666662,0.513629113393126,0.839462582201891,"TR","PR",0.548961874039274
120.019072082576,16.209986,0.426666666666662,0.513629113393126,0.839462582201891,"TR","PR",0.548961874039274
122.034721095183,15.897967,0.426666666666669,0.513629113393123,0.839462582201891,"TR","PR",0.548961874039274
131.035124960022,16.018023,0.426666666666669,0.513629113393123,0.839462582201891,"TR","PR",0.548961874039274
131.035126554632,16.476358,0.426666666666662,0.513629113393126,0.839462582201891,"TR","PR",0.548961874039274
132.055545951462,15.161526,0.426666666666662,0.513629113393126,0.839462582201891,"TR","PR",0.548961874039274
145.050839995032,16.378792,0.426666666666669,0.513629113393123,0.839462582201891,"TR","PR",0.548961874039274
147.030148811658,16.575891,0.426666666666662,0.513629113393126,0.839462582201891,"TR","PR",0.548961874039274
148.050554855643,15.768782,0.426666666666662,0.513629113393126,0.839462582201891,"TR","PR",0.548961874039274
161.082274485416,15.845567,0.426666666666669,0.513629113393123,0.839462582201891,"TR","PR",0.548961874039274
163.061572647912,16.658892,0.426666666666662,0.513629113393126,0.839462582201891,"TR","PR",0.548961874039274
169.051055512303,16.516685,0.426666666666662,0.513629113393126,0.839462582201891,"TR","PR",0.548961874039274
170.04628505153,16.403414,0.426666666666669,0.513629113393123,0.839462582201891,"TR","PR",0.548961874039274
172.061968406722,16.41532,0.426666666666669,0.513629113393123,0.839462582201891,"TR","PR",0.548961874039274
174.077625291064,15.810205,0.426666666666662,0.513629113393126,0.839462582201891,"TR","PR",0.548961874039274
186.077730868507,16.335072,0.426666666666669,0.513629113393123,0.839462582201891,"TR","PR",0.548961874039274
199.073079714347,16.498537,0.426666666666662,0.513629113393126,0.839462582201891,"TR","PR",0.548961874039274
226.08425069332,16.47767,0.426666666666662,0.513629113393126,0.839462582201891,"TR","PR",0.548961874039274
239.104773479129,16.0653,0.426666666666669,0.513629113393123,0.839462582201891,"TR","PR",0.548961874039274
242.175945517868,11.109664,0.426666666666669,0.513629113393123,0.839462582201891,"TR","PR",0.548961874039274
311.168638632405,15.357674,0.426666666666669,0.513629113393123,0.839462582201891,"TR","PR",0.548961874039274
329.233378851208,11.45605,0.426666666666669,0.513629113393123,0.839462582201891,"TR","PR",0.548961874039274
361.163441441427,12.948604,0.426666666666669,0.513629113393123,0.839462582201891,"TR","PR",0.548961874039274
441.033888901883,17.011293,0.426666666666669,0.513629113393123,0.839462582201891,"TR","PR",0.548961874039274
491.358813440611,16.202518,0.426666666666669,0.513629113393123,0.839462582201891,"TR","PR",0.548961874039274
83.0236221481593,15.403147,0.326666666666661,0.567628499263339,0.853073865272203,"TR","PR",0.603780120807985
90.0083348867528,15.858132,0.326666666666661,0.567628499263339,0.853073865272203,"TR","PR",0.603780120807985
107.034983043922,15.499021,0.326666666666661,0.567628499263339,0.853073865272203,"TR","PR",0.603780120807985
117.019415277211,15.810258,0.326666666666661,0.567628499263339,0.853073865272203,"TR","PR",0.603780120807985
120.019069793086,16.413633,0.326666666666661,0.567628499263339,0.853073865272203,"TR","PR",0.603780120807985
130.039875891698,15.505602,0.326666666666661,0.567628499263339,0.853073865272203,"TR","PR",0.603780120807985
133.050780924886,15.8609705,0.326666666666661,0.567628499263339,0.853073865272203,"TR","PR",0.603780120807985
136.050472975221,16.13028,0.326666666666661,0.567628499263339,0.853073865272203,"TR","PR",0.603780120807985
144.055651531896,16.656866,0.326666666666661,0.567628499263339,0.853073865272203,"TR","PR",0.603780120807985
145.050852395924,16.885967,0.326666666666661,0.567628499263339,0.853073865272203,"TR","PR",0.603780120807985
163.061580007217,15.303174,0.326666666666661,0.567628499263339,0.853073865272203,"TR","PR",0.603780120807985
165.019728491147,16.894913,0.326666666666661,0.567628499263339,0.853073865272203,"TR","PR",0.603780120807985
171.066714057606,16.936596,0.326666666666661,0.567628499263339,0.853073865272203,"TR","PR",0.603780120807985
184.06205078669,15.864591,0.326666666666661,0.567628499263339,0.853073865272203,"TR","PR",0.603780120807985
196.06216620668,16.497673,0.326666666666661,0.567628499263339,0.853073865272203,"TR","PR",0.603780120807985
213.088849783668,16.445988,0.326666666666661,0.567628499263339,0.853073865272203,"TR","PR",0.603780120807985
225.088973031395,16.220974,0.326666666666661,0.567628499263339,0.853073865272203,"TR","PR",0.603780120807985
225.088977089114,16.07421,0.326666666666661,0.567628499263339,0.853073865272203,"TR","PR",0.603780120807985
239.067053346382,14.197567,0.326666666666661,0.567628499263339,0.853073865272203,"TR","PR",0.603780120807985
239.104752685004,16.513298,0.326666666666661,0.567628499263339,0.853073865272203,"TR","PR",0.603780120807985
279.111141482876,16.72932,0.326666666666661,0.567628499263339,0.853073865272203,"TR","PR",0.603780120807985
311.168625183993,15.746639,0.326666666666661,0.567628499263339,0.853073865272203,"TR","PR",0.603780120807985
329.233412936358,12.971571,0.326666666666661,0.567628499263339,0.853073865272203,"TR","PR",0.603780120807985
336.858788944177,0.038009968,0.326666666666661,0.567628499263339,0.853073865272203,"TR","PR",0.603780120807985
377.085752421442,17.00229,0.326666666666661,0.567628499263339,0.853073865272203,"TR","PR",0.603780120807985
413.218236178724,12.620068,0.326666666666661,0.567628499263339,0.853073865272203,"TR","PR",0.603780120807985
447.134285452843,12.784005,0.326666666666661,0.567628499263339,0.853073865272203,"TR","PR",0.603780120807985
491.358961747302,16.403982,0.326666666666661,0.567628499263339,0.853073865272203,"TR","PR",0.603780120807985
92.0239936879964,16.705269,0.239999999999995,0.62420611476641,0.870559461394219,"TR","PR",0.660720084868692
106.039693697103,16.65259,0.239999999999995,0.62420611476641,0.870559461394219,"TR","PR",0.660720084868692
108.01897619817,16.653759,0.239999999999995,0.62420611476641,0.870559461394219,"TR","PR",0.660720084868692
116.919923163272,14.917061,0.239999999999995,0.62420611476641,0.870559461394219,"TR","PR",0.660720084868692
120.055451668566,16.937904,0.239999999999995,0.62420611476641,0.870559461394219,"TR","PR",0.660720084868692
122.034723391286,15.599234,0.239999999999995,0.62420611476641,0.870559461394219,"TR","PR",0.660720084868692
131.03513892513,15.379555,0.239999999999995,0.62420611476641,0.870559461394219,"TR","PR",0.660720084868692
144.055636647032,16.349129,0.239999999999995,0.62420611476641,0.870559461394219,"TR","PR",0.660720084868692
147.030173317404,16.012184,0.239999999999995,0.62420611476641,0.870559461394219,"TR","PR",0.660720084868692
159.066642979146,15.616761,0.239999999999995,0.62420611476641,0.870559461394219,"TR","PR",0.660720084868692
161.045960855144,15.7255945,0.239999999999995,0.62420611476641,0.870559461394219,"TR","PR",0.660720084868692
170.046297448036,16.079144,0.239999999999995,0.62420611476641,0.870559461394219,"TR","PR",0.660720084868692
184.062060753621,16.340317,0.239999999999995,0.62420611476641,0.870559461394219,"TR","PR",0.660720084868692
186.077732384512,15.385044,0.239999999999995,0.62420611476641,0.870559461394219,"TR","PR",0.660720084868692
196.062174365259,16.834305,0.239999999999995,0.62420611476641,0.870559461394219,"TR","PR",0.660720084868692
198.077822827488,15.839209,0.239999999999995,0.62420611476641,0.870559461394219,"TR","PR",0.660720084868692
200.093489526539,16.528002,0.239999999999995,0.62420611476641,0.870559461394219,"TR","PR",0.660720084868692
205.965681519054,16.899433,0.239999999999995,0.62420611476641,0.870559461394219,"TR","PR",0.660720084868692
210.077934185293,16.51169,0.239999999999995,0.62420611476641,0.870559461394219,"TR","PR",0.660720084868692
239.10472912482,16.699879,0.239999999999995,0.62420611476641,0.870559461394219,"TR","PR",0.660720084868692
252.100193876867,16.138992,0.239999999999995,0.62420611476641,0.870559461394219,"TR","PR",0.660720084868692
325.184187097682,16.405966,0.239999999999995,0.62420611476641,0.870559461394219,"TR","PR",0.660720084868692
352.853660193092,3.5539572,0.239999999999995,0.62420611476641,0.870559461394219,"TR","PR",0.660720084868692
387.114668338311,17.00316,0.239999999999995,0.62420611476641,0.870559461394219,"TR","PR",0.660720084868692
387.28662962475,12.492692,0.239999999999995,0.62420611476641,0.870559461394219,"TR","PR",0.660720084868692
482.789226409798,17.047228,0.239999999999995,0.62420611476641,0.870559461394219,"TR","PR",0.660720084868692
499.363883626206,16.085169,0.239999999999995,0.62420611476641,0.870559461394219,"TR","PR",0.660720084868692
84.0076321845089,16.031567,0.166666666666671,0.683091398309605,0.884299013158226,"TR","PR",0.719695165515599
93.0080111058288,15.911882,0.166666666666671,0.683091398309605,0.884299013158226,"TR","PR",0.719695165515599
104.024067202153,16.659138,0.166666666666671,0.683091398309605,0.884299013158226,"TR","PR",0.719695165515599
106.039694353573,15.629949,0.166666666666671,0.683091398309605,0.884299013158226,"TR","PR",0.719695165515599
108.018975895013,16.0746,0.166666666666671,0.683091398309605,0.884299013158226,"TR","PR",0.719695165515599
116.024120107848,16.385376,0.166666666666671,0.683091398309605,0.884299013158226,"TR","PR",0.719695165515599
120.0554488254,16.171179,0.166666666666671,0.683091398309605,0.884299013158226,"TR","PR",0.719695165515599
135.066445989628,16.08089,0.166666666666671,0.683091398309605,0.884299013158226,"TR","PR",0.719695165515599
135.066452014121,16.35758,0.166666666666671,0.683091398309605,0.884299013158226,"TR","PR",0.719695165515599
137.023276938483,7.9731965,0.166666666666671,0.683091398309605,0.884299013158226,"TR","PR",0.719695165515599
140.02429361245,16.57514,0.166666666666671,0.683091398309605,0.884299013158226,"TR","PR",0.719695165515599
141.019560259491,16.290783,0.166666666666671,0.683091398309605,0.884299013158226,"TR","PR",0.719695165515599
143.035252854236,16.245892,0.166666666666671,0.683091398309605,0.884299013158226,"TR","PR",0.719695165515599
143.035253468391,16.414982,0.166666666666671,0.683091398309605,0.884299013158226,"TR","PR",0.719695165515599
169.051054768353,16.723581,0.166666666666671,0.683091398309605,0.884299013158226,"TR","PR",0.719695165515599
171.066715434742,16.072403,0.166666666666671,0.683091398309605,0.884299013158226,"TR","PR",0.719695165515599
172.061958878157,15.450867,0.166666666666671,0.683091398309605,0.884299013158226,"TR","PR",0.719695165515599
186.077724290011,15.837139,0.166666666666671,0.683091398309605,0.884299013158226,"TR","PR",0.719695165515599
186.077729481965,15.597478,0.166666666666671,0.683091398309605,0.884299013158226,"TR","PR",0.719695165515599
191.056681237452,16.884249,0.166666666666671,0.683091398309605,0.884299013158226,"TR","PR",0.719695165515599
196.062158305788,16.667587,0.166666666666671,0.683091398309605,0.884299013158226,"TR","PR",0.719695165515599
198.077814517986,16.675505,0.166666666666671,0.683091398309605,0.884299013158226,"TR","PR",0.719695165515599
213.088856448448,16.252657,0.166666666666671,0.683091398309605,0.884299013158226,"TR","PR",0.719695165515599
243.196342087588,14.356658,0.166666666666671,0.683091398309605,0.884299013158226,"TR","PR",0.719695165515599
252.100158670043,16.645685,0.166666666666671,0.683091398309605,0.884299013158226,"TR","PR",0.719695165515599
329.2334371241,12.604264,0.166666666666671,0.683091398309605,0.884299013158226,"TR","PR",0.719695165515599
339.199793222385,16.910164,0.166666666666671,0.683091398309605,0.884299013158226,"TR","PR",0.719695165515599
466.816751011376,17.040564,0.166666666666671,0.683091398309605,0.884299013158226,"TR","PR",0.719695165515599
491.358787958105,16.869461,0.166666666666671,0.683091398309605,0.884299013158226,"TR","PR",0.719695165515599
90.0083347026305,15.663375,0.106666666666662,0.743971478075062,0.898607582062951,"TR","PR",0.780185758513932
90.0083387157839,16.111357,0.106666666666662,0.743971478075062,0.898607582062951,"TR","PR",0.780185758513932
106.039692661568,15.422513,0.106666666666662,0.743971478075062,0.898607582062951,"TR","PR",0.780185758513932
106.039697129953,16.441238,0.106666666666662,0.743971478075062,0.898607582062951,"TR","PR",0.780185758513932
109.039392301827,15.123617,0.106666666666662,0.743971478075062,0.898607582062951,"TR","PR",0.780185758513932
110.034646072653,16.673256,0.106666666666662,0.743971478075062,0.898607582062951,"TR","PR",0.780185758513932
120.019067684992,15.988564,0.106666666666662,0.743971478075062,0.898607582062951,"TR","PR",0.780185758513932
121.050698236832,15.855703,0.106666666666662,0.743971478075062,0.898607582062951,"TR","PR",0.780185758513932
122.034727495528,15.429183,0.106666666666662,0.743971478075062,0.898607582062951,"TR","PR",0.780185758513932
129.01811586052,0.6898572,0.106666666666662,0.743971478075062,0.898607582062951,"TR","PR",0.780185758513932
134.034813805364,15.422277,0.106666666666662,0.743971478075062,0.898607582062951,"TR","PR",0.780185758513932
147.066549184694,16.95107,0.106666666666662,0.743971478075062,0.898607582062951,"TR","PR",0.780185758513932
148.050556569335,16.696213,0.106666666666662,0.743971478075062,0.898607582062951,"TR","PR",0.780185758513932
159.066633899067,15.809995,0.106666666666662,0.743971478075062,0.898607582062951,"TR","PR",0.780185758513932
163.061581262293,15.516209,0.106666666666662,0.743971478075062,0.898607582062951,"TR","PR",0.780185758513932
171.066721585797,16.272062,0.106666666666662,0.743971478075062,0.898607582062951,"TR","PR",0.780185758513932
194.973022937297,16.222452,0.106666666666662,0.743971478075062,0.898607582062951,"TR","PR",0.780185758513932
210.077943096305,16.300665,0.106666666666662,0.743971478075062,0.898607582062951,"TR","PR",0.780185758513932
212.093606597874,16.063034,0.106666666666662,0.743971478075062,0.898607582062951,"TR","PR",0.780185758513932
223.073274846157,16.750742,0.106666666666662,0.743971478075062,0.898607582062951,"TR","PR",0.780185758513932
223.073288838604,16.165895,0.106666666666662,0.743971478075062,0.898607582062951,"TR","PR",0.780185758513932
240.978510192498,8.968483,0.106666666666662,0.743971478075062,0.898607582062951,"TR","PR",0.780185758513932
309.174141485331,16.038387,0.106666666666662,0.743971478075062,0.898607582062951,"TR","PR",0.780185758513932
311.168627398148,15.573575,0.106666666666662,0.743971478075062,0.898607582062951,"TR","PR",0.780185758513932
313.238558129164,13.42539,0.106666666666662,0.743971478075062,0.898607582062951,"TR","PR",0.780185758513932
337.184462841954,16.911425,0.106666666666662,0.743971478075062,0.898607582062951,"TR","PR",0.780185758513932
491.358842329221,15.756348,0.106666666666662,0.743971478075062,0.898607582062951,"TR","PR",0.780185758513932
648.338591610343,14.926392,0.106666666666662,0.743971478075062,0.898607582062951,"TR","PR",0.780185758513932
669.457951104086,16.43868,0.106666666666662,0.743971478075062,0.898607582062951,"TR","PR",0.780185758513932
92.023996722145,16.172365,0.0600000000000094,0.806495940507325,0.922970190121075,"TR","PR",0.842105263157895
107.034989531831,16.056097,0.0600000000000094,0.806495940507325,0.922970190121075,"TR","PR",0.842105263157895
107.034999540565,16.291113,0.0600000000000094,0.806495940507325,0.922970190121075,"TR","PR",0.842105263157895
107.035010450969,16.97614,0.0600000000000094,0.806495940507325,0.922970190121075,"TR","PR",0.842105263157895
117.019410360801,16.351543,0.0600000000000094,0.806495940507325,0.922970190121075,"TR","PR",0.842105263157895
120.055441617869,16.629766,0.0600000000000094,0.806495940507325,0.922970190121075,"TR","PR",0.842105263157895
120.055449205088,16.363306,0.0600000000000094,0.806495940507325,0.922970190121075,"TR","PR",0.842105263157895
131.035131857443,16.888378,0.0600000000000094,0.806495940507325,0.922970190121075,"TR","PR",0.842105263157895
132.055534044673,16.402758,0.0600000000000094,0.806495940507325,0.922970190121075,"TR","PR",0.842105263157895
132.055543116573,16.85475,0.0600000000000094,0.806495940507325,0.922970190121075,"TR","PR",0.842105263157895
133.050784440692,16.853416,0.0600000000000094,0.806495940507325,0.922970190121075,"TR","PR",0.842105263157895
134.03481295507,15.6767845,0.0600000000000094,0.806495940507325,0.922970190121075,"TR","PR",0.842105263157895
145.922533341714,16.4298,0.0600000000000094,0.806495940507325,0.922970190121075,"TR","PR",0.842105263157895
155.035301993624,16.46503,0.0600000000000094,0.806495940507325,0.922970190121075,"TR","PR",0.842105263157895
183.933535701153,16.743097,0.0600000000000094,0.806495940507325,0.922970190121075,"TR","PR",0.842105263157895
186.077739505834,16.90869,0.0600000000000094,0.806495940507325,0.922970190121075,"TR","PR",0.842105263157895
191.056693097939,16.390966,0.0600000000000094,0.806495940507325,0.922970190121075,"TR","PR",0.842105263157895
198.077826734451,16.419561,0.0600000000000094,0.806495940507325,0.922970190121075,"TR","PR",0.842105263157895
213.08884343245,15.513912,0.0600000000000094,0.806495940507325,0.922970190121075,"TR","PR",0.842105263157895
252.100184384542,15.979933,0.0600000000000094,0.806495940507325,0.922970190121075,"TR","PR",0.842105263157895
257.175804787006,12.9868765,0.0600000000000094,0.806495940507325,0.922970190121075,"TR","PR",0.842105263157895
265.147862300908,15.711845,0.0600000000000094,0.806495940507325,0.922970190121075,"TR","PR",0.842105263157895
265.147919732769,14.402925,0.0600000000000094,0.806495940507325,0.922970190121075,"TR","PR",0.842105263157895
311.168642898805,16.036594,0.0600000000000094,0.806495940507325,0.922970190121075,"TR","PR",0.842105263157895
107.034998993128,16.478008,0.0266666666666637,0.870282772281043,0.950225239880972,"TR","PR",0.904825824330468
120.019055859833,15.670955,0.0266666666666637,0.870282772281043,0.950225239880972,"TR","PR",0.904825824330468
120.055443408487,15.923004,0.0266666666666637,0.870282772281043,0.950225239880972,"TR","PR",0.904825824330468
121.050697618352,16.610577,0.0266666666666637,0.870282772281043,0.950225239880972,"TR","PR",0.904825824330468
121.050703003086,16.294344,0.0266666666666637,0.870282772281043,0.950225239880972,"TR","PR",0.904825824330468
131.035210637125,14.927102,0.0266666666666637,0.870282772281043,0.950225239880972,"TR","PR",0.904825824330468
132.055529766251,16.623154,0.0266666666666637,0.870282772281043,0.950225239880972,"TR","PR",0.904825824330468
132.055539690711,15.423544,0.0266666666666637,0.870282772281043,0.950225239880972,"TR","PR",0.904825824330468
133.050793045646,15.198348,0.0266666666666637,0.870282772281043,0.950225239880972,"TR","PR",0.904825824330468
135.066441245301,15.844443,0.0266666666666637,0.870282772281043,0.950225239880972,"TR","PR",0.904825824330468
137.034514957473,13.191259,0.0266666666666637,0.870282772281043,0.950225239880972,"TR","PR",0.904825824330468
140.024296114132,16.892284,0.0266666666666637,0.870282772281043,0.950225239880972,"TR","PR",0.904825824330468
147.066531551747,15.898864,0.0266666666666637,0.870282772281043,0.950225239880972,"TR","PR",0.904825824330468
157.050956258532,15.368418,0.0266666666666637,0.870282772281043,0.950225239880972,"TR","PR",0.904825824330468
161.020998246118,13.559451,0.0266666666666637,0.870282772281043,0.950225239880972,"TR","PR",0.904825824330468
171.066700612044,16.691572,0.0266666666666637,0.870282772281043,0.950225239880972,"TR","PR",0.904825824330468
171.066711779796,15.210082,0.0266666666666637,0.870282772281043,0.950225239880972,"TR","PR",0.904825824330468
172.061954042108,16.709583,0.0266666666666637,0.870282772281043,0.950225239880972,"TR","PR",0.904825824330468
172.061969393004,16.935555,0.0266666666666637,0.870282772281043,0.950225239880972,"TR","PR",0.904825824330468
186.112763822176,16.047865,0.0266666666666637,0.870282772281043,0.950225239880972,"TR","PR",0.904825824330468
237.089095681711,16.185055,0.0266666666666637,0.870282772281043,0.950225239880972,"TR","PR",0.904825824330468
327.217766552258,12.1997595,0.0266666666666637,0.870282772281043,0.950225239880972,"TR","PR",0.904825824330468
66.0083072915818,16.726099,0.00666666666666771,0.934925311642112,0.960640349683349,"TR","PR",0.968239191149408
83.0236203032718,15.6313,0.00666666666666771,0.934925311642112,0.960640349683349,"TR","PR",0.968239191149408
83.023623152688,16.195824,0.00666666666666771,0.934925311642112,0.960640349683349,"TR","PR",0.968239191149408
107.034996313243,16.690554,0.00666666666666771,0.934925311642112,0.960640349683349,"TR","PR",0.968239191149408
110.034644616621,16.271584,0.00666666666666771,0.934925311642112,0.960640349683349,"TR","PR",0.968239191149408
117.019415441447,16.002735,0.00666666666666771,0.934925311642112,0.960640349683349,"TR","PR",0.968239191149408
120.019058502361,16.641325,0.00666666666666771,0.934925311642112,0.960640349683349,"TR","PR",0.968239191149408
122.034721132428,16.647518,0.00666666666666771,0.934925311642112,0.960640349683349,"TR","PR",0.968239191149408
133.050777027647,16.641531,0.00666666666666771,0.934925311642112,0.960640349683349,"TR","PR",0.968239191149408
141.019561651577,16.40191,0.00666666666666771,0.934925311642112,0.960640349683349,"TR","PR",0.968239191149408
145.050835404205,16.67332,0.00666666666666771,0.934925311642112,0.960640349683349,"TR","PR",0.968239191149408
145.922523793737,16.627743,0.00666666666666771,0.934925311642112,0.960640349683349,"TR","PR",0.968239191149408
148.050593735498,16.98354,0.00666666666666771,0.934925311642112,0.960640349683349,"TR","PR",0.968239191149408
157.050961912032,15.149982,0.00666666666666771,0.934925311642112,0.960640349683349,"TR","PR",0.968239191149408
163.061578068187,16.152002,0.00666666666666771,0.934925311642112,0.960640349683349,"TR","PR",0.968239191149408
170.046264419889,16.717396,0.00666666666666771,0.934925311642112,0.960640349683349,"TR","PR",0.968239191149408
171.066715688952,16.432941,0.00666666666666771,0.934925311642112,0.960640349683349,"TR","PR",0.968239191149408
174.077619872338,16.710817,0.00666666666666771,0.934925311642112,0.960640349683349,"TR","PR",0.968239191149408
201.112613836627,9.338725,0.00666666666666771,0.934925311642112,0.960640349683349,"TR","PR",0.968239191149408
206.965349361606,16.894268,0.00666666666666771,0.934925311642112,0.960640349683349,"TR","PR",0.968239191149408
211.07319496125,16.439201,0.00666666666666771,0.934925311642112,0.960640349683349,"TR","PR",0.968239191149408
238.084360763145,16.495638,0.00666666666666771,0.934925311642112,0.960640349683349,"TR","PR",0.968239191149408
238.084375565012,16.014404,0.00666666666666771,0.934925311642112,0.960640349683349,"TR","PR",0.968239191149408
242.974313910066,8.968483,0.00666666666666771,0.934925311642112,0.960640349683349,"TR","PR",0.968239191149408
285.207170232811,13.794543,0.00666666666666771,0.934925311642112,0.960640349683349,"TR","PR",0.968239191149408
309.174060353433,16.733154,0.00666666666666771,0.934925311642112,0.960640349683349,"TR","PR",0.968239191149408
309.174086325702,16.912884,0.00666666666666771,0.934925311642112,0.960640349683349,"TR","PR",0.968239191149408
325.184189802769,16.618431,0.00666666666666771,0.934925311642112,0.960640349683349,"TR","PR",0.968239191149408
325.20157955852,12.826956,0.00666666666666771,0.934925311642112,0.960640349683349,"TR","PR",0.968239191149408
341.108991709729,17.00198,0.00666666666666771,0.934925311642112,0.960640349683349,"TR","PR",0.968239191149408
116.024116326713,15.858254,0,1,1,"TR","PR",1
118.039790167728,16.285599,0,1,1,"TR","PR",1
121.05071066762,16.96348,0,1,1,"TR","PR",1
133.050781862658,16.420946,0,1,1,"TR","PR",1
134.03481641564,16.393234,0,1,1,"TR","PR",1
141.019557381387,16.891972,0,1,1,"TR","PR",1
173.082394295016,16.457794,0,1,1,"TR","PR",1
191.056692433115,16.159355,0,1,1,"TR","PR",1
198.077845583929,16.93379,0,1,1,"TR","PR",1
200.093489549986,15.962589,0,1,1,"TR","PR",1
213.088845181797,16.92468,0,1,1,"TR","PR",1
225.088958963474,16.649118,0,1,1,"TR","PR",1
301.057852256771,13.190423,0,1,1,"TR","PR",1
309.074485847104,13.559451,0,1,1,"TR","PR",1
