"feature","Healthy","TR1","TR2","MeanDecreaseAccuracy","MeanDecreaseGini"
"9208_190.4892_17.02",0,0,2.65204950016431,2.49394692617897,0.131831653640477
"3729_185.1147_7.69",2.66446832984185,1.41705050316284,1.00100150250438,2.39173555088744,0.147949643717136
"3571_547.332_7",2.24733287487747,1.60420113133121,1.00100150250438,2.31856502646859,0.142235520241712
"9027_89.069_16.96",-1.34406227991274,1.80582630473033,0.817041456918251,2.21145531265969,0.146769560504855
"6970_399.3075_15.59",1.41705050316284,1.12281614111005,1.72842140580061,2.09964850725648,0.1038
"1827_132.0655_0.65",1.73727046020804,1.99436331561544,-0.290045344077152,2.07878669134514,0.139184183996258
"5820_399.2714_14.85",1.67131567616219,1.29996262661172,1.99962043856541,2.05250494636831,0.0820157231657232
"3572_564.3585_7.01",2.00804832225625,-0.277371435197549,2.05496616767895,2.02482564530133,0.142963544556579
"7429_130.159_15.66",1.38942503594182,0,1.41705050316284,2.00583404759031,0.0414944444444444
"6120_232.1693_15",0.817041456918251,1.98212491753243,1.76281598554168,1.98043909944553,0.114257936507937
"4770_244.2268_13.62",1.00100150250438,1.9956684335841,1.72842140580061,1.95155839566962,0.0846357142857143
"9204_173.0671_17.02",-1.00100150250438,1.94881009766875,1.63679426555161,1.95100583342755,0.056706666175242
"6093_127.1118_15",2.00804832225625,1.00100150250438,0,1.95074485255521,0.0320764411027569
"6096_132.0807_14.91",1.9042342233658,1.00100150250438,0,1.89587227978952,0.105424371758273
"3233_116.1072_5.26",1.34406227991274,1.26693979201741,1.41705050316284,1.89250373537836,0.0534930735930736
"6090_152.1069_14.89",1.00100150250438,1.41705050316284,1.63593971248684,1.87764485948875,0.0739141025641026
"7656_170.1174_15.69",1.41705050316284,1.73048326707831,1.98770612744662,1.87088675996989,0.0689315782256959
"3678_652.4106_7.48",1.67131567616219,1.41705050316284,0,1.86509497747188,0.0627394591304808
"655_97.0288_0.5",1.57532347087875,1.57532347087875,-1.00100150250438,1.85912391379688,0.0662841991341991
"6117_114.0915_14.9",1.67131567616219,0.817041456918251,1.41705050316284,1.78780742628968,0.0531293297345929
"3728_107.0706_7.69",1.67131567616219,0,0,1.73556617742716,0.0854383458646616
"9346_112.0181_17.03",0,1.37457856297529,1.00100150250438,1.73141574945718,0.095253697283109
"4657_300.2892_13.27",1.41705050316284,0,1.00100150250438,1.72556799401829,0.0431891330891331
"6102_111.0807_14.9",0,1.00100150250438,1.41705050316284,1.7252612186663,0.0499837852206273
"2069_202.1071_0.69",1.41705050316284,0,1.00100150250438,1.71693248262297,0.0529217194570136
"3726_142.07_7.69",1.73727046020804,0,1.41705050316284,1.71459504531897,0.0533053822338652
"2297_172.977_0.79",1.00100150250438,1.00100150250438,1.40275209380409,1.70163194268022,0.0686324929971989
"8967_217.1044_16.88",1.26693979201741,1.17832947503798,0,1.66761262070533,0.0273280748663102
"3426_476.306_6.44",1.41705050316284,1.40834895880057,0,1.6636153460499,0.0816965811965812
"6105_118.0653_14.9",1.00100150250438,0,1.72842140580061,1.63736530665978,0.0493294117647059
"3526_525.2877_6.73",1.63736530665978,1.53110198069386,0.0526317247418217,1.62906998239233,0.114458995579584
"8485_603.9165_16.49",0,1.72842140580061,1.00100150250438,1.62224508584611,0.0286275019098549
"3281_388.2536_5.56",0,1.40275209380409,1.38942503594182,1.62038773572979,0.103122172272172
"9260_103.0506_17.03",0,1.72005229038445,0.937408460674488,1.59243528103053,0.0608459996144207
"3730_163.1328_7.69",1.73727046020804,0,1.00100150250438,1.58013792551274,0.0407777777777778
"5462_484.3838_14.45",0,1.72702014086136,1.00100150250438,1.54764436363398,0.0344
"6114_97.1016_15",0,1.27205462828696,1.70266414755955,1.50634919164031,0.110702549084902
"4124_227.125_11.28",2.29230197460211,-2.06457456082453,2.29823408687561,1.50167163606094,0.245140915225126
"868_88.0237_0.5",1.34406227991274,1.00100150250438,-1.00100150250438,1.41705050316284,0.0797789778848602
"988_110.0579_0.59",1.00100150250438,0,1.00100150250438,1.41705050316284,0.0373555555555555
"9737_155.9905_17.42",0,0,1.34406227991274,1.41705050316284,0.0470020202020202
"6108_312.2527_14.9",1.00100150250438,1.00100150250438,1.30206927713678,1.41705050316284,0.0352372549019608
"4660_371.3262_13.27",0,1.00100150250438,1.00100150250438,1.41705050316284,0.0122272727272727
"9465_171.0054_17.04",1.00100150250438,0.817041456918251,1.69732465414114,1.41625413490227,0.0456666666666667
"9343_111.0204_17.03",0,0,1.38942503594182,1.415440166742,0.0282685314685315
"6391_340.2841_15.2",1.00100150250438,0,1.00100150250438,1.41459540782567,0.00976666666666667
"7694_105.0426_15.75",0,1.00100150250438,1.00100150250438,1.41389939741034,0.0146111111111111
"5143_207.0173_14.12",0,-1.00100150250438,1.69975302666866,1.41120774204966,0.0322404761904762
"5719_91.5051_14.77",0,1.00100150250438,1.00100150250438,1.40998991860812,0.0169
"9291_131.5386_17.03",0,1.41120774204966,1.41705050316284,1.40834895880057,0.0396221833721834
"3005_217.1044_3.3",0,0,1.41705050316284,1.40834895880057,0.0215619047619048
"7220_136.0215_15.47",0,0.447303065060821,1.00100150250438,1.40606442787545,0.0434637654742918
"6786_756.5522_15.34",-1.00100150250438,1.72005229038445,0,1.40606442787545,0.0236687234334293
"5392_235.169_14.37",0,1.00100150250438,1.41705050316284,1.3976941536882,0.0133333333333333
"6037_744.4306_14.97",0,1.40834895880057,1.00100150250438,1.39540341548455,0.0124888888888889
"9079_132.0767_16.99",1.00100150250438,-0.220873826745506,1.72005229038445,1.38910199303167,0.0661051282051282
"7843_305.1566_15.83",0,-0.557258983818637,1.8679281836071,1.38646599563718,0.0746044243338361
"5552_804.4882_14.57",1.00100150250438,1.41705050316284,0,1.38062136715865,0.0189112554112554
"2775_99.5126_2.87",0,1.00100150250438,1.00100150250438,1.37836705658638,0.0271444444444444
"5875_141.1272_14.89",1.79140869544725,0,0.72799238491593,1.3712322289777,0.136374466709761
"3570_569.3139_7.01",1.26693979201741,0.738952120655844,0,1.36692904431769,0.0373651260504202
"3844_269.1355_8.22",1.41705050316284,1.00100150250438,-1.00100150250438,1.36436948635955,0.0336541478129713
"9753_172.9562_17.38",0,1.00100150250438,1.00100150250438,1.36232155017094,0.030482683982684
"3291_388.2536_5.74",1.00100150250438,1.00100150250438,0,1.36232155017094,0.0307335004177109
"9264_115.5572_17.03",0,0.707460599963348,1.72289027103817,1.36000671821855,0.137767724587074
"9543_153.9932_17.04",0,1.00100150250438,1.40275209380409,1.34406227991274,0.0166669330669331
"7860_415.0419_15.83",0,1.34406227991274,1.37457856297529,1.34406227991274,0.0138741258741259
"9497_102.0377_17.04",1.41705050316284,1.83011769211448,0.58240877423806,1.3284712728765,0.110546492070021
"2251_122.0966_0.72",0,1.00100150250438,1.34406227991274,1.31926632682314,0.0261111111111111
"2803_98.5124_3.03",1.00100150250438,1.15198085335914,1.00100150250438,1.28425251718837,0.0531452594189436
"6292_600.4673_15.25",0,1.00100150250438,1.26693979201741,1.22973669137059,0.0177759103641457
"8166_123.0918_16.2",1.00100150250438,1.66911011857018,-0.343037530015732,1.21446541889315,0.0631910580647423
"6089_123.1169_14.89",0.974251939920216,1.00100150250438,1.00100150250438,1.20585995752287,0.0859899356233722
"3525_503.3056_6.73",1.34406227991274,0.390626324554399,0,1.06739577465945,0.0303393185761607
"5161_272.2216_14.13",0,1.00100150250438,0.351166738787001,1.06442618423689,0.0825157485789065
"9176_345.9189_17.02",-1.00100150250438,1.67131567616219,1.00100150250438,1.04532549158245,0.0534148361442479
"8316_64.0165_16.37",0,1.00100150250438,0,1.00100150250438,0.0317619047619048
"6199_133.53_15.06",0,1.00100150250438,1.00100150250438,1.00100150250438,0.0136864801864802
"8352_146.9802_16.21",1.00100150250438,0,0,1.00100150250438,0.0105454545454545
"9181_224.9874_17.02",0,1.00100150250438,0,1.00100150250438,0.0138543417366947
"4049_266.1723_11.11",0,0,1.00100150250438,1.00100150250438,0.00333333333333333
"7674_361.2335_15.81",-1.00100150250438,1.34406227991274,1.00100150250438,1.00100150250438,0.0251047619047619
"6059_369.1244_14.99",0,1.00100150250438,1.00100150250438,1.00100150250438,0.0032
"3777_379.2483_7.9",0,1.00100150250438,0,1.00100150250438,0.00727272727272727
"6240_398.2144_15.11",0,1.00100150250438,0,1.00100150250438,0.009
"6304_556.4412_15.27",1.00100150250438,1.37457856297529,-1.00100150250438,1.00100150250438,0.02225
"5728_557.3371_14.77",-1.00100150250438,1.00100150250438,1.00100150250438,1.00100150250438,0.0323666666666667
"4752_612.3736_13.54",0,0,1.00100150250438,1.00100150250438,0.0173076923076923
"8759_663.4518_16.8",0,0,1.00100150250438,1.00100150250438,0.0160952380952381
"5961_678.4777_14.93",1.00100150250438,0,0,1.00100150250438,0.0124
"2289_74.0607_0.74",1.00100150250438,0,0,1.00100150250438,0.00366666666666667
"9341_74.5311_17.03",0,0,1.00100150250438,1.00100150250438,0.005
"1554_84.0449_0.64",0,1.37457856297529,-1.00100150250438,1.00100150250438,0.0170025641025641
"9353_92.5038_17.03",0,1.00100150250438,0,1.00100150250438,0.00988888888888889
"9514_102.0306_17.04",0,1.00100150250438,0,1.00100150250438,0.012
"9382_110.9894_17.03",0,0,1.00100150250438,1.00100150250438,0.00366666666666667
"9950_113.9638_17.45",0,1.00100150250438,1.00100150250438,1.00100150250438,0.0107919191919192
"3181_114.0916_4.71",1.00100150250438,1.00100150250438,1.00100150250438,1.00100150250438,0.0209
"2004_114.0916_0.7",1.00100150250438,0,1.00100150250438,1.00100150250438,0.0179011380776087
"7619_115.1232_15.74",0,1.00100150250438,0,1.00100150250438,0.0138666666666667
"3278_116.1072_5.49",0,1.00100150250438,1.00100150250438,1.00100150250438,0.0111111111111111
"9158_118.05_17.01",0,1.00100150250438,0,1.00100150250438,0.0116089743589744
"8932_122.0965_16.9",1.00100150250438,1.00100150250438,1.00100150250438,1.00100150250438,0.0112
"9197_125.9723_17.02",-1.00100150250438,1.00100150250438,1.40834895880057,1.00100150250438,0.0300142857142857
"8711_130.159_16.56",0,1.00100150250438,0,1.00100150250438,0.00666666666666667
"9709_130.5333_17.38",0,1.00100150250438,1.00100150250438,1.00100150250438,0.00371428571428572
"5887_137.096_15",0,0,1.00100150250438,1.00100150250438,0.0176291375291375
"9307_139.9877_17.03",0,1.00100150250438,0,1.00100150250438,0.0225222222222222
"9054_140.068_16.98",0,1.00100150250438,0,1.00100150250438,0.0126666666666667
"9028_141.1133_16.96",0,1.00100150250438,0,1.00100150250438,0.00342857142857143
"8972_145.1334_16.92",1.00100150250438,0,1.00100150250438,1.00100150250438,0.0146666666666667
"5713_149.0232_14.75",0,-0.277371435197549,1.00100150250438,1.00100150250438,0.0276857475857476
"7582_153.0909_15.74",0,1.00100150250438,0,1.00100150250438,0.0048
"5347_170.1174_14.29",0,1.00100150250438,1.00100150250438,1.00100150250438,0.031155944055944
"6109_172.133_15",0,1.00100150250438,0,1.00100150250438,0.0247016317016317
"5174_172.133_14.13",-1.00100150250438,1.00100150250438,1.00100150250438,1.00100150250438,0.0119333333333333
"5598_172.133_14.62",0,0,1.00100150250438,1.00100150250438,0.0133146853146853
"8920_173.0783_16.9",0,1.00100150250438,0,1.00100150250438,0.0156625942684766
"2081_178.1225_0.69",1.00100150250438,1.00100150250438,-1.00100150250438,1.00100150250438,0.0131757575757576
"5528_182.1538_14.55",0,0,1.00100150250438,1.00100150250438,0.0337954545454545
"9886_186.9561_17.38",0,0,1.00100150250438,1.00100150250438,0.0132428571428571
"7129_188.1279_15.44",1.00100150250438,0,0,1.00100150250438,0.0167333333333333
"6410_188.1279_15.18",0,0,1.00100150250438,1.00100150250438,0.012
"9611_193.0062_17.07",0,1.00100150250438,1.00100150250438,1.00100150250438,0.00355555555555556
"3039_195.1226_3.69",0,0,1.00100150250438,1.00100150250438,0.0209622377622378
"9586_195.9932_17.05",1.00100150250438,0,0,1.00100150250438,0.0048
"5717_205.0857_14.76",0,1.00100150250438,1.00100150250438,1.00100150250438,0.00557142857142857
"7686_217.1044_15.86",0,1.00100150250438,1.00100150250438,1.00100150250438,0.00375
"7146_217.1044_15.59",0,0,1.00100150250438,1.00100150250438,0.0105874125874126
"7955_217.1044_16.12",0,1.00100150250438,1.00100150250438,1.00100150250438,0.004
"9573_225.0291_17.17",0,0,1.00100150250438,1.00100150250438,0.0401443609022556
"3138_239.1486_4.34",0,1.00100150250438,0,1.00100150250438,0.0178837535014006
"5306_243.1353_14.23",1.00100150250438,0,0,1.00100150250438,0.0287333333333333
"4422_250.1774_12.29",0,0,1.00100150250438,1.00100150250438,0.00555555555555556
"5120_255.2315_14.08",1.00100150250438,0,0,1.00100150250438,0.0082969696969697
"6807_256.2631_15.35",0,0,1.00100150250438,1.00100150250438,0.003
"5589_263.2365_14.61",-1.00100150250438,1.00100150250438,1.00100150250438,1.00100150250438,0.0227106060606061
"7670_270.2787_15.81",0,1.00100150250438,1.00100150250438,1.00100150250438,0.0206410256410256
"5745_273.1844_14.79",0,0,1.00100150250438,1.00100150250438,0.0266326649958229
"6591_275.2577_15.32",0,1.00100150250438,0,1.00100150250438,0.00363636363636364
"5069_280.2631_14.02",0,0,1.00100150250438,1.00100150250438,0.0224666666666667
"4817_281.2471_13.74",0,0,1.00100150250438,1.00100150250438,0.00734117647058823
"6513_282.2787_15.29",0,1.00100150250438,0,1.00100150250438,0.00719230769230769
"4478_288.2528_12.66",0,1.00100150250438,0,1.00100150250438,0.003
"6191_293.1742_15.06",0,1.00100150250438,0,1.00100150250438,0.00977777777777778
"4722_304.2994_13.44",0,0,1.00100150250438,1.00100150250438,0.0285666666666667
"3175_305.1567_4.67",0,1.00100150250438,0,1.00100150250438,0.0123333333333333
"4144_310.1408_11.31",0,0,1.00100150250438,1.00100150250438,0.00326666666666667
"3193_321.1306_4.87",0,1.00100150250438,0,1.00100150250438,0.0187156862745098
"4829_337.1041_13.77",0,0,1.00100150250438,1.00100150250438,0.0156363636363636
"4443_343.295_12.49",0,1.00100150250438,0,1.00100150250438,0.0064
"3255_344.2275_5.33",1.00100150250438,1.37457856297529,-1.00100150250438,1.00100150250438,0.026091452991453
"8815_350.2296_16.77",0,1.00100150250438,0,1.00100150250438,0.0156555555555556
"5349_350.2296_14.29",-1.00100150250438,0,1.00100150250438,1.00100150250438,0.008
"7262_350.3259_15.57",0,0,1.00100150250438,1.00100150250438,0.0153076923076923
"8914_371.1621_16.91",1.00100150250438,0,0,1.00100150250438,0.0195333333333333
"7673_383.2154_15.81",0,1.00100150250438,1.00100150250438,1.00100150250438,0.0237301587301587
"3822_392.7481_8.09",0,1.00100150250438,0,1.00100150250438,0.0275608309990663
"5290_398.2144_14.13",0,1.00100150250438,1.00100150250438,1.00100150250438,0.0107794871794872
"5549_405.2606_14.57",0,1.00100150250438,0,1.00100150250438,0.003
"6148_414.3207_15.02",0,0,1.00100150250438,1.00100150250438,0.0150666666666667
"4384_415.232_12.04",1.00100150250438,0,0,1.00100150250438,0.00533333333333333
"4643_423.2347_13.22",0,0,1.00100150250438,1.00100150250438,0.0314857142857143
"4519_429.2167_12.81",0,1.00100150250438,0,1.00100150250438,0.0088
"5551_444.3312_14.57",0,1.00100150250438,1.00100150250438,1.00100150250438,0.0221309523809524
"5557_449.2868_14.57",0,1.00100150250438,1.00100150250438,1.00100150250438,0.00923076923076923
"6559_451.3622_15.3",0,1.00100150250438,1.00100150250438,1.00100150250438,0.0267768065268065
"5971_468.3891_14.93",0,0,1.00100150250438,1.00100150250438,0.0127
"6833_496.3836_15.41",0,1.00100150250438,1.00100150250438,1.00100150250438,0.0036
"5838_498.3993_14.88",0,1.00100150250438,0,1.00100150250438,0.0461434343434343
"4680_499.3409_13.32",0,0,1.00100150250438,1.00100150250438,0.0244030303030303
"5951_512.4152_14.92",0,1.00100150250438,0,1.00100150250438,0.0425515873015873
"8546_513.3866_16.55",1.00100150250438,0,0,1.00100150250438,0.0111410256410256
"7258_549.4152_15.48",0,1.00100150250438,0,1.00100150250438,0.00633333333333333
"3938_555.3535_9.11",1.00100150250438,0,0,1.00100150250438,0.0109636363636364
"3941_577.3664_9.23",0,0,1.00100150250438,1.00100150250438,0.0366408199643494
"5699_579.3505_14.75",0,1.00100150250438,0,1.00100150250438,0.0211611111111111
"7307_581.8927_15.44",0,1.00100150250438,0,1.00100150250438,0.00363636363636364
"6035_590.4254_14.97",1.00100150250438,0,0,1.00100150250438,0.027743137254902
"4654_603.3368_13.27",0,1.00100150250438,1.00100150250438,1.00100150250438,0.00751111111111111
"8255_610.1832_16.14",0,1.00100150250438,0,1.00100150250438,0.0106
"7100_617.9321_15.35",0,1.00100150250438,1.00100150250438,1.00100150250438,0.00363636363636364
"8465_630.1917_16.47",0,0,1.00100150250438,1.00100150250438,0.00666666666666667
"6163_656.3782_15.02",1.00100150250438,0,0,1.00100150250438,0.0032
"5483_708.4882_14.48",0,1.00100150250438,1.00100150250438,1.00100150250438,0.00722222222222222
"7164_756.5525_15.55",0,1.00100150250438,0,1.00100150250438,0.00963636363636364
"7038_769.1522_15.49",0,1.00100150250438,0,1.00100150250438,0.00975
"2282_192.1381_0.74",0,-0.17408293127597,1.38942503594182,0.945340487049109,0.017474358974359
"6997_398.2319_15.47",1.00100150250438,0.57754281555789,0.343037530015732,0.846263148580301,0.0464144522144522
"9205_160.0251_17.02",1.00100150250438,0,1.00100150250438,0.82000073158221,0.0619138916638917
"9283_190.9784_17.03",-1.00100150250438,1.23278418180384,-0.399106999364458,0.792282692557625,0.1026384162621
"5894_109.1014_15",1.00100150250438,0.343037530015732,0.200008000480032,0.711028250424637,0.0278492063492063
"5476_357.2606_14.47",0,-0.128038978949756,0.846760323693507,0.692744578781717,0.0363454212454212
"9285_165.9906_17.03",-0.447303065060821,1.38942503594182,-1.00100150250438,0.679897884257612,0.0311777777777778
"5541_488.3576_14.56",0,-0.277371435197549,1.34406227991274,0.667183760374864,0.0620992063492063
"7771_431.1825_15.88",0,1.31533410441164,-1.00100150250438,0.617647782154758,0.0182545454545455
"4954_299.2576_13.75",1.00100150250438,1.00100150250438,0.523953303967513,0.598264376451202,0.0281424242424242
"8909_146.9802_16.89",0,0,0.640446931723768,0.532302846169047,0.0296065390749601
"3319_432.2799_6.11",1.00100150250438,-1.34406227991274,1.00100150250438,0.447303065060821,0.07094662793347
"6478_228.232_15.25",0,-1.00100150250438,1.00100150250438,0.447303065060821,0.046607138613021
"5685_386.3986_14.72",0,1.00100150250438,0,0.447303065060821,0.00883636363636364
"3928_533.3402_8.99",0,1.41705050316284,-0.585406251914576,0.447303065060821,0.0305857142857143
"3080_239.1486_4.12",1.00100150250438,-1.00100150250438,0.57754281555789,0.427928754958387,0.0351809523809524
"5733_305.1709_14.78",0,0,1.00100150250438,0.39435847468171,0.0150111111111111
"7715_116.1072_15.67",1.00100150250438,1.00100150250438,-1.00100150250438,0.382911193707294,0.0393187090687091
"6141_419.276_15.01",0,-0.57754281555789,0.661242841536105,0.371698416229875,0.0831907536907537
"4629_338.266_13.28",-1.00100150250438,-0.200008000480032,1.41705050316284,0.371222182097425,0.0326166666666667
"5604_672.4097_14.62",0,0,0.0229961146517391,0.343037530015732,0.0488765567765568
"6262_270.2787_15.12",0,0.156177571144113,0.447303065060821,0.33693435934148,0.0338252238989081
"7526_505.3889_15.57",-1.00100150250438,1.40275209380409,0,0.264660834827731,0.0385058823529412
"7347_570.4568_15.53",0,-0.829972352653675,1.00100150250438,0.233506320508464,0.0528738927738928
"8494_685.4345_16.48",0,-1.00100150250438,1.40834895880057,0.209439318970122,0.046131746031746
"3509_520.3323_6.73",1.73727046020804,-1.38942503594182,0.272185689625636,0.178534427501985,0.061710235241195
"5714_190.0497_14.75",0,0,0,0.156177571144113,0.00702857142857143
"6843_200.2007_15.34",0,0,0.343037530015732,0.156177571144113,0.010995337995338
"6553_300.2893_15.29",0,-1.00100150250438,1.00100150250438,0.156177571144113,0.0085
"4696_413.2869_13.36",0,0.200008000480032,0,0.156177571144113,0.0193534965034965
"7907_226.1798_15.9",0.632708666137081,1.00100150250438,-0.343037530015732,0.145183235649196,0.035219696969697
"5913_81.0705_14.91",0,-0.200008000480032,1.00100150250438,0.128038978949756,0.0384587301587302
"9435_158.9859_17.03",0,0,1.00100150250438,0.128038978949756,0.0158904761904762
"9039_166.0835_16.97",0,0,0.128038978949756,0.100918458984573,0.0471928571428571
"5928_200.1642_14.9",0,-0.200008000480032,0.343037530015732,0.0940729193457544,0.0192843137254902
"9135_123.0918_17",0,0,0.156177571144113,0.0830460525871121,0.0734151372019793
"9010_150.1124_16.95",-1.00100150250438,1.00100150250438,0.277371435197549,0.0743298252878691,0.0632589355089355
"3616_613.3399_7.25",1.00100150250438,-1.34406227991274,1.00100150250438,0.0442110046300103,0.0655994691582927
"9492_61.0079_17.04",0,0,0,0,0
"8752_64.0165_16.77",0,0,0,0,0.0032
"7641_64.0165_15.75",0,0,0,0,0.00961655011655011
"6115_67.0549_15",0,0,0,0,0
"8994_69.0454_16.94",0,0,0,0,0.00954545454545454
"9331_69.9941_17.03",0,0,0,0,0
"9511_70.0132_17.04",0,0,0,0,0.00355555555555556
"9351_70.9919_17.03",0,0,0,0,0.00266666666666667
"9289_73.5324_17.03",0,0,0,0,0.00622222222222222
"7672_74.0607_15.72",0,0,0,0,0.0124444444444444
"8114_74.0607_16.16",0,0,0,0,0
"8638_74.0971_16.58",-1.00100150250438,1.00100150250438,0,0,0.00864935064935065
"8363_74.0971_16.35",0,0,0,0,0
"7677_74.0971_15.86",0,0,0,0,0.00738461538461539
"7924_74.0971_16.02",0,0,0,0,0.00622222222222222
"8150_74.0971_16.22",0,0,0,0,0
"1502_76.0399_0.63",0,0,0,0,0
"9510_81.5211_17.04",0,0,0,0,0.00366666666666667
"9352_82.5376_17.03",0,0,0,0,0
"9463_83.5175_17.04",0,0,0,0,0
"1734_85.0289_0.66",0,0,0,0,0.0104
"7538_88.0762_15.69",0,0,0,0,0
"9524_89.0087_17.04",0,0,0,0,0
"6101_91.0547_14.9",0,0,0,0,0
"9271_94.0455_17.03",0,0,0,0,0.002
"9299_95.0442_17.03",0,0,0,0,0
"2349_97.5341_0.79",0,0,0,0,0
"9542_97.9917_17.04",0,0,0,0,0.0036
"9546_98.0139_17.04",-1.00100150250438,1.00100150250438,0,0,0.0119047619047619
"9293_98.9615_17.03",0,0,0,0,0
"9407_99.5126_17.03",0,0,0,0,0
"9400_100.0114_17.03",0,0,0,0,0.0048
"9401_100.5102_17.03",0,0,0,0,0.00533333333333333
"6008_101.0713_14.97",0,0,0,0,0
"7103_101.0713_15.5",0,0,0,0,0.00571428571428572
"5418_101.0713_14.43",0,0,0,0,0.0132626262626263
"9499_102.5328_17.04",0,0,0,0,0.0128047619047619
"9470_103.0322_17.04",0,0,0,0,0
"9080_104.0709_16.99",0,0,0,0,0
"8902_104.1073_16.88",0,0,0,0,0
"8843_105.0426_16.93",0,0,0,0,0.00366666666666667
"8623_105.0426_16.64",0,0,0,0,0
"7250_105.0426_15.56",0,0,0,0,0.0509850140056022
"8113_105.0426_16.15",0,0,0,0,0.00738095238095238
"9585_108.0231_17.05",0,0,0,0,0
"5184_109.1014_14.13",0,0,0,0,0
"5151_109.5218_14.1",0,0,0,0,0
"1875_110.0602_0.68",0,0,0,0,0
"9363_111.0138_17.03",0,0,0,0,0
"5200_111.0204_14.13",0,0,0,0,0.0035
"9507_111.0392_17.04",0,0,0,0,0.00872727272727273
"5268_111.0393_14.17",0,0,0,0,0
"3552_111.0394_6.84",0,1.00100150250438,-1.00100150250438,0,0.0186142857142857
"4380_111.0394_11.97",0,0,0,0,0
"5144_112.0182_14.12",0,0,0,0,0.00563636363636364
"5369_113.0169_14.33",0,0,0,0,0
"9461_113.0357_17.04",0,0,0,0,0.003
"9004_113.0712_16.94",0,0,0,0,0
"8497_113.0712_16.5",0,0,0,0,0.00333333333333333
"8761_113.0712_16.73",0,0,0,0,0.00333333333333333
"9371_114.0167_17.03",0,0,0,0,0
"8992_114.0664_16.94",0,0,0,0,0
"7512_114.0664_15.7",0,0,0,0,0
"9589_115.0158_17.05",0,0,0,0,0.00266666666666667
"8693_115.1232_16.68",0,0,0,0,0
"8347_115.1232_16.31",0,0,0,0,0.002
"7990_115.1232_15.97",0,0,0,0,0.002
"9568_116.0152_17.05",0,0,0,0,0.00657013574660634
"7032_116.0529_15.49",0,0,0,0,0
"8874_116.1072_16.86",0,0,0,0,0
"8518_116.1072_16.61",0,0,0,0,0
"8197_116.1072_16.24",0,0,0,0,0.00342857142857143
"7861_116.1072_15.94",0,0,0,0,0.0101666666666667
"5890_117.07_14.9",0,0,0,0,0
"9434_117.9595_17.03",0,0,0,0,0.00266666666666667
"9587_119.0138_17.05",0,0,0,0,0.00363636363636364
"9726_119.0254_17.41",0,0,0,0,0
"6082_119.0856_15",0,0,0,0,0
"9238_120.0256_17.03",0,0,0,0,0
"8555_122.0966_16.58",0,0,0,0,0.00363636363636364
"7930_122.0966_16",0,0,0,0,0
"8361_122.0966_16.31",0,0,0,0,0.00342857142857143
"9494_122.5472_17.04",0,0,0,0,0
"9308_123.0404_17.03",0,0,0,0,0
"9503_123.0455_17.04",0,0,0,0,0
"8788_123.0918_16.69",0,0,0,0,0.0111333333333333
"7637_123.0918_15.87",0,0,0,0,0.00715555555555556
"9479_123.5451_17.04",0,0,0,0,0
"9278_124.0412_17.03",0,0,0,0,0
"8864_124.087_16.84",0,0,0,0,0
"7642_124.087_15.68",0,0,0,0,0.00666666666666667
"9509_124.5435_17.04",0,0,0,0,0
"9324_125.0379_17.03",0,0,0,0,0.00943589743589744
"9449_125.0548_17.04",0,0,0,0,0.002
"6116_125.0962_14.9",0,0,0,0,0.00736969696969697
"9471_125.9862_17.04",0,0,0,0,0
"2364_127.9794_0.79",0,0,0,0,0.00711111111111111
"9885_128.9508_17.43",0,0,0,0,0.00363636363636364
"230_128.9508_0.04",0,0,0,0,0
"2279_129.0523_0.73",0,0,0,0,0
"9022_129.1023_16.96",0,0,0,0,0
"8944_130.159_16.85",0,0,0,0,0.00693333333333333
"7940_130.159_16.04",0,0,0,0,0.00888888888888889
"9584_130.5216_17.05",0,0,0,0,0.0035
"8993_131.1179_16.94",0,0,0,0,0.00693333333333334
"9274_131.5334_17.03",0,0,0,0,0
"9487_131.5522_17.04",0,0,0,0,0.00897435897435897
"1868_132.1018_0.68",0,0,0,0,0
"9261_132.5311_17.03",0,0,0,0,0
"9262_134.5297_17.03",0,0,0,0,0
"7280_135.0804_15.52",0,0,0,0,0.00363636363636364
"6656_135.0804_15.19",0,0,0,0,0
"5172_135.0804_14.13",0,0,0,0,0
"7574_136.0215_15.72",0,0,0,0,0
"9098_136.0617_16.99",0,1.00100150250438,-0.846760323693507,0,0.0278086247086247
"9083_138.0549_16.99",0,0,0.447303065060821,0,0.0265936834063769
"9058_139.0501_16.98",0,0,0,0,0
"5292_140.0106_14.21",0,0,0,0,0
"9617_140.9511_17.07",0,0,0,0,0
"9179_140.9954_17.01",0,0,0,0,0.00371428571428572
"6742_141.9833_15.38",0,0,0,0,0
"5837_141.9833_14.86",0,0,0,0,0.00341025641025641
"6875_142.1226_15.22",0,0,0,0,0.003
"3364_142.1226_6.25",0,0,0,0,0
"9329_142.9835_17.03",0,0,0,0,0.00873333333333333
"9174_143.9587_17.01",0,0,0,0,0
"8910_144.982_16.89",0,0,0,0,0.00864935064935065
"8679_144.982_16.58",-1.00100150250438,0,1.00100150250438,0,0.00685714285714286
"8372_144.982_16.21",0,0,0,0,0
"7663_144.982_15.78",0,0,0,0,0.0032
"9171_145.954_17.01",0,0,0,0,0.003
"9316_145.9804_17.03",0,0,0,0,0.00363636363636364
"8673_146.9802_16.57",0,0,0,0,0.0135833333333333
"7400_146.9802_15.65",0,0,0,0,0
"4538_149.0233_12.86",0,0,0,0,0
"9458_151.0388_17.04",0,0,0,0,0.0036
"9142_151.1228_17",0,0,0,0,0.00693333333333333
"9486_153.0108_17.04",0,0,0,0,0
"9736_153.0109_17.36",0,0,0,0,0.00740659340659341
"5904_153.0909_14.9",0,0,0,0,0.00333333333333333
"3799_155.0596_7.96",0,0,0,0,0
"6103_155.1065_15",0,0,0,0,0.0197008403361345
"5182_155.1065_14.13",0,0,0,0,0.002
"7717_155.129_15.78",0,0,0,0,0
"8373_155.129_16.38",0,0,0,0,0.00371428571428572
"9420_156.9905_17.03",0,0,0,0,0.0184550887021475
"10039_156.9907_17.76",0,0,0,0,0
"4416_158.1539_12.24",0,0,0,0,0.00735
"4826_158.1539_13.76",0,0,0,0,0
"9901_158.9612_17.42",0,0,0,0,0.0036
"9411_159.9862_17.03",0,0,0,0,0.00666666666666667
"3191_161.0646_4.87",0,0,-0.156177571144113,0,0.0359722222222222
"9273_164.0667_17.03",0,0,0,0,0
"9323_165.0672_17.03",0,0,0,0,0.0275692307692308
"9317_166.0643_17.03",0,0,0,0,0
"2036_166.0864_0.69",-1.00100150250438,1.00100150250438,0,0,0.0035
"9607_166.9906_17.06",0,0,0,0,0
"9165_166.9987_17.01",0,0,0,0,0.0032
"9310_167.9861_17.03",0,0,0,0,0
"9628_167.9984_17.08",0,0,0,0,0
"9539_169.9771_17.06",0,0,0,0,0
"7004_170.0963_15.47",0,0,0,0,0.002
"7105_170.1174_15.48",0,0,0,0,0
"5509_170.1174_14.51",0,0,0,0,0
"3360_170.1174_6.25",0,0,0,0,0
"6118_171.1015_15",0,0,0,0,0.00375
"9394_171.552_17.03",0,0,0,0,0.002
"9014_172.0942_16.95",0,0,0,0,0
"8290_172.1152_16.31",0,0,0,0,0.0103384615384615
"7675_172.1152_15.81",0,0,0,0,0.00266666666666667
"7319_172.1152_15.49",0,0,0,0,0.00975
"9608_172.1329_17.04",0,0,0,0,0
"7037_172.133_15.52",0,0,0,0,0.00333333333333333
"7547_172.133_15.72",0,0,0,0,0
"3488_172.133_6.56",0,0,0,0,0
"5872_173.1171_15",0,0,0,0,0
"5619_177.1636_14.64",0,0,0,0,0
"4404_177.1636_12.18",0,0,0,0,0
"9230_178.9905_17.02",0,0,0,0,0
"9190_180.5384_17.02",0,0,0,0,0.0036
"9272_181.0142_17.03",0,-1.00100150250438,1.00100150250438,0,0.00886666666666667
"9614_181.9776_17.07",0,0,0,0,0
"9489_181.988_17.04",0,0,0,0,0
"9138_182.022_17",0,0,0,0,0.00731428571428572
"9836_182.985_17.43",0,0,0,0,0
"9257_183.0097_17.03",0,0,0,0,0.00355555555555556
"9669_184.0028_17.19",0,0,0,0,0
"9280_184.0096_17.03",0,0,0,0,0
"9150_184.0176_17.01",0,0,0,0,0
"9157_184.9853_17.01",0,0,0,0,0.00923076923076923
"9250_185.0072_17.03",0,0,0,0,0
"9490_185.0232_17.04",0,0,0,0,0
"1078_185.1146_0.58",0,0,-0.156177571144113,0,0.0457508403361345
"10088_186.9562_19.32",0,0,0,0,0.012421568627451
"9254_187.0068_17.03",0,0,0,0,0
"9183_187.9807_17.02",0,0,0,0,0.0136232492997199
"3362_188.128_6.25",0,0,0,0,0.0048
"9164_188.9783_17.01",0,0,0,0,0
"6107_189.1119_15",0,0,0,0,0
"10045_190.9791_17.82",0,0,0,0,0.0157762237762238
"5525_193.1222_14.45",0,0,0,0,0
"5871_194.1148_14.93",0,0,0,0,0.0106666666666667
"2087_194.1174_0.69",0,0,0,0,0
"2724_194.1175_2.75",0,0,0,0,0.00369230769230769
"9452_195.0313_17.04",0,0,0,0,0.00666666666666667
"5620_195.1742_14.64",0,0,0,0,0
"9883_196.0166_17.4",0,0,0,0,0
"9402_198.0169_17.03",0,0,0,0,0
"4048_198.1851_11.11",0,0,0,0,0
"9603_199.0291_17.09",0,0,0,0,0
"4939_199.169_13.88",0,0,0,0,0.0035
"9795_199.9875_17.38",0,0,0,0,0
"9412_200.0123_17.03",0,0,0,0,0.003
"7256_200.2007_15.59",0,0,0,0,0.00342857142857143
"5028_200.2007_13.95",0,0,0,0,0
"374_200.9721_0.05",0,0,0,0,0
"9592_201.9754_17.05",0,0,0,0,0.0036
"9162_203.5631_17.01",0,0,0,0,0.00569230769230769
"9574_203.9709_17.05",0,0,0,0,0
"9393_204.02_17.03",0,0,0,0,0
"7035_204.0872_15.49",0,0,0,0,0.0036
"5375_204.1381_14.33",0,0,0,0,0
"9279_207.0172_17.03",0,0,0,0,0
"9445_208.039_17.04",0,0,0,0,0.0036
"9304_209.0126_17.03",0,0,0,0,0
"5451_210.1486_14.44",0,0,0,0,0
"9763_211.0036_17.35",0,0,0,0,0
"9212_211.5517_17.02",0,0,0,0,0
"9390_213.0101_17.03",0,0,0,0,0.002
"9768_213.9826_17.36",0,0,0,0,0
"4524_214.2526_12.81",0,0,0,0,0
"3287_215.1252_5.66",0,0,0,0,0
"9782_215.9793_17.36",0,0,0,0,0
"9566_215.9833_17.05",0,0,0,0,0
"8360_217.1044_16.36",0,0,0,0,0
"9743_217.9982_17.37",0,0,0,0,0.0057
"9180_220.5381_17.01",0,0,0,0,0.0036
"9184_221.9935_17.02",0,0,0,0,0.00355555555555556
"9166_223.988_17.01",0,0,0,0,0.00266666666666667
"9840_224.0114_17.42",0,0,0,0,0
"9193_224.0763_17.01",0,0,0,0,0.003
"9130_226.0117_17",0,0,0,0,0
"4046_226.1799_11.11",0,0,0,0,0
"3695_227.1276_7.58",0,0,0,0,0
"5811_227.2001_14.85",0,0,0,0,0.00928571428571429
"9695_227.9824_17.34",0,0,0,0,0
"9136_228.0071_17",0,0,0,0,0
"7908_228.1956_15.98",0,0,0,0,0.00811111111111111
"4420_228.1956_12.28",0,0,0,0,0
"6015_228.232_14.82",0,0,0,0,0.00890191387559808
"5569_228.232_14.62",0,0,0,0,0
"9151_230.0048_17.01",0,0,0,0,0
"4522_230.2476_12.8",0,0,0,0,0.00622222222222222
"9203_232.065_17.02",0,0,0,0,0.00676923076923077
"9106_239.1485_16.99",0,0,0,0,0
"4444_240.2318_12.49",0,0,0,0,0
"9173_242.0489_17.01",0,0,0,0,0.00366666666666667
"9581_243.0019_17.05",0,0,0,0,0
"7800_244.1904_15.98",0,0,0,0,0
"4047_244.1905_11.11",0,0,0,0,0.00886666666666667
"3696_245.1381_7.58",0,0,0,0,0
"3609_245.1381_7.22",-1.00100150250438,1.00100150250438,0,0,0.0159555555555556
"5524_250.141_14.55",0,0,0,0,0.00888888888888889
"6747_251.0464_15.37",0,0,0,0,0
"4480_255.1587_12.54",0,0,0,0,0.00883636363636364
"9001_255.2188_16.94",0,0,0,0,0.00864935064935065
"3141_256.1751_4.34",0,0,0,0,0.005
"8988_258.2788_16.93",0,0,0,0,0
"4715_258.2788_13.42",0,-0.0655124593779988,0,0,0.0494169492358347
"8980_261.1304_16.88",0,0,0,0,0
"8575_261.1305_16.57",0,0,0,0,0
"7143_261.1305_15.59",0,0,0,0,0
"8331_261.1305_16.32",0,0,0,0,0
"7643_261.1305_15.83",0,0,0,0,0
"8101_261.1305_16.09",-1.00100150250438,0,1.00100150250438,0,0.0036
"3079_261.1306_4.12",0,0,0,0,0.0265333333333333
"7478_265.2522_15.7",0,0,0,0,0.00685714285714286
"5310_267.1715_14.24",0,0,0,0,0
"1837_268.1029_0.67",0,0,0,0,0.0220606060606061
"7978_271.274_16.04",0,0,0,0,0
"4429_274.2736_12.4",0,0,0,0,0
"5672_277.2158_14.66",0,0,0,0,0.002
"6737_280.2631_15.23",0,0,0,0,0
"5741_280.2631_14.64",0,0,0,0,0
"4898_280.2631_13.85",0,0,0,0,0
"7634_282.2212_15.86",-1.00100150250438,0,1.00100150250438,0,0.0325412123823888
"7268_282.2787_15.5",0,0,0,0,0
"5983_282.2787_15.05",0,0,0,0,0.00533333333333333
"7769_282.2787_15.93",0,0,0,0,0
"3197_283.1748_4.87",0,0,0,0,0.013425641025641
"3177_283.1748_4.67",0,0,0,0,0
"6069_284.2579_15",0,0,0,0,0
"5300_284.2579_14.22",0,0,0,0,0.00371428571428572
"7767_284.2943_15.88",0,0,0,0,0
"8416_284.2943_16.44",0,0,0,0,0.0035
"8213_284.2943_16.24",0,0,0,0,0
"5081_284.3307_14.03",0,0,0,0,0
"9444_286.9056_17.04",0,0,0,0,0
"4736_288.2529_13.49",0,0,0,0,0.0165444444444444
"5308_289.1534_14.24",-1.00100150250438,0,1.00100150250438,0,0.013252380952381
"5468_291.2525_14.46",0,0,0,0,0.00366666666666667
"5545_295.2263_14.54",0,0,0,0,0
"4211_295.2264_11.46",0,0,0,0,0.00366666666666667
"5882_296.2579_14.9",0,0,0,0,0
"5523_296.258_14.28",0,0,0,0,0
"5202_296.258_14.15",0,0,0,0,0.0217100840336134
"9505_296.9703_17.04",0,0,0,0,0.009
"5323_297.0578_14.26",0,0,0,0,0
"5854_297.242_14.8",0,0,0,0,0
"5590_298.2736_14.61",1.00100150250438,0,-1.00100150250438,0,0.0104835164835165
"4665_298.2736_13.28",0,0,0,0,0
"4799_298.3102_13.69",0,0,0,0,0.00355555555555556
"9109_300.2012_16.99",0,0,0,0,0.0100633484162896
"5703_301.1405_14.75",0,0,0,0,0
"8865_305.1565_16.89",0,0,0,0,0.00655555555555556
"7169_305.1566_15.57",0,0.343037530015732,-0.156177571144113,0,0.042065873015873
"8578_305.1565_16.57",0,0,0,0,0
"8309_305.1565_16.34",0,0,0,0,0
"7963_305.1566_16.08",0,0,0,0,0.00685714285714286
"6081_306.2398_14.91",0,0,0,0,0.00690909090909091
"4417_307.096_12.24",0,0,0,0,0
"4881_307.1875_13.82",0,0,0,0,0
"4735_310.2351_13.49",0,0,0,0,0.0250307692307692
"4405_310.2371_12.19",0,0,0,0,0
"7148_311.1634_15.55",0,0,0,0,0
"5465_313.2345_14.46",0,-1.00100150250438,1.00100150250438,0,0.0035
"9367_314.9427_17.03",0,0,0,0,0.007
"5128_315.1949_14.1",0,0,0,0,0.00366666666666667
"4662_316.2842_13.28",0,0,0,0,0.00673333333333333
"9397_316.9382_17.03",0,0,0,0,0
"4448_317.1954_12.5",0,0,0,0,0.00330909090909091
"5391_318.2399_14.44",0,0,0,0,0.00355555555555556
"6596_319.2837_15.32",0,0,0,0,0
"5593_320.2555_14.61",0,0,0,0,0
"8424_326.3413_16.41",0,0,0,0,0.00266666666666667
"4974_332.3306_13.91",0,0,0,0,0.00866666666666667
"9256_334.9108_17.03",0,0,0,0,0
"6597_336.3102_15.32",0,0,0,0,0.00724786324786325
"6411_337.1431_15.22",0,0,0,0,0
"3676_337.6998_7.48",0,0,0,0,0
"6048_338.3411_14.97",0,0,0,0,0
"4446_339.1773_12.5",0,1.00100150250438,-1.00100150250438,0,0.0105411764705882
"3733_340.2087_7.7",0,0,0,0,0
"6598_341.2657_15.32",0,0,0,0,0
"9104_344.2273_16.99",0,0,0,0,0
"7050_344.2274_15.5",0,0,0,0,0
"3222_344.2275_5.14",0,0,0,0,0
"4677_345.2266_13.32",0,0,0,0,0
"5595_347.2181_14.61",0,0,0,0,0.00685714285714286
"7936_347.315_16.01",0,0,0,0,0
"4208_348.274_11.45",0,0,0,0,0
"3734_348.7218_7.7",0,0,0,0,0.00366666666666667
"9189_349.1827_16.89",0,0,0,0,0.01045
"3224_349.1829_5.14",0,0,0,0,0
"5886_350.2295_14.9",0,0,0,0,0.00666666666666667
"6216_350.2296_15.08",0,0,0,0,0
"6666_350.3259_15.35",0,0,0,0,0
"5878_352.2452_14.89",0,0,0,0,0
"7138_352.2453_15.42",0,-1.00100150250438,1.00100150250438,0,0.0064
"6512_352.2453_15.17",0,0,0,0,0
"7277_353.1202_15.49",0,0,0,0,0.00363636363636364
"7702_353.1202_15.74",0,0,0,0,0
"5842_353.1379_14.88",0,0,0,0,0
"5555_353.2293_14.56",0,0,0,0,0.00823333333333333
"5821_355.2449_14.85",0,0,0,0,0.0208809523809524
"6682_355.2813_15.34",0,0,0,0,0.00941666666666667
"3732_357.2351_7.7",0,0,0,0,0.0178839826839827
"6595_357.2395_15.32",0,0,0,0,0
"6418_359.125_15.22",0,0,0,0,0
"3736_359.7128_7.7",0,0,0,0,0
"5681_361.2215_14.73",0,0,0,0,0
"6756_363.1713_15.37",0,0,0,0,0
"6603_363.3098_15.32",0,-1.00100150250438,1.00100150250438,0,0.0248714285714286
"7944_364.3415_16.01",0,0,0,0,0
"9118_365.1048_17",0,0,0,0,0
"5517_365.1355_14.54",0,0,0,0,0.00654545454545455
"5350_366.2036_14.29",0,0,0,0,0
"7212_367.2383_15.57",0,0,0,0,0.00569230769230769
"9045_368.2191_16.97",0,0,0,0,0
"7133_368.2192_15.43",0,0,0,0,0.00373333333333333
"6487_368.2192_15.19",0,0,0,0,0
"6088_368.2192_14.89",0,0,0,0,0
"7948_369.297_16.02",0,0,0,0,0.00355555555555556
"3776_370.735_7.9",0,0,0,0,0.0035
"6412_375.099_15.22",0,0,0,0,0
"5843_375.1199_14.88",0,0,0,0,0
"6149_375.25_15.02",0,0,0,0,0.00880952380952381
"5180_376.2324_14.13",0,0,0,0,0.00371428571428572
"7778_377.2285_15.88",0,0,0,0,0
"5750_378.3208_14.79",0,0,0,0,0
"3775_381.726_7.9",0,0,0,0,0
"5682_383.2034_14.73",0,0,0,0,0
"3825_384.2349_8.08",0,0,0,0,0
"6609_385.2918_15.32",0,0,0,0,0
"8966_387.1359_16.92",0,0,0,0,0.00342857142857143
"4507_391.2087_12.77",0,0,0,0,0
"5371_391.2449_14.33",0,0,0,0,0.009
"8768_391.2836_16.75",0,0,0,0,0
"7937_391.341_16.01",0,-1.00100150250438,1.00100150250438,0,0.00693333333333333
"5164_393.2589_14.13",0,0,0,0,0.00923076923076923
"8826_393.2968_16.82",0,0,0,0,0.00689230769230769
"7227_394.3521_15.58",0,0,0,0,0
"7502_398.2143_15.68",0,0,0,0,0
"5779_398.2144_14.76",0,0,0,0,0
"6913_398.2144_15.37",0,0,0,0,0
"7779_399.2102_15.88",0,0,0,0,0
"5556_399.25_14.57",0,0,0,0,0
"5559_400.305_14.57",0,0,0,0,0.009
"3823_401.2614_8.08",0,0,0,0,0
"6601_401.2657_15.32",0,0,0,0,0.0164969474969475
"3821_403.7392_8.08",0,0,0,0,0
"6578_407.3359_15.31",0,0,0,0,0.003
"3840_408.2511_8.19",0,0,0,0,0
"7938_408.3677_16.01",0,0,0,0,0.00758333333333333
"5933_410.3469_14.91",0,0,0,0,0.002
"8293_411.1782_16.31",0,0,0,0,0
"8765_413.2655_16.75",0,1.00100150250438,-1.00100150250438,0,0.0249327894327894
"7942_413.3231_16.01",0,0,0,0,0
"5188_414.1882_14.14",-1.00100150250438,1.00100150250438,0,0,0.00866666666666667
"6172_414.4299_15.04",0,0,0,0,0.00355555555555556
"3849_414.7615_8.26",0,0,0,0,0
"7069_415.0418_15.51",0,1.00100150250438,-1.00100150250438,0,0.0227190476190476
"8903_415.0418_16.88",0,0,0,0,0
"8065_415.1875_16.11",0,0,0,0,0
"4358_415.232_11.87",0,0,0,0,0.0124122807017544
"7075_417.0393_15.51",0,0,0,0,0.00355555555555556
"8908_417.0393_16.89",0,0,0,0,0
"4701_418.2429_13.37",0,0,0,0,0.00676923076923077
"6990_420.2136_15.47",0,0,0,0,0
"7928_420.404_16.01",0,0,0,0,0
"4702_423.1983_13.38",0,0,0,0,0
"3847_423.2744_8.26",0,0,0,0,0.0049
"6579_424.3625_15.31",0,0,0,0,0.00622222222222222
"6308_425.2139_15.16",0,0,0,0,0
"7934_425.3593_16.01",0,0,0,0,0
"3848_425.7522_8.26",0,0,0,0,0.0036
"6575_429.3181_15.31",0,0,0,0,0.006
"4382_433.2426_12.04",0,0,0,0,0.0072
"3881_436.7745_8.42",0,0,0,0,0.004
"5554_437.2059_14.57",0,0,0,0,0
"8205_437.3231_16.23",0,0,0,0,0
"5469_440.3576_14.46",0,0,0,0,0.00638095238095238
"8766_441.3544_16.76",0,1.00100150250438,-1.00100150250438,0,0.01525
"4571_443.2323_12.97",0,0,0,0,0
"9175_445.0477_17.01",0,0,0,0,0.0106666666666667
"6577_445.2919_15.31",0,0,0,0,0.01
"4383_450.2691_11.89",0,0,0,0,0
"4668_451.3194_13.3",0,0,0,0,0.00844102564102564
"6927_452.3575_15.43",0,0,0,0,0
"5858_454.373_14.9",0,0,0,0,0.00355555555555556
"4385_455.2245_11.98",0,0,0,0,0.0103333333333333
"7915_464.4303_15.99",0,0,0,0,0.00933333333333333
"4740_469.2951_13.51",0,0,0,0,0
"7892_469.3866_15.98",0,0,0,0,0.0158920377867746
"8593_471.8379_16.58",0,0,0,0,0.0188593628593629
"6334_473.3442_15.3",0,0,0,0,0
"8202_481.3493_16.23",0,0,0,0,0.00355555555555556
"5801_482.3684_14.84",0,0,0,0,0
"7321_483.3762_15.62",0,0,0,0,0.00266666666666667
"7578_485.8536_15.62",0,0,0,0,0.0035
"4426_488.152_12.34",0,0,0,0,0
"3901_489.314_8.72",1.00100150250438,-1.00100150250438,0,0,0.00655555555555556
"8574_491.3732_16.57",0,-1.00100150250438,1.00100150250438,0,0.0307586080586081
"5667_496.2687_14.71",0,0,0,0,0
"6161_501.224_15.02",0,0,0,0,0
"5668_501.2241_14.71",0,0,0,0,0.00923076923076923
"6128_502.373_15",0,0,0,0,0
"7442_507.8668_15.57",0,0,0,0,0.00644102564102564
"8002_508.4566_15.98",0,0,0,0,0.004
"3914_511.3273_8.86",0,0,0,0,0.00685714285714286
"6540_512.4152_15.28",0,0,0,0,0.0032
"8003_513.4119_15.98",0,0,0,0,0.0078
"8549_515.8643_16.55",0,0,0,0,0
"7119_527.4022_15.53",0,0,0,0,0
"5449_528.41_14.44",0,0,0,0,0
"5522_532.3839_14.54",0,0,0,0,0.00466666666666667
"5762_535.3238_14.79",0,0,0,0,0.0125
"8533_535.3995_16.54",0,0,0,0,0.002
"8882_536.1647_16.91",0,0,0,0,0
"8611_536.165_16.6",0,0,0,0,0.00371428571428572
"8534_537.8774_16.54",0,0,0,0,0.00369230769230769
"6748_540.4097_15.37",0,0,0,0,0.00355555555555556
"8531_545.8642_16.54",0,0,0,0,0.0100833333333333
"6057_546.3984_14.99",0,0,0,0,0.00666666666666667
"4649_549.079_13.24",0,0,0,0,0.00363636363636364
"7875_552.4827_15.96",0,0,0,0,0.0066
"8517_557.4127_16.52",0,0,0,0,0.0114285714285714
"7341_559.8797_15.48",0,0,0,0,0
"8519_559.8904_16.52",0,0,0,0,0
"8520_567.8772_16.52",0,0,0,0,0
"5757_570.4205_14.8",0,0,0,0,0.0118461538461538
"7274_573.906_15.44",0,0,0,0,0.0131969696969697
"5512_576.4099_14.53",0,0,0,0,0.0107745098039216
"8501_581.9035_16.5",0,0,0,0,0.0147171717171717
"5959_587.3573_14.93",0,0,0,0,0.012
"4618_589.3211_13.07",0,0,0,0,0
"8498_589.8903_16.51",0,0,0,0,0.0176363636363636
"3620_591.3581_7.25",0,0,0,0,0.00940606060606061
"7202_593.4414_15.4",0,0,0,0,0.00466666666666667
"7183_595.9191_15.39",0,0,0,0,0
"7834_596.5088_15.93",0,0,0,0,0.00861428571428571
"5847_600.4672_14.88",0,0,0,0,0
"6139_604.3837_14.92",0,0,0,0,0.0216499611499611
"3619_608.3845_7.25",0,0,0,0,0.0219166666666667
"6146_609.3391_14.93",0,0,0,0,0
"8294_612.2627_16.31",0,0,0,0,0
"7087_614.4828_15.51",0,0,0,0,0.00715555555555556
"7141_615.455_15.52",0,0,0,0,0
"7052_615.9561_15.46",0,0,0,0,0
"3951_621.3926_9.45",0,0,0,0,0
"8455_623.4517_16.47",0,0,0,0,0.004
"4652_625.3191_13.27",0,0,0,0,0
"8463_628.1938_16.48",0,0,0,0,0.00266666666666667
"5618_628.3836_14.64",0,0,0,0,0
"7053_637.4674_15.31",0,0,0,0,0
"7690_642.4938_15.82",0,0,0,0,0
"6437_644.4933_15.23",0,0,0,0,0
"4751_656.3996_13.54",0,0,0,0,0
"8155_656.5091_16.18",0,0,0,0,0
"8709_656.5296_16.69",0,0,0,0,0
"7283_658.5089_15.5",0,0,0,0,0
"7054_659.4804_15.49",0,0,0,0,0.00533333333333333
"7961_661.4641_16.18",0,0,0,0,0
"7757_663.4523_15.9",0,0,0,0,0.00768627450980392
"8426_663.4524_16.43",0,0,0,0,0
"5498_664.4621_14.49",0,0,0,0,0
"7275_680.4792_15.88",0,0,0,0,0
"7859_680.4791_15.98",0,0,0,0,0.00466666666666667
"8427_680.4791_16.43",0,0,0,0,0
"8848_680.4792_16.84",0,0,0,0,0.0111111111111111
"5905_681.5015_14.96",0,0,0,0,0.004
"8250_682.5241_16.26",0,0,0,0,0.0104611111111111
"7548_685.4346_15.72",0,0,0,0,0
"8261_687.4788_16.26",0,0,0,0,0
"8409_693.4535_16.44",0,0,0,0,0
"6064_700.4047_15",0,0,0,0,0.00342857142857143
"7692_702.2124_15.7",0,0,0,0,0
"8220_703.4529_16.26",0,0,0,0,0.00373333333333333
"8671_744.5822_16.66",0,0,0,0,0
"6177_756.5526_15.05",0,0,0,0,0
"7033_767.1549_15.49",0,0,0,0,0.0152333333333333
"5535_848.5142_14.55",0,0,0,0,0.002
"6710_153.0909_15.21",0,1.00100150250438,-1.00100150250438,-0.0672675837785271,0.0189636363636364
"5778_526.3943_14.82",0,0,-0.128038978949756,-0.0672675837785271,0.0161705882352941
"3735_696.4367_7.7",1.00100150250438,-1.00100150250438,0,-0.0743298252878691,0.0267564102564103
"5547_361.2343_14.56",0,0,-0.277371435197549,-0.0830460525871121,0.0189717948717949
"9519_109.5218_17.04",0,0,0.447303065060821,-0.149074511303713,0.022703712953713
"8489_601.4387_16.49",0,0,-0.343037530015732,-0.156177571144113,0.0355388888888889
"5787_321.166_14.83",0,0.200008000480032,-1.00100150250438,-0.168501570914704,0.0232055555555556
"8449_124.087_16.56",-1.00100150250438,0.343037530015732,0.156177571144113,-0.170404492085208,0.0286775613275613
"8300_471.1045_16.32",0,1.00100150250438,-1.34406227991274,-0.220575117570567,0.0360180652680653
"5351_142.1226_14.29",-0.632708666137081,0.762936548442884,-0.72799238491593,-0.246812788593578,0.0432520074696545
"9345_91.505_17.03",-1.00100150250438,0.156177571144113,0,-0.257530179476682,0.0167012987012987
"3424_459.2793_6.44",0,0.372155736591365,-0.68631738948861,-0.264660834827731,0.0728051693404635
"6078_107.0858_14.9",1.00100150250438,-1.00100150250438,0,-0.31803152611957,0.0210731934731935
"5736_327.153_14.78",0,0,-1.00100150250438,-0.31803152611957,0.0288488687782805
"5946_832.4829_14.92",1.00100150250438,-1.00100150250438,-1.00100150250438,-0.31803152611957,0.0291804861804862
"9342_113.0169_17.03",1.00100150250438,0,-1.00100150250438,-0.327596042716121,0.0311420168067227
"8295_879.28_16.31",0,-0.468624165678062,-0.343037530015732,-0.357791704491718,0.0535384226884227
"8510_74.0607_16.57",0,1.00100150250438,-1.00100150250438,-0.359954504625741,0.0249141414141414
"7217_438.3783_15.57",0,-1.00100150250438,0.557258983818637,-0.381369752912315,0.0190727272727273
"5129_326.3776_14.1",0,-0.277371435197549,0,-0.388573001898768,0.0201507936507937
"9522_90.5263_17.04",0,-1.00100150250438,1.00100150250438,-0.447303065060821,0.0165909090909091
"5791_487.3234_14.84",0,-1.00100150250438,-0.156177571144113,-0.447303065060821,0.0515401663695781
"9498_102.0341_17.04",0,0,-1.00100150250438,-0.501683046735827,0.0162606060606061
"9315_140.9854_17.03",0,0,-1.00100150250438,-0.538617728378097,0.051332683982684
"9337_91.0063_17.03",1.00100150250438,-1.00100150250438,-1.00100150250438,-0.557258983818637,0.0160935574229692
"8500_579.4256_16.5",0.447303065060821,-1.00100150250438,0,-0.585406251914576,0.0168222222222222
"5956_625.313_14.93",-1.00100150250438,0.447303065060821,-1.34406227991274,-0.604835824476301,0.0347493232257938
"3675_318.1956_7.48",-1.00100150250438,-0.128038978949756,-1.00100150250438,-0.6208459974587,0.0294095238095238
"8100_115.1232_16.13",0,-0.447303065060821,-1.00100150250438,-0.632708666137081,0.039780303030303
"8952_144.1131_16.88",0,-1.00100150250438,-0.277371435197549,-0.667313971013142,0.0300878787878788
"4815_219.1377_13.74",-1.00100150250438,0,-0.447303065060821,-0.672996192588816,0.0305634920634921
"7092_571.4283_15.44",-1.00100150250438,0,0.0842157893838719,-0.81704145691825,0.0413919028340081
"7700_256.2631_15.79",0,-0.378018479507039,-1.40834895880057,-0.822013183726425,0.0461738095238095
"6969_443.3337_15.57",0,0,-1.30206927713678,-0.828405267346093,0.0486965811965812
"5320_430.3886_14.25",-1.41705050316284,-1.00100150250438,1.00100150250438,-0.859698865128098,0.0383691308691309
"8343_130.159_16.29",0,-0.72799238491593,-1.00100150250438,-0.876899808542588,0.0429349206349206
"6839_526.4307_15.55",0.447303065060821,-1.2381387735405,-0.447303065060821,-0.900980688862678,0.0290309523809524
"6150_370.2946_15.02",0,-0.784947734032832,-0.68631738948861,-0.912710403111334,0.0521987345987346
"8838_64.0165_16.96",0,-1.00100150250438,-1.00100150250438,-1.00100150250438,0.0103589743589744
"8651_64.0165_16.6",0,0,-1.00100150250438,-1.00100150250438,0.0195263157894737
"8009_64.0165_16.09",0,0,-1.00100150250438,-1.00100150250438,0.0124777777777778
"8951_74.0607_16.91",0,-1.00100150250438,0,-1.00100150250438,0.002
"8899_74.0971_16.88",0,-1.00100150250438,0,-1.00100150250438,0.0052
"9277_82.0142_17.03",-1.00100150250438,0,0,-1.00100150250438,0.0064
"8836_88.0762_16.83",0,-1.00100150250438,0,-1.00100150250438,0.0255
"9771_88.5095_17.41",-1.00100150250438,0,-1.00100150250438,-1.00100150250438,0.0298333333333333
"9132_90.0554_17",-1.00100150250438,-1.00100150250438,0,-1.00100150250438,0.0328333333333333
"9333_90.5073_17.03",-1.00100150250438,0,0,-1.00100150250438,0.003
"6113_93.0703_14.9",-1.00100150250438,0,0,-1.00100150250438,0.0114052631578947
"9269_94.5458_17.03",0,-1.00100150250438,-1.00100150250438,-1.00100150250438,0.0103333333333333
"9791_97.5147_17.44",0,-1.00100150250438,0,-1.00100150250438,0.0216680672268908
"6615_101.0713_15.32",-1.00100150250438,0,0,-1.00100150250438,0.0032
"7865_105.0426_16.1",0,0,-1.00100150250438,-1.00100150250438,0.0113166666666667
"9456_106.0291_17.04",0,0,-1.00100150250438,-1.00100150250438,0.0048
"5340_109.5218_14.3",-1.00100150250438,0,-1.00100150250438,-1.00100150250438,0.0036
"9904_111.9846_17.39",0,-1.00100150250438,0,-1.00100150250438,0.0398166666666667
"7791_113.0712_15.88",0,0,-1.00100150250438,-1.00100150250438,0.00685714285714286
"9041_115.0504_16.97",0,-1.00100150250438,0,-1.00100150250438,0.00923076923076923
"8886_115.1232_16.87",-1.00100150250438,0,0,-1.00100150250438,0.00758333333333333
"8629_115.1232_16.55",0,-1.00100150250438,0,-1.00100150250438,0.0209801864801865
"9443_115.9642_17.03",-1.00100150250438,0,0,-1.00100150250438,0.00622222222222222
"9126_116.0708_17",0,0,-1.00100150250438,-1.00100150250438,0.0177435897435897
"9630_116.5243_17.08",0,-1.00100150250438,0,-1.00100150250438,0.0166666666666667
"9896_116.5243_17.45",0,0,-1.00100150250438,-1.00100150250438,0.00363636363636364
"9072_118.0864_16.98",0,-1.00100150250438,0,-1.00100150250438,0.0116666666666667
"9086_121.0398_16.99",0,0,-1.00100150250438,-1.00100150250438,0.00371428571428572
"7653_122.0965_15.8",-1.00100150250438,0,0,-1.00100150250438,0.00598268398268398
"8323_124.087_16.27",-1.00100150250438,1.00100150250438,-1.00100150250438,-1.00100150250438,0.0146090909090909
"6618_125.0962_15.31",0,0,-1.00100150250438,-1.00100150250438,0.0149285714285714
"9627_125.5295_17.08",0,-1.00100150250438,0,-1.00100150250438,0.00266666666666667
"9099_130.0863_16.99",0,-1.00100150250438,0,-1.00100150250438,0.0142839826839827
"7647_130.159_15.88",0,0,-1.00100150250438,-1.00100150250438,0.0325963203463203
"9068_132.1019_16.98",-1.00100150250438,0,0,-1.00100150250438,0.0048
"9249_133.5299_17.03",-1.00100150250438,0,0,-1.00100150250438,0.002
"5884_135.0804_14.9",0,0,-1.00100150250438,-1.00100150250438,0.00363636363636364
"9756_138.9952_17.41",0,-1.00100150250438,0,-1.00100150250438,0.0131864801864802
"9535_139.0177_17.04",0,-1.00100150250438,0,-1.00100150250438,0.00822222222222222
"9300_141.9832_17.03",0,0,-1.00100150250438,-1.00100150250438,0.017
"6097_142.1226_15",0,0,-1.00100150250438,-1.00100150250438,0.0116
"9536_143.0107_17.04",0,0,-1.00100150250438,-1.00100150250438,0.00371428571428572
"9040_144.1018_16.97",0,0,-1.00100150250438,-1.00100150250438,0.0035
"7862_144.982_15.94",0,-1.00100150250438,-1.00100150250438,-1.00100150250438,0.0140761904761905
"2368_145.9898_0.79",0,0,-1.00100150250438,-1.00100150250438,0.0084
"1788_146.0811_0.67",0,-1.00100150250438,0,-1.00100150250438,0.00693333333333333
"6188_149.0232_15.06",0,0,-1.00100150250438,-1.00100150250438,0.0105252525252525
"9270_152.0358_17.03",0,-1.00100150250438,0,-1.00100150250438,0.00266666666666667
"9222_152.0466_17.02",0,-1.00100150250438,-1.00100150250438,-1.00100150250438,0.002
"5166_153.0909_14.13",0,0,-1.00100150250438,-1.00100150250438,0.0146871794871795
"7254_153.0909_15.54",0,-1.00100150250438,0,-1.00100150250438,0.0135219845513963
"9481_154.0048_17.04",0,-1.00100150250438,-1.00100150250438,-1.00100150250438,0.0101454545454545
"6691_155.1065_15.2",0,-1.00100150250438,0,-1.00100150250438,0.00342857142857143
"8917_155.129_16.89",0,0,-1.00100150250438,-1.00100150250438,0.0045
"8590_155.129_16.57",0,-1.00100150250438,-1.00100150250438,-1.00100150250438,0.0132142857142857
"9056_156.042_16.98",0,-1.00100150250438,0,-1.00100150250438,0.0187
"5513_156.9906_14.53",0,-1.00100150250438,-1.00100150250438,-1.00100150250438,0.0149
"9439_160.9834_17.03",-1.00100150250438,-1.00100150250438,0,-1.00100150250438,0.0160350649350649
"9598_165.9828_17.06",-1.00100150250438,0,0,-1.00100150250438,0.003
"9121_166.0863_17",0,-1.00100150250438,-1.00100150250438,-1.00100150250438,0.0107636363636364
"9467_167.0126_17.04",0,-1.00100150250438,-1.00100150250438,-1.00100150250438,0.0161471861471861
"4792_170.0963_13.68",0,-1.00100150250438,-1.00100150250438,-1.00100150250438,0.0181721611721612
"6685_170.1174_15.33",0,0,-1.00100150250438,-1.00100150250438,0.0101818181818182
"7945_172.1152_16.02",0,-1.00100150250438,-1.00100150250438,-1.00100150250438,0.0114545454545455
"6300_172.1153_15.15",0,0,-1.00100150250438,-1.00100150250438,0.015752380952381
"4558_172.1694_12.87",-1.00100150250438,-1.00100150250438,0,-1.00100150250438,0.0059047619047619
"9527_180.0442_17.04",0,-1.00100150250438,-1.00100150250438,-1.00100150250438,0.0088
"9152_186.9807_17.01",0,-1.00100150250438,0,-1.00100150250438,0.00679551820728291
"9239_192.0615_17.03",0,0,-1.00100150250438,-1.00100150250438,0.00266666666666667
"9613_193.5037_17.07",0,-1.00100150250438,-1.00100150250438,-1.00100150250438,0.00723636363636364
"3504_194.115_6.58",0,0,-1.00100150250438,-1.00100150250438,0.0171666666666667
"9532_195.0197_17.04",0,0,-1.00100150250438,-1.00100150250438,0.0125431235431235
"9779_197.9923_17.39",0,-1.00100150250438,0,-1.00100150250438,0.00566666666666667
"7085_200.1643_15.51",0,-1.00100150250438,-1.00100150250438,-1.00100150250438,0.0100333333333333
"4481_200.2371_12.67",0,0,-1.00100150250438,-1.00100150250438,0.0126363636363636
"9311_208.0148_17.03",0,-1.00100150250438,-1.00100150250438,-1.00100150250438,0.0065
"3359_210.1098_6.25",0,-1.00100150250438,0,-1.00100150250438,0.0158888888888889
"9320_211.0101_17.03",0,-1.00100150250438,-1.00100150250438,-1.00100150250438,0.0223619047619048
"5526_212.1642_14.55",0,0,-1.00100150250438,-1.00100150250438,0.005
"3984_212.1643_9.96",0,-1.00100150250438,-1.00100150250438,-1.00100150250438,0.0221811965811966
"5307_214.2162_14.24",0,-1.00100150250438,-1.00100150250438,-1.00100150250438,0.01138995215311
"8588_217.1044_16.58",0,0,-1.00100150250438,-1.00100150250438,0.00888888888888889
"9545_217.9791_17.04",0,-1.00100150250438,0.277371435197549,-1.00100150250438,0.0268150326797386
"4428_223.0634_12.39",0,0,-1.00100150250438,-1.00100150250438,0.00371428571428572
"9013_226.9511_16.95",-1.00100150250438,-1.00100150250438,-1.00100150250438,-1.00100150250438,0.0118777777777778
"8977_230.2475_16.92",0,-1.00100150250438,0,-1.00100150250438,0.00862337662337662
"8852_256.263_16.83",0,0,-1.00100150250438,-1.00100150250438,0.0112282913165266
"7185_256.263_15.56",-1.00100150250438,0,0,-1.00100150250438,0.00654545454545455
"5488_262.1289_14.48",0,-1.00100150250438,0,-1.00100150250438,0.00836651583710407
"3136_277.1044_4.34",1.00100150250438,-1.00100150250438,-1.00100150250438,-1.00100150250438,0.0152525252525253
"7481_282.2787_15.7",0,-1.00100150250438,0,-1.00100150250438,0.00373333333333333
"5445_282.2787_14.43",0,-1.00100150250438,0,-1.00100150250438,0.0106919191919192
"3697_285.1305_7.58",0,1.00100150250438,-1.34406227991274,-1.00100150250438,0.0257292609351433
"6074_294.2423_14.9",0,0,-1.00100150250438,-1.00100150250438,0.026787675070028
"6588_297.2397_15.31",0,-1.00100150250438,-1.00100150250438,-1.00100150250438,0.0101333333333333
"3198_300.2013_4.87",0,-1.00100150250438,-1.00100150250438,-1.00100150250438,0.0157067669172932
"3176_300.2013_4.67",0,-1.00100150250438,0,-1.00100150250438,0.0219976827094474
"5302_306.2398_14.22",0,-1.00100150250438,0,-1.00100150250438,0.00947008547008547
"5466_308.279_14.46",0,-1.00100150250438,-1.00100150250438,-1.00100150250438,0.00638095238095238
"5394_316.2842_14.37",0,-1.00100150250438,-1.00100150250438,-1.00100150250438,0.00733333333333333
"5539_317.2082_14.56",0,0,-1.00100150250438,-1.00100150250438,0.0150952380952381
"5199_318.2399_14.26",0,0,-1.00100150250438,-1.00100150250438,0.0100363636363636
"5793_320.2555_14.66",0,-1.00100150250438,-1.00100150250438,-1.00100150250438,0.00872727272727273
"5278_327.0775_14.2",0,-1.00100150250438,0,-1.00100150250438,0.0036
"8612_338.2836_16.6",0,-1.00100150250438,-1.00100150250438,-1.00100150250438,0.0121666666666667
"6724_338.341_15.34",0,0,-1.00100150250438,-1.00100150250438,0.0111666666666667
"6343_338.3411_15.14",0,-1.00100150250438,-1.00100150250438,-1.00100150250438,0.00525
"5786_343.1478_14.83",0,0,-1.00100150250438,-1.00100150250438,0.0105238095238095
"9169_343.9234_17.01",-1.00100150250438,0,0,-1.00100150250438,0.00571428571428571
"6076_347.2898_14.94",0,-1.00100150250438,-1.00100150250438,-1.00100150250438,0.0170911764705882
"5279_349.0594_14.2",0,0,-1.00100150250438,-1.00100150250438,0.00507692307692308
"7031_355.1159_15.49",0,-1.00100150250438,0,-1.00100150250438,0.012
"5326_358.9793_14.26",0,-1.00100150250438,0,-1.00100150250438,0.00622222222222222
"3774_362.2217_7.9",-1.00100150250438,0,-0.447303065060821,-1.00100150250438,0.0170959706959707
"6735_380.1979_15.37",-1.00100150250438,-1.00100150250438,0,-1.00100150250438,0.0118588235294118
"6602_380.3364_15.32",0,-1.00100150250438,-1.00100150250438,-1.00100150250438,0.0149707602339181
"6751_385.1532_15.37",0,-1.00100150250438,0,-1.00100150250438,0.0131969696969697
"5092_391.2449_14.05",0,0,-1.00100150250438,-1.00100150250438,0.0135333333333333
"5478_396.3315_14.47",0,-1.00100150250438,0,-1.00100150250438,0.0219935897435897
"8943_398.2143_16.91",0,-1.00100150250438,0,-1.00100150250438,0.0103384615384615
"5448_398.2144_14.41",0,-1.00100150250438,0,-1.00100150250438,0.00943589743589744
"5680_399.1774_14.72",0,-1.00100150250438,0,-1.00100150250438,0.0136
"6331_399.2713_15.18",0,0,-1.00100150250438,-1.00100150250438,0.00666666666666667
"5036_399.3576_13.97",-1.00100150250438,0,-1.00100150250438,-1.00100150250438,0.0229635364635365
"5474_401.2868_14.47",0,0,-1.00100150250438,-1.00100150250438,0.00654545454545455
"4873_402.3573_13.81",0,-1.00100150250438,-1.00100150250438,-1.00100150250438,0.014
"6312_403.2321_15.16",0,-1.00100150250438,0,-1.00100150250438,0.00763865546218487
"8291_409.1827_16.31",0,0,-1.00100150250438,-1.00100150250438,0.009
"5553_421.2319_14.57",0,0,-1.00100150250438,-1.00100150250438,0.003
"4447_423.288_12.5",0,-1.00100150250438,-1.00100150250438,-1.00100150250438,0.0109714285714286
"9217_427.075_17.02",-1.00100150250438,0,0,-1.00100150250438,0.0103
"6720_435.3939_15.36",0,0,-1.00100150250438,-1.00100150250438,0.0179888888888889
"6310_441.1879_15.16",0,-1.00100150250438,0,-1.00100150250438,0.0147777777777778
"5815_443.2974_14.85",0,-1.00100150250438,0,-1.00100150250438,0.0158863636363636
"3882_445.2877_8.42",0,0,-1.00100150250438,-1.00100150250438,0.00872727272727273
"6138_458.3468_15.01",0,-1.00100150250438,0,-1.00100150250438,0.00693333333333333
"3892_467.3009_8.58",0,0,-1.00100150250438,-1.00100150250438,0.0131277777777778
"6562_468.389_15.3",1.00100150250438,0.200008000480032,-1.40275209380409,-1.00100150250438,0.0472232959850607
"8905_471.1046_16.88",-1.00100150250438,0,0,-1.00100150250438,0.008
"6936_482.4044_15.57",0,0,-1.00100150250438,-1.00100150250438,0.0238412698412698
"8573_493.851_16.57",0,-1.00100150250438,-1.00100150250438,-1.00100150250438,0.027027195027195
"7965_523.3598_16.08",0,-1.00100150250438,0,-1.00100150250438,0.0091
"8552_523.8511_16.55",0,-1.00100150250438,0,-1.00100150250438,0.0129777777777778
"7120_529.8799_15.53",0,-1.00100150250438,0,-1.00100150250438,0.0108111111111111
"7605_535.397_15.65",0,0,-1.00100150250438,-1.00100150250438,0.00466666666666667
"7765_541.4002_15.88",-1.00100150250438,0,-1.00100150250438,-1.00100150250438,0.00342857142857143
"7822_563.4124_15.83",0,-1.00100150250438,-1.00100150250438,-1.00100150250438,0.00705555555555556
"4653_620.3633_13.27",0,-1.00100150250438,0,-1.00100150250438,0.00355555555555556
"5508_620.4361_14.51",0,0,-1.00100150250438,-1.00100150250438,0.0188815789473684
"5988_634.4516_14.95",0,1.00100150250438,-1.17832947503798,-1.00100150250438,0.0199
"7911_640.5349_15.9",0,-1.00100150250438,0,-1.00100150250438,0.012969696969697
"7691_647.449_15.81",0,-1.00100150250438,-1.00100150250438,-1.00100150250438,0.0205128205128205
"8867_685.4345_16.82",0,-1.00100150250438,0,-1.00100150250438,0.005
"5584_716.4357_14.6",0,0,-1.00100150250438,-1.00100150250438,0.0118859649122807
"5942_722.5038_14.91",0,-1.00100150250438,0,-1.00100150250438,0.0134285714285714
"8553_735.4642_16.55",-1.00100150250438,-0.632708666137081,0,-1.00100150250438,0.0218445378151261
"8616_876.6603_16.6",0,-1.00100150250438,0,-1.00100150250438,0.0259030303030303
"9392_110.0088_17.03",0,-1.00100150250438,0,-1.00100150250438,0.0129761904761905
"9513_111.5373_17.04",0,-1.00100150250438,-1.00100150250438,-1.00100150250438,0.0214551670551671
"9477_137.9984_17.04",0,-1.00100150250438,-1.00100150250438,-1.00100150250438,0.00654545454545455
"7244_239.1486_15.58",0,-1.00100150250438,-1.00100150250438,-1.00100150250438,0.0116190476190476
"5052_268.2631_14",0,0,-1.00100150250438,-1.00100150250438,0.0235619047619048
"8059_393.206_16.11",-1.00100150250438,0,0,-1.00100150250438,0.00333333333333333
"5572_760.462_14.59",-1.00100150250438,0,0,-1.00100150250438,0.00777272727272727
"5856_876.5091_14.89",0,-1.00100150250438,-1.00100150250438,-1.00100150250438,0.00928571428571429
"6075_210.1098_14.92",-1.00100150250438,0.200008000480032,-1.34406227991274,-1.02080638092043,0.0373653846153846
"5973_788.4568_14.94",0,-1.41120774204966,-1.00100150250438,-1.19683262955482,0.0281388888888889
"2464_125.071_0.97",-1.26693979201741,-1.00100150250438,-1.00100150250438,-1.22573502688692,0.0198281274281274
"7897_124.087_15.97",-1.00100150250438,-1.00100150250438,-1.40275209380409,-1.24710926351988,0.0282647058823529
"9488_104.0306_17.04",0,-1.00100150250438,-1.38942503594182,-1.29263754745949,0.0267666666666667
"7271_312.3256_15.6",-1.00100150250438,0.447303065060821,-1.40275209380409,-1.30206927713678,0.0334679653679654
"5960_627.3157_14.93",-1.00100150250438,-0.447303065060821,-1.41705050316284,-1.30640373732949,0.0243944444444444
"9247_151.0351_17.03",0,-1.00100150250438,-1.38942503594182,-1.30993429144589,0.0241388888888889
"7007_551.893_15.48",1.00100150250438,-1.00100150250438,-1.34406227991274,-1.32649737771418,0.0162745098039216
"7964_256.2631_16.02",0,-1.00100150250438,-1.00100150250438,-1.34406227991274,0.0330589743589744
"9177_142.991_17.01",0,-1.38942503594182,0,-1.34406227991274,0.0135641025641026
"3880_341.2431_8.42",-1.00100150250438,0,-1.00100150250438,-1.36232155017094,0.0365944055944056
"7932_452.3939_16.01",0,0,-1.36692904431769,-1.38942503594182,0.0112634920634921
"8147_677.4377_16.18",1.00100150250438,-1.37457856297529,-1.00100150250438,-1.39964164456356,0.0397666666666667
"9095_742.5718_17",-1.00100150250438,-1.00100150250438,0,-1.39964164456356,0.0320806526806527
"5751_614.4466_14.79",0,-1.00100150250438,-1.38942503594182,-1.40275209380409,0.063478320802005
"9520_81.5184_17.04",0,-1.37457856297529,0,-1.40606442787545,0.0560345154329674
"9195_106.0501_17.02",0,-1.37457856297529,-1.37457856297529,-1.40834895880057,0.0287333333333333
"7251_355.2813_15.57",-1.00100150250438,-1.00100150250438,0,-1.40834895880057,0.00909523809523809
"6110_188.1279_15",0,-1.34406227991274,0,-1.40998991860812,0.0359470588235294
"9228_114.5585_17.02",0,-1.00100150250438,-1.00100150250438,-1.41213611231777,0.0252619047619048
"7847_554.1752_15.94",1.00100150250438,-1.34406227991274,-1.00100150250438,-1.41389939741034,0.0319444444444444
"5705_279.1587_14.75",0,-1.41120774204966,-1.34406227991274,-1.41459540782567,0.0261547619047619
"5435_393.2604_14.43",-1.00100150250438,-1.40834895880057,1.00100150250438,-1.41459540782567,0.0139627450980392
"5542_493.3129_14.56",0,-1.00100150250438,-1.00100150250438,-1.415440166742,0.0208571428571429
"6084_659.5195_15",-1.00100150250438,0,-1.00100150250438,-1.415440166742,0.0213333333333333
"8557_123.0918_16.49",0,-1.00100150250438,-1.00100150250438,-1.41705050316284,0.0199833333333333
"9168_241.0513_17.01",0,-1.41705050316284,-1.26693979201741,-1.41705050316284,0.0149588394062078
"5127_605.1414_14.09",0,0,-1.38942503594182,-1.41705050316284,0.0271365079365079
"5940_556.4411_14.9",-1.38942503594182,-1.00100150250438,1.00100150250438,-1.41705050316284,0.0174166666666667
"6136_463.3022_15.01",-1.00100150250438,-1.00100150250438,-1.40834895880057,-1.68656932779622,0.0281470862470862
"8776_397.3282_16.76",0,-1.30206927713678,-1.43207843374308,-1.70780702697265,0.0398944444444444
"8617_680.4791_16.62",0,-1.41705050316284,-1.00100150250438,-1.71058924980998,0.0352512645249487
"8393_116.1072_16.42",-1.34406227991274,0,-1.00100150250438,-1.73519599273896,0.035766615737204
"5895_170.1174_14.9",-1.00100150250438,-1.34406227991274,-1.34406227991274,-1.84965131486908,0.0583249090091195
