"feature","PR2","TR2","MeanDecreaseAccuracy","MeanDecreaseGini"
"6971_116.0241_16.92",3.32103854886734,3.15022334640167,3.5855787860999,0.285188888888889
"3129_145.0509_15.15",3.29278286588849,3.07849595385036,3.47804563908736,0.26997155534524
"4188_110.0346_15.96",2.82161643801401,3.2637744217698,3.39110856954294,0.219920559557402
"3572_120.0554_15.59",3.18203946294616,3.06704931019632,3.33088133241063,0.188817429938483
"4486_213.0889_16.06",2.57058933231633,2.55431021413545,2.6286641246514,0.104049543439017
"6829_134.0348_16.92",2.18799862421071,2.34268161187223,2.48151245304883,0.146845890951154
"3044_130.0399_15.15",2.13590231998507,2.48333258497134,2.40910698458397,0.171108444187392
"6464_133.9224_16.88",1.75581548160456,1.88818177252232,2.22248481090374,0.162650030671083
"5723_159.0666_16.37",2.05496616767895,2.27342072681803,2.22024346304432,0.135903299624352
"4107_145.0508_15.97",1.84181618949605,2.1667569500872,2.16991650286077,0.131412499780921
"6806_225.089_16.89",1.95680892498054,1.86925865623398,1.99971833073722,0.0945635031635032
"2631_106.0397_14.17",2.20329295049396,0.905275016545724,1.90211576819775,0.0865897763055658
"3093_159.0667_15.17",1.60420113133121,1.94464227070597,1.89250999606338,0.072030643917486
"4888_174.0776_16.06",1.00100150250438,1.69066636031517,1.70265052719347,0.0370169654906497
"4459_211.0732_16.07",1.63593971248684,1.30206927713678,1.70265052719347,0.0548118372855215
"6558_155.0353_16.71",0.502841788752732,1.94326063941941,1.68603738137713,0.127091987544619
"6628_252.1002_16.84",1.38942503594182,1.72842140580061,1.67131567616219,0.0507651506388349
"3676_172.062_15.62",1.67594568898395,1.72005229038445,1.66911011857018,0.0201476126212968
"3705_116.0241_15.63",0.924168828617333,2.21621323898751,1.62015200513306,0.0944430145877514
"5288_200.0935_16.07",1.00100150250438,1.63593971248684,1.51857954095646,0.0685386800334169
"2250_471.1272_12.53",1.51099471303875,1.00100150250438,1.46467048509149,0.0248261562998405
"3285_311.1686_15.36",1.41705050316284,1.41705050316284,1.41705050316284,0.0243454790823212
"6741_159.0666_16.85",0,1.38942503594182,1.40275209380409,0.00988095238095238
"2555_315.254_13.74",0,1.40834895880057,1.40275209380409,0.0213570850202429
"3562_131.0351_15.62",1.00100150250438,1.00100150250438,1.38942503594182,0.0495407107512371
"5520_108.019_16.45",1.00100150250438,1.37457856297529,1.38458279965625,0.0562649818018239
"3738_121.0507_15.64",1.41705050316284,1.30206927713678,1.38062136715865,0.0256019138755981
"2469_286.1085_13.61",1.00100150250438,1.41120774204966,1.38062136715865,0.0193734592892488
"6809_393.1718_16.92",1.00100150250438,1.40834895880057,1.34406227991274,0.00976923076923077
"6788_117.0194_16.85",1.00100150250438,0.128038978949756,1.34406227991274,0.0242526315789474
"2738_106.0397_14.48",1.40275209380409,1.00100150250438,1.31926632682314,0.0408453604874658
"3145_147.0666_15.21",1.80502586389371,0.551845262839284,1.31903948775479,0.190358095705464
"2904_106.0397_14.86",1.00100150250438,1.40275209380409,1.31533410441164,0.0406229419703104
"4025_133.0508_15.86",1.00100150250438,1.37457856297529,1.31533410441164,0.0101079365079365
"3269_92.024_15.33",1.00100150250438,1.00100150250438,1.26693979201741,0.0163929824561404
"4141_158.0462_15.87",1.08995467245257,1.12633652176724,1.26617601032778,0.0897497788760947
"1738_261.1343_7.58",1.00100150250438,1.00100150250438,1.00100150250438,0.0142556390977444
"5358_90.0083_16.34",1.00100150250438,1.00100150250438,1.00100150250438,0.0124019138755981
"6441_99.9244_16.87",1.00100150250438,0,1.00100150250438,0.00566666666666667
"4991_106.0397_16.25",1.00100150250438,0,1.00100150250438,0.0100454545454545
"3549_107.035_15.5",1.00100150250438,1.00100150250438,1.00100150250438,0.0117811802232855
"5715_110.0346_16.47",1.00100150250438,0,1.00100150250438,0.0197460317460317
"6988_112.9843_16.96",1.00100150250438,1.00100150250438,1.00100150250438,0.0114619883040936
"7303_117.9274_17.19",0,1.00100150250438,1.00100150250438,0.0102666666666667
"5318_118.0398_16.29",1.00100150250438,0,1.00100150250438,0.0141133603238866
"4836_121.0507_16.06",0,1.00100150250438,1.00100150250438,0.00355555555555556
"4635_128.0341_16.05",1.00100150250438,0,1.00100150250438,0.0195331738437002
"3756_133.0508_15.65",0,1.00100150250438,1.00100150250438,0.0214736842105263
"3450_133.0508_15.43",0,1.00100150250438,1.00100150250438,0.023529631771737
"3643_134.0348_15.68",0,1.00100150250438,1.00100150250438,0.00387878787878788
"4777_135.0664_16.08",1.00100150250438,0,1.00100150250438,0.00333333333333333
"6599_141.0196_16.64",1.00100150250438,1.00100150250438,1.00100150250438,0.0486185884291148
"6449_145.9225_16.88",1.00100150250438,1.00100150250438,1.00100150250438,0.0421458190931875
"4013_155.0353_15.99",1.00100150250438,0,1.00100150250438,0.0103692307692308
"5017_155.0353_16.23",1.00100150250438,1.00100150250438,1.00100150250438,0.00366666666666667
"4989_161.0823_16.07",1.00100150250438,0,1.00100150250438,0.0121263157894737
"5697_170.0463_16.4",0,1.00100150250438,1.00100150250438,0.00355555555555556
"6461_172.062_16.71",0,1.00100150250438,1.00100150250438,0.00654545454545455
"6340_174.0776_16.71",1.00100150250438,1.00100150250438,1.00100150250438,0.00722222222222222
"73_174.9552_0.52",1.00100150250438,0,1.00100150250438,0.012280701754386
"5429_184.0621_16.34",1.00100150250438,0,1.00100150250438,0.00266666666666667
"4249_186.0777_15.84",1.00100150250438,0,1.00100150250438,0.006
"7141_192.9282_17.03",1.00100150250438,0,1.00100150250438,0.00366666666666667
"4310_196.0622_16.07",1.00100150250438,1.00100150250438,1.00100150250438,0.0312758820127241
"6975_198.0778_16.93",0,1.00100150250438,1.00100150250438,0.0281506388348494
"2254_209.1542_12.54",1.00100150250438,0,1.00100150250438,0.0404955722639933
"6390_211.0732_16.69",1.00100150250438,1.00100150250438,1.00100150250438,0.0204674763832659
"5160_213.0889_16.25",0,1.00100150250438,1.00100150250438,0.0221707602339181
"3503_225.089_15.51",0,1.00100150250438,1.00100150250438,0.00654545454545455
"3921_227.1046_15.72",1.00100150250438,1.00100150250438,1.00100150250438,0.00931746031746031
"6729_238.0843_16.74",0,1.00100150250438,1.00100150250438,0.0137619047619048
"4322_238.0844_16.01",0,1.00100150250438,1.00100150250438,0.00559440559440559
"4864_238.0844_16.12",1.00100150250438,1.00100150250438,1.00100150250438,0.0203147869674185
"2651_239.0671_14.2",0,1.00100150250438,1.00100150250438,0.00676923076923077
"5819_239.1048_16.51",0,1.00100150250438,1.00100150250438,0.0101818181818182
"7078_239.1048_16.98",0,1.00100150250438,1.00100150250438,0.0167247863247863
"2390_239.1287_13.27",1.00100150250438,0,1.00100150250438,0.00369230769230769
"2326_241.1443_12.89",1.00100150250438,1.00100150250438,1.00100150250438,0.0103074162679426
"2083_242.1759_11.11",1.00100150250438,1.00100150250438,1.00100150250438,0.0153272727272727
"4103_252.1002_15.98",1.00100150250438,1.00100150250438,1.00100150250438,0.0295609793715057
"6524_265.1479_16.91",0,1.00100150250438,1.00100150250438,0.0121263157894737
"2333_269.1218_12.94",0,1.00100150250438,1.00100150250438,0.00355555555555556
"2430_271.1915_13.43",1.00100150250438,0,1.00100150250438,0.0036
"6856_275.0113_16.89",1.00100150250438,1.00100150250438,1.00100150250438,0.0193762237762238
"2603_277.1445_14.04",0,1.00100150250438,1.00100150250438,0.00622222222222222
"2339_293.176_12.95",0,1.00100150250438,1.00100150250438,0.0140793650793651
"6065_293.1793_16.6",1.00100150250438,1.00100150250438,1.00100150250438,0.0151428571428571
"2216_305.082_12.24",1.00100150250438,1.00100150250438,1.00100150250438,0.00669230769230769
"4305_309.1741_16.04",1.00100150250438,1.00100150250438,1.00100150250438,0.0064
"5910_311.1687_16.14",0,1.00100150250438,1.00100150250438,0.0159450549450549
"2219_329.2334_12.21",1.00100150250438,1.00100150250438,1.00100150250438,0.0101010101010101
"2229_329.2334_12.42",0,1.00100150250438,1.00100150250438,0.0095025641025641
"6934_337.1845_16.91",1.00100150250438,0,1.00100150250438,0.006
"7147_340.8543_17.03",0,1.00100150250438,1.00100150250438,0.004
"90_394.8906_0.55",1.00100150250438,1.00100150250438,1.00100150250438,0.0153473684210526
"2273_413.2182_12.62",0,1.00100150250438,1.00100150250438,0.0101010101010101
"7156_466.8168_17.04",0,1.00100150250438,1.00100150250438,0.00369230769230769
"7175_471.1146_17.06",0,1.00100150250438,1.00100150250438,0.0224499325236167
"7150_486.7877_17.03",1.00100150250438,0,1.00100150250438,0.0184019138755981
"4536_491.3587_15.98",1.00100150250438,0,1.00100150250438,0.0180436090225564
"2285_528.1487_12.68",1.34406227991274,-1.00100150250438,1.00100150250438,0.0183285714285714
"2942_621.3204_14.93",-1.00100150250438,1.37457856297529,1.00100150250438,0.0369004936583884
"4659_210.0779_16.07",1.00100150250438,0.896978973247055,0.969405711335146,0.0442247664616086
"6240_117.0194_16.63",1.00100150250438,0.929278138329161,0.905275016545724,0.0429859649122807
"3322_186.0777_15.39",1.41705050316284,-1.00100150250438,0.895542337988707,0.0167887445887446
"5371_353.2004_16.33",1.21446541889315,0.557258983818637,0.822979183683351,0.0330412048220098
"5838_130.0399_16.45",1.38942503594182,-1.00100150250438,0.754094392254841,0.0399963241436926
"4423_398.2335_15.93",0.817041456918251,0.57754281555789,0.72799238491593,0.0417414141414141
"2391_195.1384_13.27",0.447303065060821,1.00100150250438,0.707644899002377,0.0402307692307692
"933_129.0181_0.69",-0.128038978949756,1.40275209380409,0.632708666137081,0.0406771030139451
"6238_147.0665_16.62",1.00100150250438,-0.200008000480032,0.538617728378097,0.01879005205321
"3711_184.0621_15.61",1.00100150250438,0.447303065060821,0.525370681277841,0.020711004784689
"5075_182.0464_16.17",1.00100150250438,0.343037530015732,0.515475415815177,0.0221670084301663
"6373_159.0666_16.64",1.00100150250438,0.343037530015732,0.447303065060821,0.0405325586694008
"6080_223.0733_16.53",-0.447303065060821,1.00100150250438,0.447303065060821,0.047961763382816
"4642_227.1046_16.06",-0.156177571144113,0.853423763113301,0.443694297295509,0.0393989139515455
"6133_131.0351_16.69",1.35313542919689,-0.653031673350682,0.407892900335858,0.134614076566708
"6839_116.0241_16.65",0,1.00100150250438,0.393219955743109,0.0708293168819485
"1906_161.0209_8.97",-0.156177571144113,1.00100150250438,0.372155736591365,0.0192522214627478
"121_462.8784_0.55",-0.156177571144113,1.00100150250438,0.372155736591365,0.0212610313662945
"3114_186.0777_15.18",1.07026883177989,-1.00100150250438,0.364122473730366,0.0905263157894737
"3118_134.0348_15.18",0.242549893096765,0.317442404988937,0.279512287087928,0.0613066576698156
"1795_187.0968_7.99",1.00100150250438,0.200008000480032,0.245784422643061,0.0164657097288676
"5931_147.0301_16.58",0,0.548419234180929,0.23927118241051,0.0410617920091604
"5696_120.0191_16.41",0,-0.200008000480032,0.200008000480032,0.019353961827646
"4922_264.1002_16.13",0.156177571144113,0.200008000480032,0.175417001390643,0.0180987468671679
"6293_191.0567_16.66",0.68631738948861,-0.128038978949756,0.174584552421611,0.0383016632490317
"5783_131.0351_16.48",-0.557258983818637,0.781345384897492,0.135137602973647,0.0138358974358974
"6686_157.051_16.69",-1.00100150250438,1.00100150250438,0.128038978949756,0.0146666666666667
"3380_159.0667_15.43",-0.200008000480032,0.557258983818637,0.122171267821672,0.0452852130325815
"3525_157.051_15.61",0.200008000480032,0,0.0830460525871121,0.0825161236424394
"6205_66.0083_16.73",0,0,0,0
"3564_83.0236_15.63",0,0,0,0.00363636363636364
"6267_83.0236_16.64",0,0,0,0.0153473684210526
"3407_83.0236_15.4",0,0,0,0.00355555555555556
"3137_83.0236_15.19",0,0,0,0.0036
"5112_83.0236_16.2",0,0,0,0.0126923076923077
"2995_83.0236_14.97",0,0,0,0
"3617_90.0083_15.66",0,0,0,0
"6270_90.0083_16.61",0,0,0,0.00557275541795666
"4497_90.0083_16.11",0,0,0,0
"4088_92.024_15.93",0,0,0,0
"6567_92.024_16.71",0,0,0,0.00266666666666667
"3537_92.024_15.56",0,0,0,0.00333333333333333
"4458_92.024_16.17",0,0,0,0
"6698_93.008_16.67",0,0,0,0.00369230769230769
"4374_93.008_15.91",0,0,0,0
"2990_106.0397_15.08",0,0,0,0.003
"3169_106.0397_15.42",0,0,0,0
"6723_106.0397_16.65",0,0,0,0
"3589_106.0397_15.63",0,0,0,0
"6899_106.0397_16.89",0,0,0,0
"5691_106.0397_16.44",0,0,0,0.00342857142857143
"3978_107.035_15.74",0,0,0,0
"3267_107.035_15.28",0,0,0,0.00899181286549708
"4929_107.035_16.06",0,0,0,0
"5776_107.035_16.48",0,0,0,0.00667105263157895
"7069_107.035_16.98",0,0,0,0
"6456_108.019_16.65",0,0,0,0
"4133_109.0394_15.84",0,0,0,0.0164210526315789
"3041_109.0394_15.12",0,0,0,0
"5625_109.0394_16.43",0,0,0,0
"5242_110.0346_16.27",0,0,0,0.0036
"6212_110.0346_16.67",0,0,0,0
"3731_110.0346_15.63",0,0,0,0.00571428571428571
"3123_110.0347_15.18",0,0,0,0
"5731_116.0241_16.39",0,0,0,0.0148815789473684
"2938_116.9199_14.92",0,0,0,0
"4142_117.0194_15.81",0,0,0,0
"3931_118.0398_15.87",0,0,0,0
"6721_120.0191_16.64",0,0,0,0
"3666_120.0191_15.67",0,0,0,0.00266666666666667
"4121_120.0191_15.99",0,0,0,0.0153473684210526
"5328_120.0191_16.21",0,0,0,0
"4033_120.0554_15.92",0,0,0,0
"6777_120.0554_16.63",0,0,0,0
"6990_120.0555_16.94",0,0,0,0
"3130_121.0507_15.19",0,0,0,0.00727272727272727
"6534_121.0507_16.61",0,0,0,0.00355555555555556
"3918_121.0507_15.86",0,0,0,0.00826480186480186
"5411_121.0507_16.29",0,0,0,0
"7005_121.0507_16.96",0,0,0,0.00872727272727273
"6078_122.0347_16.65",0,0,0,0
"5211_122.0347_16.15",0,0,0,0.003
"3628_122.0347_15.6",0,0,0,0
"3382_122.0347_15.43",0,0,0,0
"6800_122.0347_16.86",0,0,0,0
"3805_130.0399_15.68",0,0,0,0
"4163_131.0351_16.02",0,0,0,0.0107272727272727
"5327_131.0351_16.25",0,0,0,0
"3127_131.0352_15.15",0,0,0,0.0135029239766082
"2957_131.0352_14.93",0,0,0,0.0036
"4275_132.0555_15.86",0,0,0,0
"5891_132.0555_16.62",0,0,0,0.00266666666666667
"6624_132.0555_16.85",0,0,0,0
"5591_132.0555_16.4",0,0,0,0
"3133_132.0555_15.16",0,0,0,0
"6179_133.0508_16.64",0,0,0,0
"6693_133.0508_16.85",0,0,0,0.00355555555555556
"5637_133.0508_16.42",0,0,0,0.00355555555555556
"3140_133.0508_15.2",0,0,0,0.0036
"6559_134.0348_16.67",0,0,0,0.0084
"3441_134.0348_15.42",0,0,0,0
"3977_135.0664_15.84",0,0,0,0
"5494_135.0665_16.36",0,0,0,0
"4689_135.9698_16.08",0,0,0,0
"3149_136.0505_15.21",0,0,0,0.0176842105263158
"4986_136.0505_16.13",0,0,0,0
"1785_137.0233_7.97",0,0,0,0.00616483516483516
"2377_137.0345_13.19",0,0,0,0
"5937_140.0243_16.58",0,0,0,0
"6710_140.0243_16.89",0,0,0,0
"6884_141.0196_16.89",0,0,0,0
"5044_141.0196_16.29",0,0,0,0.00571428571428571
"5566_141.0196_16.4",0,0,0,0
"6507_143.0352_16.67",1.00100150250438,-1.00100150250438,0,0.0130952380952381
"5076_143.0353_16.25",0,0,0,0.0036
"5609_143.0353_16.41",0,0,0,0.005
"4461_144.0556_16.07",0,0,0,0.00928421052631579
"5267_144.0556_16.35",0,0,0,0.00373333333333333
"5862_144.0557_16.66",0,0,0,0
"6317_145.0508_16.67",0,0,0,0
"4872_145.0508_16.14",0,0,0,0.0204843577475156
"6905_145.0509_16.89",0,0,0,0.0158877192982456
"3392_145.0509_15.39",0,0,0,0.00994736842105263
"2962_145.0509_14.94",0,0,0,0
"6106_145.9225_16.63",0,0,0,0.00369230769230769
"7167_146.9376_17.04",0,0,0,0
"6834_147.0301_16.76",0,0,0,0
"4224_147.0665_15.9",0,0,0,0.00266666666666667
"5287_147.0665_16.32",0,0,0,0.00355555555555556
"3419_147.0665_15.44",0,0,0,0
"7025_147.0665_16.95",0,0,0,0.00419047619047619
"4046_148.0506_15.77",0,0,0,0.00590769230769231
"3139_148.0506_15.19",0,0,0,0
"7074_148.0506_16.98",0,0,0,0.0102142857142857
"5826_155.0353_16.47",-1.00100150250438,1.00100150250438,0,0.0171844611528822
"3292_157.051_15.37",0,0,0,0
"3117_157.051_15.15",0,0,0,0.00994736842105263
"5684_157.051_16.43",0,0,0,0
"6499_158.0462_16.67",0,0,0,0.0126225563909774
"5711_158.0462_16.42",0,0,0,0.00266666666666667
"3426_158.0462_15.45",0,0,0,0.0124019138755981
"4202_159.0666_15.81",0,0,0,0
"3673_159.0666_15.62",0,0,0,0.00171428571428572
"2455_161.021_13.56",0,0,0,0.00676923076923077
"3966_161.046_15.73",0,0,0,0
"6172_163.0616_16.66",0,0,0,0
"4881_163.0616_16.15",0,0,0,0.00363636363636364
"5705_163.0616_16.41",0,0,0,0
"3255_163.0616_15.3",0,0,0,0.0035
"6731_163.0616_16.97",0,0,0,0.00666666666666667
"6862_165.0197_16.89",1.00100150250438,-1.00100150250438,0,0.0153473684210526
"6269_169.0511_16.72",0,0,0,0
"5319_169.0511_16.29",0,0,0,0
"6790_170.0463_16.72",0,0,0,0
"4842_170.0463_16.08",0,0,0,0
"3372_171.0667_15.5",0,0,0,0
"3972_171.0667_15.81",-0.343037530015732,1.00100150250438,0,0.0227052631578947
"5669_171.0667_16.43",0,0,0,0.00936363636363636
"3151_171.0667_15.21",0,0,0,0.0104126984126984
"4504_171.0667_16.07",0,0,0,0.0036
"6973_171.0667_16.94",0,0,0,0.00266666666666667
"5253_171.0667_16.27",0,0,0,0.0036
"3268_172.062_15.45",-1.00100150250438,1.00100150250438,0,0.00786666666666667
"5704_172.062_16.42",0,0,0,0
"6994_172.062_16.94",0,0,0,0
"5848_173.0824_16.46",0,0,0,0.00355555555555556
"4666_173.0824_16.06",0,0,0,0
"4220_174.0776_15.81",0,0,0,0
"7163_174.9553_17.04",0,0,0,0.0128842105263158
"4112_175.0617_15.78",0,0,0,0.0054
"7088_175.0617_16.99",0,0,0,0.00747692307692308
"6338_182.0464_16.75",0,0,0,0
"4927_183.0668_16.12",0,0,0,0.0262934609250399
"6046_183.9335_16.74",0,0,0,0
"5551_183.9335_16.41",0,0,0,0.0187240829346093
"4225_184.0621_15.86",0,0,0,0.002
"6749_184.0621_16.85",0,0,0,0.0139919028340081
"4654_184.0621_16.08",0,0,0,0
"4644_186.0777_16.06",0,0,0,0
"6948_186.0777_16.91",0,0,0,0
"4903_186.1128_16.05",0,0,0,0.009
"4705_188.0934_16.04",0,0,0,0.0054
"7161_189.9309_17.04",0,0,0,0
"7376_190.9278_17.4",0,0,0,0.0244638519375361
"5728_191.0567_16.39",0,0,0,0.0064
"2426_194.0815_13.42",0,0,0,0
"5146_194.973_16.22",0,0,0,0
"6945_194.973_16.94",0,0,0,0
"6498_195.9336_16.75",0,0,0,0
"6177_196.0622_16.67",0,0,0,0.00363636363636364
"5762_196.0622_16.5",0,0,0,0.0108477443609023
"6727_196.0622_16.83",0,0,0,0.00654545454545455
"4110_198.0778_15.84",0,0,0,0
"5323_198.0778_16.17",0,0,0,0.00635897435897436
"5767_199.0731_16.5",0,0,0,0
"6111_200.0935_16.53",0,0,0,0
"4465_200.0935_15.96",0,0,0,0.00363636363636364
"1955_201.1126_9.34",0,0,0,0.00169230769230769
"6870_206.9653_16.89",0,0,0,0
"1793_209.0789_7.98",0,0,0,0
"6430_210.0779_16.69",0,0,0,0.00266666666666667
"5272_210.0779_16.3",0,0,0,0.00738095238095238
"5742_211.0732_16.44",0,0,0,0
"4251_213.0888_15.82",0,0,0,0.00955555555555555
"3557_213.0888_15.51",0,0,0,0
"5662_213.0888_16.45",0,0,0,0.006
"6978_213.0888_16.92",0,0,0,0
"2336_221.1542_12.95",0,0,0,0.0102597402597403
"6665_223.0733_16.75",0,0,0,0
"3476_223.0733_15.48",0,0,0,0.0135837320574163
"5152_223.0733_16.17",0,0,0,0.016047619047619
"7046_225.0612_16.98",0,0,0,0
"6491_225.089_16.65",0,0,0,0.00366666666666667
"4190_225.089_15.85",0,0,0,0
"4472_225.089_16.07",0,0,0,0.0159473684210526
"5642_225.089_16.36",-1.00100150250438,1.00100150250438,0,0.0267298245614035
"5875_226.0843_16.48",0,0,0,0
"5332_227.1046_16.25",0,0,0,0.0196497771234613
"2098_227.1285_11.2",0,0,0,0
"2338_236.1052_12.95",0,0,0,0.0124657097288676
"3971_237.0891_15.97",0,0,0,0.00723636363636364
"5081_237.0891_16.19",0,0,0,0
"5575_237.0891_16.4",0,0,0,0.0116034024455077
"6429_239.1047_16.7",0,0,0,0.00973333333333333
"4475_239.1048_16.07",0,0,0,0.00948771929824561
"5431_239.1048_16.29",0,0,0,0.0375390749601276
"89_242.9433_0.54",0,0,0,0.00675555555555556
"2258_243.16_12.56",0,0,0,0
"2877_249.1495_14.84",0,0,0,0.012280701754386
"2316_257.1758_12.99",0,0,0,0
"1700_261.1343_7.28",0,0,0,0.00659340659340659
"7081_264.0725_16.99",0,0,0,0.0169919028340081
"5354_265.1479_16.29",0,0,0,0
"2627_265.1479_14.19",0,0,0,0
"2452_266.1034_13.54",0,0,0,0.006
"6902_277.0092_16.89",0,0,0,0.0036
"6404_279.1111_16.73",0,0,0,0.00266666666666667
"2516_285.2072_13.79",0,0,0,0
"2420_287.2229_13.28",0,0,0,0.00363636363636364
"5529_293.1794_16.34",0,0,0,0.00948771929824561
"6932_297.1529_16.92",0,0,0,0.00366666666666667
"7138_304.9083_17.03",0,0,0,0.00371428571428572
"2456_309.0745_13.56",0,0,0,0.0117508771929825
"6906_309.1741_16.91",0,0,0,0.00369230769230769
"3897_309.1741_15.71",0,0,0,0
"99_310.9309_0.56",0,0,0,0.002
"4214_311.1686_15.75",0,0,0,0.00369230769230769
"3675_311.1686_15.57",0,0,0,0.010569696969697
"4454_311.1686_16.04",0,0,0,0
"2436_313.2386_13.43",0,0,0,0.00666666666666667
"2241_315.1813_12.5",0,0,0,0
"7155_320.8864_17.04",0,0,0,0
"6657_325.1842_16.92",1.00100150250438,-1.00100150250438,0,0.0228147034252297
"6114_325.1842_16.62",0,0,0,0.0035
"2206_327.2178_12.2",0,0,0,0
"2119_329.2334_11.46",0,0,0,0
"2341_329.2334_12.97",0,0,0,0
"2269_329.2334_12.6",0,0,0,0
"2610_331.0936_14.06",0,0,0,0
"2312_331.2491_12.81",0,0,0,0
"10_336.8588_0.04",0,0,0,0
"7391_336.8588_17.39",0,0,0,0.00266666666666667
"7162_336.8589_17.04",0,0,0,0
"6276_339.1998_16.91",0,0,0,0.00738095238095238
"4923_339.1998_16.07",0,0,0,0.00732867132867133
"2535_339.1998_13.86",0,0,0,0.0084
"7110_341.109_17",0,0,0,0
"3069_342.171_15.03",0,0,0,0.0124019138755981
"2405_343.2126_13.31",0,0,0,0
"3438_356.1296_15.44",0,0,0,0
"2337_361.1634_12.95",0,0,0,0
"2457_377.0619_13.56",0,0,0,0.0054
"7256_377.0856_17.17",0,0,0,0
"7109_377.0858_17",0,0,0,0
"7113_387.1147_17",0,0,0,0
"2238_387.2866_12.49",0,0,0,0
"7296_404.1046_17.19",0,0,0,0.00333333333333333
"7118_404.1047_17.01",0,0,0,0
"2263_415.2339_12.57",0,0,0,0
"7099_426.1255_17",0,0,0,0.0159574694311536
"2168_431.2286_11.88",0,0,0,0
"7123_441.0339_17.01",0,0,0,0.0160331738437002
"7093_455.1021_17",0,0,0,0
"6961_461.1592_16.93",0,0,0,0.00363636363636364
"2242_467.2796_12.5",0,0,0,0.00654545454545455
"7151_484.7896_17.04",0,0,0,0.00622222222222222
"6543_491.3588_16.87",0,0,0,0.0113939393939394
"5514_491.359_16.4",0,0,0,0
"4818_499.3639_16.09",0,0,0,0.0124195804195804
"2247_514.1329_12.51",0,0,0,0.00666666666666667
"132_530.8655_0.56",0,0,0,0
"2944_585.3434_14.93",0,0,0,0.0164210526315789
"2364_587.3073_13.07",0,0,0,0.0064
"2392_601.323_13.27",0,0,0,0.0147929824561404
"2943_648.3386_14.93",0,0,0,0.00948771929824561
"4086_134.0348_15.94",0.808308296956146,0.064415929926654,-0.0602477419983636,0.0717353079668869
"3086_265.1479_15.11",0.404127003126757,-0.68631738948861,-0.0717977152811726,0.047740350877193
"4100_163.0616_15.73",-0.200008000480032,0,-0.0830460525871121,0.0221092731829574
"6191_227.1046_16.65",1.00100150250438,-1.00100150250438,-0.108466504993364,0.0437222041116778
"2227_248.0799_12.43",1.34406227991274,-1.40275209380409,-0.108466504993364,0.0485146198830409
"3739_145.0508_15.62",0,0,-0.175417001390643,0.0439655131418289
"6685_130.0399_16.84",-1.00100150250438,1.00100150250438,-0.232507845818998,0.0258143435511857
"3125_120.0554_15.18",-1.00100150250438,0.343037530015732,-0.245784422643061,0.0242040240461293
"2722_265.1479_14.4",1.00100150250438,-1.00100150250438,-0.277371435197549,0.027255330634278
"6927_131.0351_16.89",-1.00100150250438,0,-0.372155736591365,0.0103333333333333
"6031_130.0399_16.69",-1.00100150250438,0.277371435197549,-0.447303065060821,0.0370828995565838
"5677_252.1002_16.37",-1.16651376590679,1.3115576564675,-0.458291484320319,0.0535679490100543
"5816_118.0398_16.45",-1.40275209380409,-0.182919348335487,-0.586549201377615,0.042623034859877
"4024_144.0556_15.76",-0.277371435197549,-1.00100150250438,-0.632708666137081,0.0200692640692641
"2674_345.1092_14.27",-1.00100150250438,0,-0.632708666137081,0.0212610313662945
"6027_491.3588_16.58",-1.00100150250438,-0.447303065060821,-0.632708666137081,0.0326329862088376
"3736_191.0567_15.91",-1.00100150250438,-0.507803976750386,-0.757762042793872,0.0444305110094584
"6554_124.014_16.78",-1.41705050316284,0,-0.771848634399114,0.0600129718234981
"6929_83.0236_16.9",-1.30206927713678,1.00100150250438,-0.778248712695303,0.0239352472089314
"6724_118.0398_16.7",0,-0.478200759259076,-0.778248712695303,0.0447492063492064
"2313_325.2016_12.83",0,-1.37457856297529,-0.876899808542589,0.0233858422279475
"3411_130.0399_15.51",-1.41705050316284,-0.829972352653675,-0.969405711335146,0.0218473684210526
"4424_163.0616_16.05",-1.00100150250438,-0.817041456918251,-0.980241500534946,0.0384226855016329
"4034_83.0236_15.9",0,-1.00100150250438,-1.00100150250438,0.00866666666666667
"5545_83.0236_16.44",-1.00100150250438,-1.00100150250438,-1.00100150250438,0.00969230769230769
"4597_84.0076_16.03",0,-1.00100150250438,-1.00100150250438,0.015311004784689
"3812_90.0083_15.86",-1.00100150250438,0,-1.00100150250438,0.022200956937799
"6883_90.0083_16.79",-1.00100150250438,0,-1.00100150250438,0.0156431989063568
"5890_92.024_16.47",-1.00100150250438,-1.00100150250438,-1.00100150250438,0.0259144013880856
"5047_93.008_16.16",0,-1.00100150250438,-1.00100150250438,0.0096
"6214_104.0241_16.66",-1.00100150250438,0,-1.00100150250438,0.0120210526315789
"4014_106.0397_15.97",-1.00100150250438,-1.00100150250438,-1.00100150250438,0.0287728552149605
"2771_106.0397_14.73",-1.00100150250438,-1.00100150250438,-1.00100150250438,0.0169919028340081
"5283_107.035_16.29",-1.00100150250438,-1.00100150250438,-1.00100150250438,0.00642857142857143
"3536_109.0394_15.48",0,-1.00100150250438,-1.00100150250438,0.00808421052631579
"3416_110.0347_15.43",-1.00100150250438,0,-1.00100150250438,0.00369230769230769
"4092_116.0241_15.86",-1.00100150250438,-1.00100150250438,-1.00100150250438,0.006
"4552_116.0241_16.08",-1.00100150250438,-1.00100150250438,-1.00100150250438,0.0300140882509304
"4286_117.0194_16",-1.00100150250438,-1.00100150250438,-1.00100150250438,0.0150175438596491
"4794_120.0554_16.17",-1.00100150250438,-1.00100150250438,-1.00100150250438,0.009
"5296_120.0554_16.36",-1.00100150250438,-1.00100150250438,-1.00100150250438,0.00366666666666667
"3410_121.0507_15.44",-1.00100150250438,0,-1.00100150250438,0.0313540260908682
"4287_122.0347_15.9",-1.00100150250438,0,-1.00100150250438,0.0041025641025641
"3375_131.0351_15.38",0,-1.00100150250438,-1.00100150250438,0.00363636363636364
"3823_132.0555_15.68",-1.00100150250438,-1.00100150250438,-1.00100150250438,0.0480215311004785
"3443_132.0555_15.42",0,-1.00100150250438,-1.00100150250438,0.0341129186602871
"4862_134.0348_16.17",-1.00100150250438,-1.00100150250438,-1.00100150250438,0.00713636363636364
"5710_145.0508_16.38",-1.00100150250438,-1.00100150250438,-1.00100150250438,0.0207721226142279
"5563_145.9225_16.43",-1.00100150250438,-1.00100150250438,-1.00100150250438,0.0125179425837321
"4415_147.0302_16.01",-1.00100150250438,-1.00100150250438,-1.00100150250438,0.00909774436090226
"3753_147.0665_15.65",0,-1.00100150250438,-1.00100150250438,0.00758164642375169
"6300_148.0506_16.7",0,-1.00100150250438,-1.00100150250438,0.0073030303030303
"6855_157.051_16.88",-1.00100150250438,-1.00100150250438,-1.00100150250438,0.0405584795321637
"5061_158.0462_16.1",0,-1.00100150250438,-1.00100150250438,0.0410752136752137
"6981_158.0462_16.92",-1.00100150250438,0,-1.00100150250438,0.0280140350877193
"3598_163.0616_15.52",-1.00100150250438,0,-1.00100150250438,0.003
"5922_169.0511_16.52",-1.00100150250438,-1.00100150250438,-1.00100150250438,0.00369230769230769
"4652_172.062_16.06",-1.00100150250438,-1.00100150250438,-1.00100150250438,0.0185263157894737
"1633_173.0811_6.61",-1.00100150250438,-1.00100150250438,-1.00100150250438,0.012280701754386
"7047_179.0553_16.98",0,-1.00100150250438,-1.00100150250438,0.0119555555555556
"6341_184.062_16.67",0,-1.00100150250438,-1.00100150250438,0.0276860118209963
"6478_186.0777_16.66",0,-1.00100150250438,-1.00100150250438,0.00363636363636364
"3696_186.0777_15.6",-1.00100150250438,-1.00100150250438,-1.00100150250438,0.0103504273504274
"5688_186.0777_16.34",-1.00100150250438,0,-1.00100150250438,0.0103692307692308
"1601_186.1128_6.25",-1.00100150250438,-1.00100150250438,-1.00100150250438,0.0346885804254225
"6766_191.0567_16.88",-1.00100150250438,0,-1.00100150250438,0.00623076923076923
"4804_191.0567_16.16",0,-1.00100150250438,-1.00100150250438,0.0206793907846539
"5197_196.0622_16.3",0,-1.00100150250438,-1.00100150250438,0.014859649122807
"5774_198.0778_16.42",0,-1.00100150250438,-1.00100150250438,0.00715555555555556
"7268_198.8077_17.18",-1.00100150250438,0,-1.00100150250438,0.0217684210526316
"3949_200.0935_15.73",-1.00100150250438,-1.00100150250438,-1.00100150250438,0.0220263157894737
"6895_205.9657_16.9",0,-1.00100150250438,-1.00100150250438,0.00623076923076923
"5822_210.0779_16.51",0,-1.00100150250438,-1.00100150250438,0.0117272727272727
"4886_212.0936_16.06",0,-1.00100150250438,-1.00100150250438,0.0139210526315789
"6571_213.0888_16.7",-1.00100150250438,0,-1.00100150250438,0.0102597402597403
"2065_215.1284_10.63",-1.00100150250438,-1.00100150250438,-1.00100150250438,0.0110035087719298
"2677_221.1542_14.3",-1.00100150250438,-1.00100150250438,-1.00100150250438,0.0358224792751108
"5469_223.0733_16.35",0,-1.00100150250438,-1.00100150250438,0.007
"7016_223.0733_16.96",-1.00100150250438,0,-1.00100150250438,0.0131555555555556
"5153_225.089_16.22",0,-1.00100150250438,-1.00100150250438,0.017299016772701
"4975_226.0843_16.13",-1.00100150250438,-1.00100150250438,-1.00100150250438,0.0477694819800083
"2702_233.1544_14.37",0,-1.00100150250438,-1.00100150250438,0.0121299145299145
"6148_237.0891_16.67",0,-1.00100150250438,-1.00100150250438,0.0105333333333333
"6845_237.0891_16.88",-1.00100150250438,-1.00100150250438,-1.00100150250438,0.0117570850202429
"5876_238.0844_16.5",-1.00100150250438,-1.00100150250438,-1.00100150250438,0.00590769230769231
"4080_239.1047_15.78",-1.00100150250438,-1.00100150250438,-1.00100150250438,0.0226396761133603
"1903_240.9785_8.97",-1.00100150250438,0,-1.00100150250438,0.0117644110275689
"1904_242.9743_8.97",-1.00100150250438,-1.00100150250438,-1.00100150250438,0.006
"2699_243.1963_14.36",-0.277371435197549,-1.00100150250438,-1.00100150250438,0.0155363408521303
"6137_252.1002_16.65",0,-1.00100150250438,-1.00100150250438,0.0220140350877193
"5013_252.1002_16.14",-1.00100150250438,0,-1.00100150250438,0.0117570850202429
"2251_253.1445_12.54",-1.00100150250438,-1.00100150250438,-1.00100150250438,0.0127067669172932
"3898_265.1479_15.71",0,-1.00100150250438,-1.00100150250438,0.00773684210526316
"4658_265.1479_16.07",0,-1.00100150250438,-1.00100150250438,0.0100363636363636
"6394_309.1741_16.73",0,-1.00100150250438,-1.00100150250438,0.00994736842105263
"6939_311.1687_16.91",0,-1.00100150250438,-1.00100150250438,0.0204538011695906
"5880_325.1842_16.41",-1.00100150250438,0,-1.00100150250438,0.0101025641025641
"6259_327.18_16.91",-1.00100150250438,-1.00100150250438,-1.00100150250438,0.00342857142857143
"7146_338.8591_17.03",0,-1.00100150250438,-1.00100150250438,0.0233952153110048
"3704_387.1562_15.59",-1.00100150250438,-1.00100150250438,-1.00100150250438,0.0264451127819549
"3153_387.1562_15.21",0,-1.00100150250438,-1.00100150250438,0.003
"2425_389.1719_13.42",-1.00100150250438,-1.00100150250438,-1.00100150250438,0.0212240601503759
"2300_447.1343_12.78",0,-1.00100150250438,-1.00100150250438,0.0036
"7168_482.7892_17.05",-1.00100150250438,0,-1.00100150250438,0.0151856564488143
"5120_491.3588_16.2",-1.00100150250438,-1.00100150250438,-1.00100150250438,0.00685714285714286
"4020_491.3588_15.76",0,-1.00100150250438,-1.00100150250438,0.00728888888888889
"5659_669.458_16.44",-1.00100150250438,-1.00100150250438,-1.00100150250438,0.0127067669172932
"5590_117.0194_16.35",-1.00100150250438,-1.00100150250438,-1.00100150250438,0.012280701754386
"5073_130.0399_16.24",-1.00100150250438,0,-1.00100150250438,0.00355555555555556
"3989_157.051_15.89",-1.00100150250438,-1.00100150250438,-1.00100150250438,0.00654545454545455
"2837_299.0956_14.73",-1.00100150250438,-1.38942503594182,-1.2352771349249,0.0264649122807018
"2164_229.1442_11.83",-1.00100150250438,-1.34406227991274,-1.28959193642382,0.0215590643274854
"6909_410.1617_16.9",-1.00100150250438,-1.38942503594182,-1.29662538565291,0.0102666666666667
"4102_223.0733_15.78",-1.00100150250438,-1.37457856297529,-1.31533410441164,0.0250175438596491
"2375_301.0579_13.19",-1.00100150250438,-1.37457856297529,-1.31926632682314,0.0195768208399787
"5213_147.0302_16.25",-1.00100150250438,-1.37457856297529,-1.34406227991274,0.0222890559732665
"4058_172.062_15.85",-1.00100150250438,-1.38942503594182,-1.34406227991274,0.0417703349282297
"4616_108.019_16.07",-1.00100150250438,-1.00100150250438,-1.36232155017094,0.0194649350649351
"64_146.9601_0.5",-1.00100150250438,-1.41705050316284,-1.37021526937856,0.0279029239766082
"6596_198.0778_16.68",-1.26693979201741,-1.41705050316284,-1.37457856297529,0.0194354066985646
"5760_134.0348_16.39",-1.34406227991274,-1.34406227991274,-1.41389939741034,0.0256518218623482
"6517_107.035_16.69",0,-1.41705050316284,-1.41705050316284,0.023821052631579
"7164_190.9278_17.04",-1.00100150250438,-1.73727046020804,-1.61911600689643,0.0185904761904762
"6368_171.0667_16.69",-1.38942503594182,-1.00100150250438,-1.65657390480643,0.0208237516869096
"4189_161.0823_15.85",-1.41705050316284,-1.41705050316284,-1.65958391281122,0.0345645933014354
"1480_352.8537_3.55",-1.73727046020804,-1.37457856297529,-1.86061815571171,0.0380390521758943
