row_ID,mz,retention_time,p_value,statistic,n_samples,p_adjusted_BH,p_adjusted_Bonferroni,effect_size,mean_group1,mean_group2,mean_change_difference,fold_change,log2_fold_change
4922,264.100234032208,16.12601,0.006233034969733782,79,19,1,1,0.7555555555555555,2.893933785509199e-5,-2.939470025129233e-6,-3.187880788022122e-5,NA,NA
2631,106.039695845106,14.173291,0.012763007532641236,14,19,1,1,-0.6888888888888889,-7.581839752709917e-5,1.8352915388428773e-4,2.5934755141138687e-4,NA,NA
3044,130.039872940493,15.151573,0.012763007532641236,14,19,1,1,-0.6888888888888889,-3.981610776066e-5,3.1825040728935606e-4,3.580665150500161e-4,NA,NA
3114,186.077735804051,15.175608,0.012763007532641236,14,19,1,1,-0.6888888888888889,-3.312648201007051e-5,6.565468723219122e-5,9.878116924226173e-5,NA,NA
6839,116.024106107155,16.646412,0.02474467204639894,17,19,1,1,-0.6222222222222222,-4.563593243823599e-4,9.650941243921079e-4,0.0014214534487744677,NA,NA
6971,116.024098856242,16.918753,0.02474467204639894,17,19,1,1,-0.6222222222222222,-1.5002908959748784e-5,1.124152736397995e-4,1.274181825995483e-4,NA,NA
3705,116.024116235761,15.631828,0.030486156935263378,18,19,1,1,-0.6,-2.3970484662422047e-4,3.894681061904929e-4,6.291729528147133e-4,NA,NA
4635,128.03410707055,16.046707,0.030486156935263378,72,19,1,1,0.6000000000000001,1.1983567599367003e-5,-7.913427981369778e-5,-9.111784741306478e-5,NA,NA
5723,159.066639700585,16.367802,0.030486156935263378,72,19,1,1,0.6000000000000001,9.591188221790236e-4,-5.290333741146268e-4,-0.0014881521962936504,NA,NA
6829,134.034830119376,16.91507,0.037336415920662856,19,19,1,1,-0.5777777777777777,-1.1469729565189198e-4,1.7638140653367072e-4,2.910787021855627e-4,NA,NA
4086,134.034811917158,15.9440365,0.045455294849058483,70,19,1,1,0.5555555555555556,7.096846562545179e-4,-3.4288856797809166e-4,-0.0010525732242326095,NA,NA
3129,145.050899763861,15.152887,0.045455294849058483,20,19,1,1,-0.5555555555555556,-6.954638350277702e-5,2.6777670900620445e-4,3.373230925089815e-4,NA,NA
5288,200.093489995006,16.073454,0.045455294849058483,70,19,1,1,0.5555555555555556,2.23908148349281e-4,-1.4788316319072335e-4,-3.7179131154000436e-4,NA,NA
4423,398.233544377516,15.932391,0.045455294849058483,70,19,1,1,0.5555555555555556,1.273799777662779e-6,-3.047225906959407e-5,-3.174605884725685e-5,NA,NA
3978,107.034980577743,15.738287,0.055013832353979046,21,19,1,1,-0.5333333333333333,2.9283637786910513e-4,0.002557747068255681,0.002264910690386576,NA,NA
3123,110.034658847682,15.180128,0.055013832353979046,69,19,1,1,0.5333333333333334,-2.6728764163705182e-5,-1.8966904746442074e-4,-1.6294028330071555e-4,NA,NA
1785,137.023276938483,7.9731965,0.055013832353979046,21,19,1,1,-0.5333333333333333,-3.08033080523338e-4,2.962995973579328e-4,6.043326778812708e-4,NA,NA
3525,157.050958317466,15.612209,0.06619257972219343,22,19,1,1,-0.5111111111111111,-4.57106030080284e-4,3.3370846733842783e-4,7.908144974187118e-4,NA,NA
5767,199.073079714347,16.498537,0.06619257972219343,68,19,1,1,0.5111111111111111,2.522447142062687e-5,-8.741821990464619e-5,-1.1264269132527307e-4,NA,NA
4923,339.199795325922,16.074526,0.06619257972219343,68,19,1,1,0.5111111111111111,-3.680058078413201e-5,-1.6393850656102108e-4,-1.2713792577688905e-4,NA,NA
5371,353.200356389703,16.332447,0.06619257972219343,22,19,1,1,-0.5111111111111111,-1.5123093526872017e-5,1.8965931429881654e-5,3.408902495675367e-5,NA,NA
2300,447.134285452843,12.784005,0.06619257972219343,68,19,1,1,0.5111111111111111,3.3470022057269264e-6,-1.1734931679146064e-5,-1.508193388487299e-5,NA,NA
6567,92.0239936879964,16.705269,0.07917934957557053,23,19,1,1,-0.48888888888888893,-7.450379811014511e-4,3.502597809326665e-5,7.800639591947178e-4,NA,NA
4188,110.034644210881,15.957519,0.07917934957557053,67,19,1,1,0.48888888888888893,9.5456060296063e-4,-7.541080491544199e-4,-0.0017086686521150499,NA,NA
3130,121.050687516805,15.188335,0.07917934957557053,23,19,1,1,-0.48888888888888893,-1.2620520425103547e-4,3.643384609178032e-5,1.6263905034281578e-4,NA,NA
6031,130.039874634974,16.691254,0.07917934957557053,23,19,1,1,-0.48888888888888893,-0.0012364510020526393,0.0027116861494040356,0.0039481371514566745,NA,NA
64,146.960121399058,0.49927115,0.07917934957557053,67,19,1,1,0.48888888888888893,2.4374472839167618e-5,-8.446282177436287e-6,-3.2820755016603905e-5,NA,NA
3093,159.066680777414,15.169439,0.07917934957557053,23,19,1,1,-0.48888888888888893,-2.8848613601247706e-6,4.8097529279139787e-5,5.0982390639264555e-5,NA,NA
7078,239.10481884633,16.976255,0.07917934957557053,23,19,1,1,-0.48888888888888893,-1.1028535534921578e-5,1.20529190183379e-5,2.3081454553259478e-5,NA,NA
5677,252.100185442822,16.365358,0.07917934957557053,23,19,1,1,-0.48888888888888893,-3.2841103423558054e-5,2.034892408248842e-4,2.3633034424844226e-4,NA,NA
6267,83.0236220138386,16.636652,0.09416637543787977,66,19,1,1,0.46666666666666656,0.0015804306772485232,-0.0021015888565288662,-0.0036820195337773894,NA,NA
6240,117.019391421789,16.634377,0.09416637543787977,66,19,1,1,0.46666666666666656,2.8673512953378397e-4,-1.5475271829638556e-4,-4.414878478301695e-4,NA,NA
5931,147.030148811658,16.575891,0.09416637543787977,66,19,1,1,0.46666666666666656,7.195183907573213e-5,-1.6543670445066342e-4,-2.3738854352639555e-4,NA,NA
6238,147.066527350901,16.619448,0.09416637543787977,24,19,1,1,-0.4666666666666667,-1.8836762197101407e-4,0.0010977858791428033,0.0012861535011138173,NA,NA
6806,225.088969535117,16.891321,0.09416637543787977,24,19,1,1,-0.4666666666666667,-8.129876348476276e-6,1.6779482914248327e-4,1.7592470549095953e-4,NA,NA
2227,248.079911505102,12.426986,0.09416637543787977,24,19,1,1,-0.4666666666666667,-1.4047778921313279e-5,3.2377613133719115e-5,4.642539205503239e-5,NA,NA
4020,491.358842329221,15.756348,0.09416637543787977,66,19,1,1,0.46666666666666656,6.369344321367352e-8,-3.562875772131922e-7,-4.199810204268657e-7,NA,NA
5545,83.0236227411721,16.438583,0.11134688653314043,25,19,1,1,-0.4444444444444444,-2.5229632868796096e-4,0.0024701782795816776,0.0027224746082696386,NA,NA
2904,106.039694584803,14.862858,0.11134688653314043,25,19,1,1,-0.4444444444444444,4.5227805582161797e-4,0.00334794661333129,0.002895668557509672,NA,NA
3756,133.050781749153,15.648979,0.11134688653314043,25,19,1,1,-0.4444444444444444,-4.970851931585292e-4,7.859477350232832e-4,0.0012830329281818124,NA,NA
3380,159.066650460406,15.432304,0.11134688653314043,25,19,1,1,-0.4444444444444444,-8.848734825511113e-5,6.301722335648374e-5,1.5150457161159487e-4,NA,NA
4058,172.061964813706,15.84602,0.11134688653314043,25,19,1,1,-0.4444444444444444,-5.452727346331229e-4,0.0011913336738067423,0.0017366064084398652,NA,NA
7088,175.061721771399,16.985147,0.11134688653314043,25,19,1,1,-0.4444444444444444,-2.551955205651911e-5,6.50952142698354e-5,9.06147663263545e-5,NA,NA
7376,190.92775930287,17.40301,0.11134688653314043,65,19,1,1,0.4444444444444444,-4.1126004738025726e-4,-0.0026793329875810733,-0.002268072940200816,NA,NA
4310,196.062163393441,16.071083,0.11134688653314043,65,19,1,1,0.4444444444444444,8.230503215200001e-5,-3.0234731903800555e-4,-3.8465235119000555e-4,NA,NA
6856,275.011295116485,16.890606,0.11134688653314043,25,19,1,1,-0.4444444444444444,-8.432045829705756e-6,0.00014693934805130336,1.5537139388100912e-4,NA,NA
6394,309.174060353433,16.733154,0.11134688653314043,25,19,1,1,-0.4444444444444444,-5.290474985770845e-5,-7.130862084800579e-6,4.577388777290787e-5,NA,NA
5625,109.039395718485,16.426043,0.13091112789629067,26,19,1,1,-0.4222222222222223,-5.2682847213303535e-5,1.340054413064005e-4,1.8668828851970402e-4,NA,NA
3572,120.055444847964,15.590859,0.13091112789629067,26,19,1,1,-0.4222222222222223,-9.673408489450199e-4,2.6251225114984225e-4,0.001229853100094862,NA,NA
5826,155.035301993624,16.46503,0.13091112789629067,64,19,1,1,0.4222222222222223,5.552048392810943e-5,-3.9176722979327355e-4,-4.47287713721383e-4,NA,NA
6855,157.050961624234,16.878578,0.13091112789629067,26,19,1,1,-0.4222222222222223,-9.266806645441398e-5,0.00032177149984841103,4.14439566302825e-4,NA,NA
3268,172.061958878157,15.450867,0.13091112789629067,64,19,1,1,0.4222222222222223,1.7242450560899804e-4,-1.0874194781524442e-4,-2.8116645342424245e-4,NA,NA
4225,184.06205078669,15.864591,0.13091112789629067,64,19,1,1,0.4222222222222223,1.868230404716933e-4,-2.3413424515018665e-4,-4.2095728562187995e-4,NA,NA
3949,200.093479493439,15.726653,0.13091112789629067,26,19,1,1,-0.4222222222222223,6.0117699813815194e-5,1.7110223811377077e-4,1.1098453829995557e-4,NA,NA
6628,252.100177836551,16.844591,0.13091112789629067,26,19,1,1,-0.4222222222222223,-1.4561019915605868e-4,5.471815032654268e-5,2.0032834948260136e-4,NA,NA
6065,293.17926793222,16.600187,0.13091112789629067,64,19,1,1,0.4222222222222223,4.5636897871173e-5,-5.0036778354039e-4,-5.460046814115629e-4,NA,NA
4088,92.0239945779022,15.929466,0.1530418841588201,63,19,1,1,0.3999999999999999,7.828577886419762e-4,-2.557844576363244e-4,-0.0010386422462783007,NA,NA
6800,122.034727701197,16.859606,0.1530418841588201,27,19,1,1,-0.4,-1.33716573895462e-5,1.918982865113514e-4,2.052699439008976e-4,NA,NA
6464,133.922413762241,16.877762,0.1530418841588201,63,19,1,1,0.3999999999999999,1.6809116984086299e-4,-4.816797742847799e-4,-6.497709441256429e-4,NA,NA
4986,136.050472975221,16.13028,0.1530418841588201,27,19,1,1,-0.4,-1.536276531976651e-4,-2.2615296330159474e-4,-7.252531010392964e-5,NA,NA
2962,145.050934804008,14.939954,0.1530418841588201,27,19,1,1,-0.4,-1.6165992320723075e-5,1.3715990163796858e-4,1.5332589395869166e-4,NA,NA
6499,158.046179555034,16.673094,0.1530418841588201,27,19,1,1,-0.4,-2.42646297407923e-4,3.782426855730611e-4,6.208889829809841e-4,NA,NA
4424,163.061579241828,16.053415,0.1530418841588201,63,19,1,1,0.3999999999999999,2.8379569856234224e-4,-1.0779951514423444e-4,-3.915952137065767e-4,NA,NA
4888,174.077628997133,16.060692,0.1530418841588201,63,19,1,1,0.3999999999999999,1.29550345966675e-4,1.0693787016414882e-5,-1.188565589502601e-4,NA,NA
5429,184.062060753621,16.340317,0.1530418841588201,63,19,1,1,0.3999999999999999,3.501903075424733e-4,-1.7090975599330638e-4,-5.211000635357798e-4,NA,NA
2535,339.199802825916,13.861886,0.1530418841588201,63,19,1,1,0.3999999999999999,6.00233283854071e-4,-5.154798715979257e-4,-0.0011157131554519967,NA,NA
6559,134.034808762058,16.67,0.17790959498698253,62,19,1,1,0.37777777777777777,2.2882457917569094e-4,-7.208213653830777e-5,-3.009067157139987e-4,NA,NA
3441,134.034813805364,15.422277,0.17790959498698253,62,19,1,1,0.37777777777777777,4.0037418984129546e-5,-1.0654429737479008e-4,-1.4658171635891962e-4,NA,NA
3392,145.050864359554,15.389235,0.17790959498698253,28,19,1,1,-0.37777777777777777,-3.2652233369295504e-4,4.076515082037656e-4,7.341738418967206e-4,NA,NA
6449,145.922522953784,16.876688,0.17790959498698253,62,19,1,1,0.37777777777777777,0.001275406066329572,-0.0019451384579366989,-0.0032205445242662707,NA,NA
3419,147.066537166522,15.441309,0.17790959498698253,28,19,1,1,-0.37777777777777777,-1.4102182991963114e-4,-4.991825203144057e-5,9.110357788819057e-5,NA,NA
5075,182.046393620231,16.173647,0.17790959498698253,28,19,1,1,-0.37777777777777777,2.8481864841268818e-5,1.8900267260844785e-4,1.6052080776717903e-4,NA,NA
3711,184.06205946877,15.61322,0.17790959498698253,28,19,1,1,-0.37777777777777777,-4.532171929576617e-5,2.3705658892428738e-4,2.8237830822005355e-4,NA,NA
4190,225.088963709634,15.846042,0.17790959498698253,62,19,1,1,0.37777777777777777,2.0546920133175626e-4,-7.915758995939989e-6,-2.1338496032769625e-4,NA,NA
6845,237.089107188511,16.884235,0.17790959498698253,28,19,1,1,-0.37777777777777777,-9.249189673818116e-6,1.7938732732829146e-4,1.8863651700210958e-4,NA,NA
7175,471.114587294647,17.05871,0.17790959498698253,28,19,1,1,-0.37777777777777777,-9.402658821699834e-5,-9.571372472591075e-6,8.445521574440726e-5,NA,NA
4034,83.0236171556156,15.898128,0.20566717961735545,61,19,1,1,0.3555555555555556,0.002138824895275894,-0.0015026477328315972,-0.003641472628107491,NA,NA
5696,120.019069793086,16.413633,0.20566717961735545,61,19,1,1,0.3555555555555556,1.0133501375981001e-4,-1.5084524299229776e-4,-2.5218025675210776e-4,NA,NA
7005,121.05071066762,16.96348,0.20566717961735545,29,19,1,1,-0.3555555555555555,-1.8812238426821e-4,1.4012024733107612e-4,3.2824263159928613e-4,NA,NA
5760,134.03481641564,16.393234,0.20566717961735545,61,19,1,1,0.3555555555555556,1.4786512884524684e-4,-2.628624965532566e-4,-4.1072762539850344e-4,NA,NA
6599,141.019553388237,16.644735,0.20566717961735545,29,19,1,1,-0.3555555555555555,-6.98330938478741e-4,8.960412360468767e-4,0.0015943721745256176,NA,NA
3145,147.066554824997,15.206212,0.20566717961735545,29,19,1,1,-0.3555555555555555,-4.317089539668455e-5,4.733405344579478e-5,9.050494884247932e-5,NA,NA
4013,155.035304078211,15.991202,0.20566717961735545,61,19,1,1,0.3555555555555556,4.8201618948981895e-4,-4.923087097484387e-4,-9.743248992382577e-4,NA,NA
6373,159.066629976589,16.640633,0.20566717961735545,29,19,1,1,-0.3555555555555555,4.12843747058675e-4,0.001161488477019111,7.486447299604361e-4,NA,NA
4989,161.082283609317,16.070335,0.20566717961735545,61,19,1,1,0.3555555555555556,-1.5308442745372025e-5,-3.2125532367031223e-4,-3.0594688092494023e-4,NA,NA
4100,163.061574237935,15.733917,0.20566717961735545,29,19,1,1,-0.3555555555555555,3.9922899184767805e-4,8.62480911049839e-4,4.632519192021609e-4,NA,NA
5697,170.04628505153,16.403414,0.20566717961735545,61,19,1,1,0.3555555555555556,1.0365399107121861e-4,-6.892776794404347e-5,-1.725817590152621e-4,NA,NA
5323,198.077828685839,16.17272,0.20566717961735545,29,19,1,1,-0.3555555555555555,-9.848039919943563e-5,4.2540351771732236e-5,1.4102075097116785e-4,NA,NA
4102,223.073275882315,15.779111,0.20566717961735545,29,19,1,1,-0.3555555555555555,1.479868356470429e-5,7.007820964564895e-5,5.527952608094466e-5,NA,NA
3921,227.104618701704,15.720992,0.20566717961735545,29,19,1,1,-0.3555555555555555,8.867180335563958e-6,1.0699147799885037e-4,9.812429766328642e-5,NA,NA
2722,265.147919732769,14.402925,0.20566717961735545,29,19,1,1,-0.3555555555555555,3.7627916183169936e-5,0.0010957210841059965,0.0010580931679228267,NA,NA
2273,413.218236178724,12.620068,0.20566717961735545,29,19,1,1,-0.3555555555555555,-3.436339095624133e-7,3.61109950907045e-7,7.047438604694583e-7,NA,NA
6961,461.159150015868,16.93301,0.20566717961735545,29,19,1,1,-0.3555555555555555,-2.168591230800246e-5,1.151777357239532e-5,3.320368588039778e-5,NA,NA
2942,621.320422337432,14.929166,0.20566717961735545,29,19,1,1,-0.3555555555555555,3.0447180882071777e-6,6.824720492323708e-6,3.7800024041165306e-6,NA,NA
2995,83.0236263641424,14.965072,0.2364447155723038,30,19,1,1,-0.33333333333333337,-9.899224130910028e-5,3.247093126760544e-4,4.237015539851547e-4,NA,NA
6899,106.03969761173,16.894886,0.2364447155723038,30,19,1,1,-0.33333333333333337,-0.00808282490927519,-0.001442844552702694,0.0066399803565724965,NA,NA
6517,107.034996313243,16.690554,0.2364447155723038,30,19,1,1,-0.33333333333333337,1.6671152092507702e-4,0.001021247983924981,8.545364629999041e-4,NA,NA
3931,118.039777000686,15.867932,0.2364447155723038,60,19,1,1,0.33333333333333326,9.285062985965441e-4,-3.2076229409456347e-4,-0.0012492685926911076,NA,NA
3127,131.035167699905,15.150408,0.2364447155723038,30,19,1,1,-0.33333333333333337,-1.5215856808513097e-4,1.7567100338805033e-4,3.278295714731813e-4,NA,NA
6693,133.050784440692,16.853416,0.2364447155723038,30,19,1,1,-0.33333333333333337,-3.4991450274252003e-4,1.2222425598033243e-4,4.7213875872285243e-4,NA,NA
6981,158.046194184126,16.924793,0.2364447155723038,30,19,1,1,-0.33333333333333337,-7.281969127987711e-5,5.04683297297418e-5,1.2328802100961892e-4,NA,NA
5551,183.933539532976,16.41138,0.2364447155723038,60,19,1,1,0.33333333333333326,-5.622570084058906e-5,-3.722314468651687e-4,-3.160057460245797e-4,NA,NA
6766,191.056681237452,16.884249,0.2364447155723038,30,19,1,1,-0.33333333333333337,-3.483747200274456e-4,-1.071353897226922e-4,2.4123933030475338e-4,NA,NA
2677,221.154237553344,14.297735,0.2364447155723038,60,19,1,1,0.33333333333333326,3.794490028702016e-6,-7.32403661272089e-5,-7.703485615591092e-5,NA,NA
6080,223.073282667676,16.533363,0.2364447155723038,30,19,1,1,-0.33333333333333337,-7.02709261708878e-5,6.895501429624436e-5,1.3922594046713216e-4,NA,NA
7016,223.073323564716,16.961811,0.2364447155723038,30,19,1,1,-0.33333333333333337,-3.904696043063038e-5,-1.162486373569294e-5,2.7422096694937443e-5,NA,NA
6191,227.104597976399,16.651293,0.2364447155723038,60,19,1,1,0.33333333333333326,5.7986685296294175e-5,-7.398255568796493e-6,-6.538494086509067e-5,NA,NA
3898,265.147862300908,15.711845,0.2364447155723038,60,19,1,1,0.33333333333333326,-8.587482160368196e-5,-1.34600989305355e-4,-4.872616770167303e-5,NA,NA
2674,345.109192533146,14.266891,0.2364447155723038,60,19,1,1,0.33333333333333326,4.0063582453696914e-7,-1.574933194416141e-5,-1.6149967768698377e-5,NA,NA
4536,491.35874937872,15.980366,0.2364447155723038,60,19,1,1,0.33333333333333326,5.203911980966917e-7,-1.573115511819441e-7,-6.777027492786358e-7,NA,NA
5358,90.0083416795648,16.3404,0.27034414065478,59,19,1,1,0.3111111111111111,-6.04721330496299e-6,-5.801029057235199e-4,-5.740556924185569e-4,NA,NA
5691,106.039697129953,16.441238,0.27034414065478,59,19,1,1,0.3111111111111111,0.01408802767515234,7.248785677865352e-4,-0.013363149107365805,NA,NA
6988,112.984331756441,16.957169,0.27034414065478,59,19,1,1,0.3111111111111111,-4.0055473018676106e-4,-0.0012749981150324478,-8.744433848456867e-4,NA,NA
4552,116.024119914648,16.084082,0.27034414065478,59,19,1,1,0.3111111111111111,8.470089906595729e-4,-4.461316151961433e-4,-0.0012931406058557162,NA,NA
4121,120.019067684992,15.988564,0.27034414065478,59,19,1,1,0.3111111111111111,1.6133780663394898e-4,-1.67730277420665e-6,-1.6301510940815563e-4,NA,NA
6133,131.03512557421,16.689613,0.27034414065478,59,19,1,1,0.3111111111111111,0.006256898392433895,0.001003484865891424,-0.005253413526542471,NA,NA
5327,131.035127978337,16.24896,0.27034414065478,31,19,1,1,-0.3111111111111111,-0.0015426451685057792,2.561808773879965e-5,0.0015682632562445788,NA,NA
5937,140.02429361245,16.57514,0.27034414065478,31,19,1,1,-0.3111111111111111,-2.4335862746757045e-5,2.426569218364974e-4,2.6699278458325445e-4,NA,NA
4107,145.050835200516,15.966126,0.27034414065478,59,19,1,1,0.3111111111111111,4.699038873505531e-4,-0.0036904924037195422,-0.004160396291070095,NA,NA
5563,145.922533341714,16.4298,0.27034414065478,31,19,1,1,-0.3111111111111111,-2.4988921454469494e-4,7.131632863950936e-5,3.212055431842043e-4,NA,NA
5711,158.046190020514,16.41558,0.27034414065478,59,19,1,1,0.3111111111111111,1.4201730144507125e-4,-2.960915371942477e-4,-4.3810883863931895e-4,NA,NA
3966,161.045960855144,15.7255945,0.27034414065478,31,19,1,1,-0.3111111111111111,1.5231166017226844e-5,1.095168399389621e-4,9.428567392173527e-5,NA,NA
6731,163.061614107089,16.969725,0.27034414065478,31,19,1,1,-0.3111111111111111,-6.342621091946e-5,1.30187039540878e-4,1.93613250460338e-4,NA,NA
4652,172.061970153599,16.064089,0.27034414065478,59,19,1,1,0.3111111111111111,4.284471144096252e-4,-9.7822747883624e-4,-0.0014066745932458653,NA,NA
2164,229.144200021251,11.832916,0.27034414065478,59,19,1,1,0.3111111111111111,2.0598926249056e-5,-5.309452404070444e-5,-7.369345028976045e-5,NA,NA
5819,239.104752685004,16.513298,0.27034414065478,59,19,1,1,0.3111111111111111,1.877886629625697e-5,-6.136406240320249e-6,-2.491527253657722e-5,NA,NA
5431,239.104774883214,16.290346,0.27034414065478,31,19,1,1,-0.3111111111111111,1.4186094159932141e-5,5.8114948012774496e-5,4.392885385284236e-5,NA,NA
6698,93.0080087045266,16.673315,0.3074341659273953,58,19,1,1,0.288888888888889,-2.1909720204208e-5,-1.8286311419461e-4,-1.60953393990402e-4,NA,NA
6212,110.034646072653,16.673256,0.3074341659273953,32,19,1,1,-0.28888888888888886,-1.2966254943714203e-4,5.102152406878879e-4,6.398777901250299e-4,NA,NA
5816,118.039784284839,16.452997,0.3074341659273953,32,19,1,1,-0.28888888888888886,-3.3180720612707135e-4,2.7355394524406775e-4,6.053611513711392e-4,NA,NA
5296,120.055449205088,16.363306,0.3074341659273953,58,19,1,1,0.288888888888889,-2.976793917099089e-4,-0.0014564967003439723,-0.0011588173086340635,NA,NA
3918,121.050698236832,15.855703,0.3074341659273953,58,19,1,1,0.288888888888889,8.254228153774899e-4,-3.891825703598245e-4,-0.0012146053857373144,NA,NA
6834,147.030135464421,16.756649,0.3074341659273953,58,19,1,1,0.288888888888889,1.766717187335287e-5,-1.2299415213258335e-4,-1.4066132400593622e-4,NA,NA
6741,159.066637092358,16.851336,0.3074341659273953,32,19,1,1,-0.28888888888888886,-2.3246051138572625e-4,-2.192810844061213e-6,2.3026770054166505e-4,NA,NA
1906,161.020915615612,8.974,0.3074341659273953,58,19,1,1,0.288888888888889,1.5332324265606185e-8,-7.337403518827775e-7,-7.490726761483837e-7,NA,NA
3972,171.066707252541,15.809698,0.3074341659273953,32,19,1,1,-0.28888888888888886,-7.755693568005405e-5,3.255620086891212e-4,4.0311894436917525e-4,NA,NA
4644,186.077730814253,16.058588,0.3074341659273953,58,19,1,1,0.288888888888889,-2.0497150559005025e-5,-2.1800061727970217e-4,-1.9750346672069713e-4,NA,NA
2457,377.061924287292,13.559451,0.3074341659273953,58,19,1,1,0.288888888888889,-1.808253453622597e-7,-9.27084857229989e-7,-7.462595118677293e-7,NA,NA
7296,404.104550495925,17.192566,0.3074341659273953,58,19,1,1,0.288888888888889,3.6521084899541482e-6,-1.6726348232277905e-5,-2.0378456722232052e-5,NA,NA
3589,106.039694353573,15.629949,0.3477455989106975,33,19,1,1,-0.2666666666666667,-0.006683965282186709,0.015697969433690232,0.02238193471587694,NA,NA
4616,108.018975895013,16.0746,0.3477455989106975,57,19,1,1,0.2666666666666666,8.209796324226599e-5,-7.37924150025425e-5,-1.558903782448085e-4,NA,NA
4133,109.03938577152,15.837658,0.3477455989106975,57,19,1,1,0.2666666666666666,-8.269675808794e-5,-6.368320244248373e-4,-5.541352663368973e-4,NA,NA
3731,110.034648575623,15.630476,0.3477455989106975,33,19,1,1,-0.2666666666666667,2.9316395027105e-4,9.044701177137698e-4,6.113061674427199e-4,NA,NA
3410,121.050692909369,15.435498,0.3477455989106975,33,19,1,1,-0.2666666666666667,-1.2132551152468774e-4,9.857273892242754e-5,2.1989825044711528e-4,NA,NA
3443,132.055539690711,15.423544,0.3477455989106975,57,19,1,1,0.2666666666666666,-4.7797098439763546e-5,-3.3603596868208685e-4,-2.882388702423233e-4,NA,NA
3133,132.055545951462,15.161526,0.3477455989106975,33,19,1,1,-0.2666666666666667,-7.005732715889969e-5,3.366889164719787e-5,1.0372621880609757e-4,NA,NA
5710,145.050839995032,16.378792,0.3477455989106975,57,19,1,1,0.2666666666666666,0.0034324210464463088,-9.309738077129111e-4,-0.0043633948541592195,NA,NA
4872,145.050839493421,16.141773,0.3477455989106975,33,19,1,1,-0.2666666666666667,-0.0033356626917573073,-2.3721943738318476e-5,0.003311940748018989,NA,NA
6905,145.050852395924,16.885967,0.3477455989106975,33,19,1,1,-0.2666666666666667,-3.88797745579944e-4,4.2461252561032254e-5,4.3125899814097624e-4,NA,NA
3753,147.066530150242,15.649183,0.3477455989106975,33,19,1,1,-0.2666666666666667,8.250783745283612e-5,1.3747918139892095e-4,5.497134394608483e-5,NA,NA
3673,159.066642979146,15.616761,0.3477455989106975,33,19,1,1,-0.2666666666666667,-2.421009750766383e-5,5.9466221023795995e-5,8.367631853145982e-5,NA,NA
5705,163.061581490475,16.406225,0.3477455989106975,57,19,1,1,0.2666666666666666,7.600213385358349e-5,-6.414554962740075e-6,-8.241668881632356e-5,NA,NA
6111,200.093489526539,16.528002,0.3477455989106975,57,19,1,1,0.2666666666666666,-2.5207318905918608e-5,-6.217538112694746e-5,-3.6968062221028855e-5,NA,NA
5822,210.077934185293,16.51169,0.3477455989106975,57,19,1,1,0.2666666666666666,5.643567966772416e-5,-3.725443748338052e-5,-9.369011715110469e-5,NA,NA
4486,213.088853300061,16.063475,0.3477455989106975,33,19,1,1,-0.2666666666666667,-2.728952264083049e-4,3.464985796919668e-5,3.075450843775016e-4,NA,NA
6665,223.073274846157,16.750742,0.3477455989106975,33,19,1,1,-0.2666666666666667,-3.4793083339138776e-5,2.4119887204325286e-5,5.891297054346406e-5,NA,NA
3476,223.073278877416,15.479487,0.3477455989106975,33,19,1,1,-0.2666666666666667,-6.994609608842923e-6,1.6312417322545356e-6,8.625851341097458e-6,NA,NA
6148,237.089088532967,16.670664,0.3477455989106975,33,19,1,1,-0.2666666666666667,-1.41553799979204e-4,-3.727251566146556e-5,1.0428128431773843e-4,NA,NA
4080,239.104743753949,15.775008,0.3477455989106975,33,19,1,1,-0.2666666666666667,-1.5562583004634909e-6,2.3303674149031697e-5,2.4859932449495187e-5,NA,NA
89,242.943269112861,0.5406019,0.3477455989106975,33,19,1,1,-0.2666666666666667,1.9272342936628325e-5,7.516343507116499e-7,-1.8520708585916677e-5,NA,NA
7081,264.072523973459,16.988997,0.3477455989106975,57,19,1,1,0.2666666666666666,-1.3929387510843214e-5,-3.5152124787516425e-5,-2.1222737276673213e-5,NA,NA
4597,84.0076321845089,16.031567,0.3912672792826394,34,19,1,1,-0.24444444444444446,-4.88614266700871e-4,5.778255672403998e-5,5.463968234249109e-4,NA,NA
3269,92.0239925169818,15.331539,0.3912672792826394,34,19,1,1,-0.24444444444444446,2.8258890359798774e-6,1.952809527095866e-4,1.9245506367360674e-4,NA,NA
2990,106.039689846517,15.080238,0.3912672792826394,34,19,1,1,-0.24444444444444446,-2.728042672396621e-4,1.3678384016606738e-4,4.095881074057295e-4,NA,NA
4286,117.019415441447,16.002735,0.3912672792826394,56,19,1,1,0.24444444444444446,3.6854572817098197e-4,-9.761099346735894e-5,-4.661567216383409e-4,NA,NA
7303,117.92740967243,17.192142,0.3912672792826394,34,19,1,1,-0.24444444444444446,-1.47536628009979e-4,-4.924574830569556e-5,9.829087970428345e-5,NA,NA
6721,120.019058502361,16.641325,0.3912672792826394,56,19,1,1,0.24444444444444446,3.2262104700358704e-4,7.746623461958775e-5,-2.451548123839993e-4,NA,NA
4836,121.050702579661,16.06177,0.3912672792826394,34,19,1,1,-0.24444444444444446,-1.6125858334281105e-4,1.9049904360929446e-4,3.5175762695210553e-4,NA,NA
3411,130.039875891698,15.505602,0.3912672792826394,56,19,1,1,0.24444444444444446,1.1128799374734298e-4,-2.024015178836478e-4,-3.136895116309908e-4,NA,NA
3805,130.03987619652,15.683663,0.3912672792826394,34,19,1,1,-0.24444444444444446,-7.80403719543041e-4,3.4860828143966e-4,0.0011290120009827009,NA,NA
5838,130.03987983269,16.453112,0.3912672792826394,56,19,1,1,0.24444444444444446,8.037933376672382e-4,-0.0010070292672964276,-0.0018108226049636657,NA,NA
6927,131.035131857443,16.888378,0.3912672792826394,34,19,1,1,-0.24444444444444446,-1.5352400796731603e-4,3.2695844206398e-4,4.8048245003129604e-4,NA,NA
2957,131.035210637125,14.927102,0.3912672792826394,34,19,1,1,-0.24444444444444446,2.4477012094544675e-5,7.672622034412173e-5,5.2249208249577055e-5,NA,NA
3823,132.055533028693,15.680155,0.3912672792826394,34,19,1,1,-0.24444444444444446,-5.93040885064207e-4,-2.861352086611211e-4,3.069056764030859e-4,NA,NA
4777,135.066445989628,16.08089,0.3912672792826394,34,19,1,1,-0.24444444444444446,2.6477220984534084e-4,5.366019332753463e-4,2.718297234300054e-4,NA,NA
5076,143.035252854236,16.245892,0.3912672792826394,56,19,1,1,0.24444444444444446,1.7737723916425217e-4,-9.264094179715514e-5,-2.7001818096140733e-4,NA,NA
5061,158.046190751484,16.10224,0.3912672792826394,56,19,1,1,0.24444444444444446,8.756918540624807e-5,-5.750461251962316e-4,-6.626153106024797e-4,NA,NA
6172,163.061572647912,16.658892,0.3912672792826394,34,19,1,1,-0.24444444444444446,2.1469345480752103e-4,5.46408942520299e-4,3.3171548771277794e-4,NA,NA
4927,183.066799014016,16.12371,0.3912672792826394,34,19,1,1,-0.24444444444444446,-4.65766082153221e-5,8.10705083758392e-6,5.4683659052906024e-5,NA,NA
6749,184.062056013042,16.851671,0.3912672792826394,34,19,1,1,-0.24444444444444446,-9.14399694185287e-5,-8.223938418096891e-5,9.200585237559796e-6,NA,NA
6945,194.973027464076,16.935946,0.3912672792826394,34,19,1,1,-0.24444444444444446,-3.370778536756701e-5,1.0340810254520223e-4,1.3711588791276923e-4,NA,NA
1955,201.112613836627,9.338725,0.3912672792826394,56,19,1,1,0.24444444444444446,-2.4571211814883206e-4,-5.764520657342866e-4,-3.307399475854545e-4,NA,NA
5272,210.077943096305,16.300665,0.3912672792826394,34,19,1,1,-0.24444444444444446,-3.9124926902413154e-5,2.9974576890561503e-5,6.909950379297466e-5,NA,NA
4886,212.093606597874,16.063034,0.3912672792826394,56,19,1,1,0.24444444444444446,2.0322266289115588e-5,-6.851645836515687e-5,-8.883872465427245e-5,NA,NA
6571,213.088841487812,16.701727,0.3912672792826394,56,19,1,1,0.24444444444444446,5.04271516531356e-4,2.3175977868343335e-4,-2.7251173784792265e-4,NA,NA
2702,233.154365835713,14.367309,0.3912672792826394,56,19,1,1,0.24444444444444446,8.926052614255999e-6,-4.407107634326333e-5,-5.2997128957519326e-5,NA,NA
2420,287.2228617455,13.282007,0.3912672792826394,56,19,1,1,0.24444444444444446,-4.009318992630003e-6,-4.7837460642826654e-5,-4.382814165019665e-5,NA,NA
3897,309.174107049747,15.71132,0.3912672792826394,56,19,1,1,0.24444444444444446,-2.3124146035083854e-5,-9.586543787495577e-5,-7.274129183987192e-5,NA,NA
6939,311.168660905064,16.913023,0.3912672792826394,56,19,1,1,0.24444444444444446,1.1809172578220104e-4,-3.6539143433361336e-4,-4.834831601158144e-4,NA,NA
6276,339.199793222385,16.910164,0.3912672792826394,34,19,1,1,-0.24444444444444446,-0.0015163543514881439,1.5582523620970217e-4,0.001672179587697846,NA,NA
5047,93.0080121224381,16.164326,0.437942822899974,55,19,1,1,0.22222222222222232,-6.238167615905954e-7,-3.9357503135269886e-5,-3.873368637367929e-5,NA,NA
6788,117.019397510935,16.850025,0.437942822899974,55,19,1,1,0.22222222222222232,-2.8311973611001628e-5,-9.126737940858798e-5,-6.295540579758635e-5,NA,NA
4794,120.0554488254,16.171179,0.437942822899974,35,19,1,1,-0.2222222222222222,3.6716800334474014e-4,9.517778847191923e-4,5.846098813744522e-4,NA,NA
3562,131.035127264134,15.622899,0.437942822899974,55,19,1,1,0.22222222222222232,-3.3500050262108804e-4,-4.939791563466045e-4,-1.5897865372551642e-4,NA,NA
4025,133.050780924886,15.8609705,0.437942822899974,55,19,1,1,0.22222222222222232,4.58612870719595e-4,-1.992044587862411e-4,-6.578173295058361e-4,NA,NA
5566,141.019561651577,16.40191,0.437942822899974,35,19,1,1,-0.2222222222222222,-3.4897562614587404e-4,1.2617184522611556e-4,4.751474713719896e-4,NA,NA
6507,143.035240639599,16.671503,0.437942822899974,35,19,1,1,-0.2222222222222222,7.847650749767015e-6,1.9179581832920998e-4,1.8394816757944297e-4,NA,NA
4461,144.055635269225,16.06704,0.437942822899974,55,19,1,1,0.22222222222222232,1.5652645960540399e-4,-4.6229764983996376e-5,-2.0275622458940036e-4,NA,NA
5287,147.066534457067,16.321135,0.437942822899974,55,19,1,1,0.22222222222222232,7.22468555227078e-4,-1.1452610274383554e-4,-8.369946579709135e-4,NA,NA
3989,157.050958004373,15.889269,0.437942822899974,35,19,1,1,-0.2222222222222222,1.4729380671036388e-4,6.941352367154388e-4,5.468414300050749e-4,NA,NA
3676,172.061964493982,15.622847,0.437942822899974,55,19,1,1,0.22222222222222232,-5.747405870701523e-5,-8.6610528367657e-5,-2.913646966064177e-5,NA,NA
4654,184.062058601766,16.079058,0.437942822899974,35,19,1,1,-0.2222222222222222,-1.5721787486905098e-4,1.4592241327161999e-4,3.0314028814067097e-4,NA,NA
4705,188.093381041375,16.041992,0.437942822899974,35,19,1,1,-0.2222222222222222,2.3174134871081492e-5,7.516944800528887e-5,5.199531313420738e-5,NA,NA
4804,191.056692433115,16.159355,0.437942822899974,35,19,1,1,-0.2222222222222222,-1.6132578840734995e-5,2.6665251747390214e-4,2.827850963146371e-4,NA,NA
2391,195.138378506378,13.268635,0.437942822899974,55,19,1,1,0.22222222222222232,3.920354457224309e-6,-1.0373288143084332e-5,-1.4293642600308641e-5,NA,NA
5662,213.088849783668,16.445988,0.437942822899974,55,19,1,1,0.22222222222222232,-8.433790511519165e-6,-1.6813649735086545e-4,-1.597027068393463e-4,NA,NA
4475,239.104773479129,16.0653,0.437942822899974,55,19,1,1,0.22222222222222232,8.068836160807796e-5,-1.8800071768456097e-5,-9.948843337653406e-5,NA,NA
1904,242.974313910066,8.968483,0.437942822899974,35,19,1,1,-0.2222222222222222,-2.3260993253567825e-07,7.20750854192374e-8,3.0468501795491566e-7,NA,NA
5013,252.100193876867,16.138992,0.437942822899974,35,19,1,1,-0.2222222222222222,-9.39267053828699e-5,4.4396375977310523e-05,1.383230813601804e-4,NA,NA
5354,265.147878356012,16.293533,0.437942822899974,35,19,1,1,-0.2222222222222222,-4.3454681820917184e-5,3.825506989412958e-5,8.170975171504676e-5,NA,NA
2627,265.147913474722,14.185622,0.437942822899974,55,19,1,1,0.22222222222222232,3.759564508075007e-5,-1.8444942480123775e-4,-2.2204506988198782e-4,NA,NA
2555,315.253985611679,13.739528,0.437942822899974,55,19,1,1,0.22222222222222232,-4.2647260274015014e-5,-1.4414117883638442e-4,-1.0149391856236941e-4,NA,NA
2313,325.20157955852,12.826956,0.437942822899974,35,19,1,1,-0.2222222222222222,-1.1261820472473696e-5,-3.576849512995883e-7,1.0904135521174108e-5,NA,NA
2405,343.212606960256,13.314944,0.437942822899974,55,19,1,1,0.22222222222222232,-1.634703645987006e-6,-2.6055634186244437e-5,-2.442093054025743e-5,NA,NA
7256,377.085643302424,17.170242,0.437942822899974,35,19,1,1,-0.2222222222222222,-1.3957768983052001e-5,6.193684886716408e-6,2.015145386976841e-5,NA,NA
6809,393.171842973313,16.92453,0.437942822899974,35,19,1,1,-0.2222222222222222,-1.2085431138995003e-4,-7.289675487456225e-5,4.7957556515387784e-5,NA,NA
90,394.890578077612,0.5539402,0.437942822899974,55,19,1,1,0.22222222222222232,-5.673026934768678e-6,-1.340589992714439e-5,-7.732872992375712e-6,NA,NA
2263,415.233914629914,12.567797,0.437942822899974,55,19,1,1,0.22222222222222232,1.0121174248334e-5,-4.461047767322777e-5,-5.4731651921561766e-5,NA,NA
121,462.878392346485,0.55414855,0.437942822899974,55,19,1,1,0.22222222222222232,-5.409843855810302e-7,-4.38215167300769e-6,-3.84116728742666e-6,NA,NA
132,530.865463245887,0.55501366,0.437942822899974,55,19,1,1,0.22222222222222232,-9.750987994145826e-7,-3.112114584779602e-6,-2.1370157853650195e-6,NA,NA
6205,66.0083072915818,16.726099,0.48766835345893056,54,19,1,1,0.19999999999999996,4.6329732650979974e-5,-1.3031959744744844e-4,-1.7664933009842843e-4,NA,NA
4014,106.039694832597,15.965446,0.48766835345893056,54,19,1,1,0.19999999999999996,-0.004141930443540805,-0.027869515025972173,-0.02372758458243137,NA,NA
3382,122.034727495528,15.429183,0.48766835345893056,36,19,1,1,-0.19999999999999996,-2.511110487941811e-6,2.4935255431396382e-5,2.7446365919338193e-5,NA,NA
5891,132.055529766251,16.623154,0.48766835345893056,54,19,1,1,0.19999999999999996,2.3096204807692084e-5,-8.339376561535077e-4,-8.570338609611998e-4,NA,NA
6624,132.055543116573,16.85475,0.48766835345893056,54,19,1,1,0.19999999999999996,2.0345325350662e-4,-2.632295888044485e-4,-4.666828423110685e-4,NA,NA
5591,132.055534044673,16.402758,0.48766835345893056,36,19,1,1,-0.19999999999999996,-1.5480506218712702e-4,-2.5968242368292973e-5,1.2883681981883406e-4,NA,NA
3977,135.066441245301,15.844443,0.48766835345893056,54,19,1,1,0.19999999999999996,-1.0912460131151e-4,-3.410454490632991e-4,-2.3192084775178906e-4,NA,NA
4189,161.082274485416,15.845567,0.48766835345893056,54,19,1,1,0.19999999999999996,4.033537075800316e-5,1.1876087829206125e-5,-2.8459282928797035e-5,NA,NA
5319,169.051064304807,16.285364,0.48766835345893056,54,19,1,1,0.19999999999999996,3.424514270849646e-5,-2.3242912496285108e-5,-5.7488055204781565e-5,NA,NA
4842,170.046297448036,16.079144,0.48766835345893056,54,19,1,1,0.19999999999999996,1.6713042755527635e-4,-7.619969681835703e-6,-1.7475039723711204e-4,NA,NA
5688,186.077730868507,16.335072,0.48766835345893056,54,19,1,1,0.19999999999999996,4.8498337848347305e-4,9.045230211673374e-5,-3.945310763667393e-4,NA,NA
4903,186.112763822176,16.047865,0.48766835345893056,54,19,1,1,0.19999999999999996,-1.998004366669495e-5,-4.390577930610779e-5,-2.3925735639412842e-5,NA,NA
1601,186.112826351229,6.253941,0.48766835345893056,54,19,1,1,0.19999999999999996,-5.853024427999991e-5,-3.1084220820751213e-4,-2.523119639275122e-4,NA,NA
3503,225.088957185711,15.505306,0.48766835345893056,36,19,1,1,-0.19999999999999996,1.2525014276760539e-5,2.5832546851823938e-5,1.3307532575063399e-5,NA,NA
4472,225.088977089114,16.07421,0.48766835345893056,54,19,1,1,0.19999999999999996,4.347537110378402e-5,-2.6761245471323332e-5,-7.023661657510735e-5,NA,NA
4975,226.084263940647,16.128382,0.48766835345893056,54,19,1,1,0.19999999999999996,1.89004972937132e-5,3.305650829932393e-5,1.4156011005610734e-5,NA,NA
4864,238.084368472188,16.119438,0.48766835345893056,54,19,1,1,0.19999999999999996,4.0591125297138e-5,1.3220876832547586e-5,-2.737024846459041e-5,NA,NA
2390,239.128658074006,13.268183,0.48766835345893056,54,19,1,1,0.19999999999999996,1.2899709851588994e-5,-3.186302410309111e-5,-4.47627339546801e-5,NA,NA
4103,252.100184384542,15.979933,0.48766835345893056,54,19,1,1,0.19999999999999996,-1.7900022305812e-5,-1.539658875944412e-6,1.636036342986759e-5,NA,NA
2456,309.074485847104,13.559451,0.48766835345893056,54,19,1,1,0.19999999999999996,2.0619245221840779e-7,1.5093039765112874e-8,-1.9109941245329492e-7,NA,NA
5880,325.184187097682,16.405966,0.48766835345893056,36,19,1,1,-0.19999999999999996,-0.00359199392750197,-7.389859751292793e-5,0.0035180953299890423,NA,NA
2250,471.127173969487,12.529706,0.48766835345893056,54,19,1,1,0.19999999999999996,2.4385884232705694e-7,-8.662851869131872e-8,-3.304873610183757e-7,NA,NA
3564,83.0236203032718,15.6313,0.5402913746074198,37,19,1,1,-0.1777777777777778,0.0010168728762305506,0.0032708878374308422,0.0022540149612002916,NA,NA
5776,107.034998993128,16.478008,0.5402913746074198,53,19,1,1,0.1777777777777778,4.7653278335303895e-4,2.978778247794445e-4,-1.7865495857359446e-4,NA,NA
6724,118.039770228335,16.699055,0.5402913746074198,37,19,1,1,-0.1777777777777778,1.0091142973877803e-4,9.180190711053279e-4,8.171076413665498e-4,NA,NA
4862,134.034813372648,16.166395,0.5402913746074198,37,19,1,1,-0.1777777777777778,-5.42102078798079e-4,-1.3763207049124107e-4,4.0447000830683795e-4,NA,NA
5044,141.019560259491,16.290783,0.5402913746074198,53,19,1,1,0.1777777777777778,2.3493865314032396e-4,-7.213257486868557e-5,-3.0707122800900953e-4,NA,NA
5213,147.030173620664,16.249598,0.5402913746074198,53,19,1,1,0.1777777777777778,-6.817423435482759e-5,-8.655902402634219e-5,-1.83847896715146e-5,NA,NA
4224,147.066531551747,15.898864,0.5402913746074198,37,19,1,1,-0.1777777777777778,-5.09509468220848e-4,1.3585345365686917e-5,5.230948135865348e-4,NA,NA
4046,148.05055485564301,15.768782,0.5402913746074198,37,19,1,1,-0.1777777777777778,1.3834236428034456e-4,4.533639482163842e-4,3.150215839360396e-4,NA,NA
3117,157.050961912032,15.149982,0.5402913746074198,37,19,1,1,-0.1777777777777778,-6.121066715595339e-5,4.375851581850042e-5,1.049691829744538e-4,NA,NA
6269,169.051054768353,16.723581,0.5402913746074198,53,19,1,1,0.1777777777777778,6.81491347153538e-5,-2.6750156402215807e-5,-9.48992911175696e-5,NA,NA
5922,169.051055512303,16.516685,0.5402913746074198,37,19,1,1,-0.1777777777777778,-8.942951812879973e-5,5.2751368728348687e-5,1.4218088685714843e-4,NA,NA
6338,182.046371118536,16.745245,0.5402913746074198,53,19,1,1,0.1777777777777778,8.203988472186255e-5,-1.5081181980645991e-5,-9.712106670250854e-5,NA,NA
6341,184.062043231656,16.665089,0.5402913746074198,53,19,1,1,0.1777777777777778,3.1827856717665494e-4,-3.6920007998066308e-6,-3.219705679764616e-4,NA,NA
3696,186.077729481965,15.597478,0.5402913746074198,37,19,1,1,-0.1777777777777778,-3.1755372565218796e-4,-9.350115486520443e-5,2.2405257078698352e-4,NA,NA
3322,186.077732384512,15.385044,0.5402913746074198,53,19,1,1,0.1777777777777778,-1.0935295254482719e-4,-6.905788211931985e-5,4.029507042550734e-5,NA,NA
3736,191.056686072152,15.913582,0.5402913746074198,53,19,1,1,0.1777777777777778,-3.4580872232070696e-4,-6.160769580268165e-4,-2.702682357061096e-4,NA,NA
5774,198.077826734451,16.419561,0.5402913746074198,53,19,1,1,0.1777777777777778,2.246122438526987e-4,1.1640771071367449e-4,-1.0820453313902422e-4,NA,NA
6975,198.077845583929,16.93379,0.5402913746074198,37,19,1,1,-0.1777777777777778,-5.059300433295251e-5,1.1519706749780938e-5,6.211271108273344e-5,NA,NA
4459,211.073201359281,16.070013,0.5402913746074198,53,19,1,1,0.1777777777777778,-2.7081171382019027e-5,-2.2973561186583112e-4,-2.026544404838121e-4,NA,NA
5575,237.089093405743,16.399765,0.5402913746074198,37,19,1,1,-0.1777777777777778,4.776555451417488e-6,9.629583749887159e-5,9.15192820474541e-5,NA,NA
1903,240.978510192498,8.968483,0.5402913746074198,37,19,1,1,-0.1777777777777778,-2.731461513742611e-8,1.1209234624075346e-7,1.3940696137817958e-7,NA,NA
2699,243.196342087588,14.356658,0.5402913746074198,53,19,1,1,0.1777777777777778,-1.425860699854793e-5,-2.683946665028057e-5,-1.258085965173264e-5,NA,NA
2251,253.14446552315,12.53767,0.5402913746074198,53,19,1,1,0.1777777777777778,-4.545801292792003e-6,-5.9502633292966666e-5,-5.495683200017466e-5,NA,NA
2469,286.108545738452,13.613194,0.5402913746074198,53,19,1,1,0.1777777777777778,-1.6134463944599595e-6,-7.60972856087731e-6,-5.9962821664173505e-6,NA,NA
6932,297.152861830757,16.916264,0.5402913746074198,53,19,1,1,0.1777777777777778,-1.93433009536405e-4,-2.9320458133906785e-4,-9.977157180266285e-5,NA,NA
5910,311.168650582371,16.138933,0.5402913746074198,37,19,1,1,-0.1777777777777778,-0.005833763532509303,-0.0034129093549361985,0.0024208541775731043,NA,NA
2206,327.217766552258,12.1997595,0.5402913746074198,37,19,1,1,-0.1777777777777778,-1.4688056305273519e-5,2.3124197410591374e-5,3.7812253715864896e-5,NA,NA
3407,83.0236221481593,15.403147,0.5956108994757298,52,19,1,1,0.15555555555555545,3.3359743321683397e-4,-6.437208014434689e-4,-9.77318234660303e-4,NA,NA
5112,83.023623152688,16.195824000000002,0.5956108994757298,38,19,1,1,-0.15555555555555556,-2.6969962197907207e-4,0.002482409962666628,0.0027521095846457,NA,NA
6270,90.0083371918715,16.609215,0.5956108994757298,38,19,1,1,-0.15555555555555556,2.795134106791682e-4,0.001285300124551492,0.001005786713872324,NA,NA
7069,107.035010450969,16.97614,0.5956108994757298,38,19,1,1,-0.15555555555555556,-1.0921100120085901e-4,1.500104302002578e-4,2.5922143140111683e-4,NA,NA
5731,116.024120107848,16.385376,0.5956108994757298,38,19,1,1,-0.15555555555555556,1.3179024184680502e-4,1.1978347601727344e-4,-1.2006765829531579e-5,NA,NA
3666,120.019055859833,15.670955,0.5956108994757298,52,19,1,1,0.15555555555555545,1.1873984180070399e-4,1.3512538347477336e-4,1.6385541674069368e-5,NA,NA
4033,120.055443408487,15.923004,0.5956108994757298,52,19,1,1,0.15555555555555545,0.001067510978399335,1.345071330636353e-4,-9.330038453356998e-4,NA,NA
6685,130.039878719381,16.842545,0.5956108994757298,38,19,1,1,-0.15555555555555556,-2.0519228948125004e-4,-1.9119797176746556e-4,1.3994317713784482e-5,NA,NA
5494,135.066452014121,16.35758,0.5956108994757298,52,19,1,1,0.15555555555555545,2.353738478512191e-4,1.1162720043194264e-4,-1.2374664741927644e-4,NA,NA
6710,140.024296114132,16.892284,0.5956108994757298,52,19,1,1,0.15555555555555545,7.047987222050699e-4,2.2131575639184784e-4,-4.8348296581322207e-4,NA,NA
7167,146.937576208944,17.04493,0.5956108994757298,52,19,1,1,0.15555555555555545,-2.9556666278783116e-4,-5.968783137101735e-4,-3.0131165092234236e-4,NA,NA
6994,172.061969393004,16.935555,0.5956108994757298,52,19,1,1,0.15555555555555545,-1.7340900486500616e-5,-6.139057440626257e-5,-4.404967391976195e-5,NA,NA
7164,190.927784517993,17.043293,0.5956108994757298,52,19,1,1,0.15555555555555545,-5.73590945376207e-4,-0.0011734582102581642,-5.998672648819572e-4,NA,NA
4251,213.088840227537,15.821843,0.5956108994757298,38,19,1,1,-0.15555555555555556,1.3277285707293643e-4,3.6676047130748115e-4,2.3398761423454472e-4,NA,NA
6429,239.10472912482,16.699879,0.5956108994757298,52,19,1,1,0.15555555555555545,5.1054104264720944e-5,3.9380545001917455e-6,-4.7116049764529195e-5,NA,NA
2316,257.175804787006,12.9868765,0.5956108994757298,52,19,1,1,0.15555555555555545,4.3339340582222994e-5,-9.01148256780333e-6,-5.235082315002632e-5,NA,NA
2837,299.095561489451,14.728737,0.5956108994757298,52,19,1,1,0.15555555555555545,-1.053840562407242e-5,-3.0680969439943134e-5,-2.0142563815870715e-5,NA,NA
2610,331.093643261452,14.059382,0.5956108994757298,52,19,1,1,0.15555555555555545,-3.749662365227458e-6,-1.4176086342046622e-5,-1.0426423976819164e-5,NA,NA
2312,331.249105110585,12.812348,0.5956108994757298,38,19,1,1,-0.15555555555555556,-1.5620805873590003e-5,-3.571618844365554e-6,1.204918702922445e-5,NA,NA
3069,342.170998499423,15.032263,0.5956108994757298,52,19,1,1,0.15555555555555545,-1.0859230221838001e-5,-2.9743801215547775e-5,-1.8884570993709774e-5,NA,NA
2425,389.171920200434,13.417699,0.5956108994757298,52,19,1,1,0.15555555555555545,-3.2263800785660087e-6,-8.942710231410645e-6,-5.716330152844637e-6,NA,NA
7099,426.125524690466,16.998207,0.5956108994757298,52,19,1,1,0.15555555555555545,-5.801295538667019e-6,-1.3625281248770688e-5,-7.823985710103668e-6,NA,NA
6723,106.039693697103,16.65259,0.6533789106936936,51,19,1,1,0.1333333333333333,0.007205055647745494,-0.00224494484834843,-0.009450000496093923,NA,NA
2738,106.039698029894,14.479559,0.6533789106936936,51,19,1,1,0.1333333333333333,-1.5528398981775698e-4,-2.1595477485811127e-6,1.5312444206917587e-4,NA,NA
5318,118.039790167728,16.285599,0.6533789106936936,51,19,1,1,0.1333333333333333,1.9659521317488e-5,-3.640610075476989e-4,-3.837205288651869e-4,NA,NA
6554,124.01397729965,16.776573,0.6533789106936936,39,19,1,1,-0.1333333333333333,-4.081837029675238e-5,-8.320775211516502e-6,3.249759508523588e-5,NA,NA
6179,133.050777027647,16.641531,0.6533789106936936,39,19,1,1,-0.1333333333333333,6.97577585333245e-4,0.0011252157425483966,4.2763815721515164e-4,NA,NA
6317,145.050835404205,16.67332,0.6533789106936936,39,19,1,1,-0.1333333333333333,0.0010532828694283084,0.0019367363238873563,8.834534544590478e-4,NA,NA
6106,145.922523793737,16.627743,0.6533789106936936,51,19,1,1,0.1333333333333333,2.384167855589931e-4,-3.516357143999355e-4,-5.900524999589286e-4,NA,NA
6686,157.050954866144,16.686121,0.6533789106936936,51,19,1,1,0.1333333333333333,0.0011152181103792319,-1.618423237614445e-4,-0.0012770604341406763,NA,NA
3255,163.061580007217,15.303174,0.6533789106936936,51,19,1,1,0.1333333333333333,-5.5205628049462965e-5,-8.242138293810003e-5,-2.7215754888637063e-5,NA,NA
3372,171.06671292287,15.502273,0.6533789106936936,51,19,1,1,0.1333333333333333,-1.359086797113406e-5,-2.5114217006442523e-5,-1.1523349035308463e-5,NA,NA
5669,171.066715688952,16.432941,0.6533789106936936,51,19,1,1,0.1333333333333333,-9.372593172416648e-5,-4.395101775860033e-4,-3.457842458618368e-4,NA,NA
4504,171.066715434742,16.072403,0.6533789106936936,51,19,1,1,0.1333333333333333,4.094949615447719e-4,1.515672639394256e-4,-2.5792769760534635e-4,NA,NA
7047,179.055315376878,16.977894,0.6533789106936936,51,19,1,1,0.1333333333333333,-4.889907186770099e-5,-1.162214020911656e-4,-6.732233022346461e-5,NA,NA
6948,186.077739505834,16.90869,0.6533789106936936,51,19,1,1,0.1333333333333333,-4.6286312739218207e-5,-3.852147480368112e-5,7.764837935537087e-6,NA,NA
6498,195.933618090951,16.75006,0.6533789106936936,51,19,1,1,0.1333333333333333,4.731982908210603e-5,-1.8642411717513665e-4,-2.3374394625724266e-4,NA,NA
6430,210.077922933136,16.68647,0.6533789106936936,39,19,1,1,-0.1333333333333333,-3.725100043685506e-6,4.588149068134292e-5,4.960659072502842e-5,NA,NA
5742,211.07319496125,16.439201,0.6533789106936936,51,19,1,1,0.1333333333333333,2.1479830051515327e-5,-8.715331546243282e-6,-3.019516159775861e-5,NA,NA
2065,215.128386843288,10.627636,0.6533789106936936,39,19,1,1,-0.1333333333333333,-9.0969246888156e-5,-9.62799396763789e-5,-5.310692788222895e-6,NA,NA
2098,227.128513783384,11.202834,0.6533789106936936,51,19,1,1,0.1333333333333333,-3.602383273202299e-5,-3.476281588671334e-5,1.2610168453096527e-6,NA,NA
6137,252.100158670043,16.645685,0.6533789106936936,51,19,1,1,0.1333333333333333,4.449597294326701e-5,-3.5795095839006665e-5,-8.029106878227368e-5,NA,NA
4658,265.147891747623,16.07208,0.6533789106936936,51,19,1,1,0.1333333333333333,-1.59894317624427e-4,-2.0364936677302891e-4,-4.375504914860191e-5,NA,NA
2339,293.175968265563,12.948267,0.6533789106936936,51,19,1,1,0.1333333333333333,-6.935216590153701e-5,-2.072743206857334e-4,-1.3792215478419638e-4,NA,NA
6114,325.184189802769,16.618431,0.6533789106936936,51,19,1,1,0.1333333333333333,-3.0038137035561104e-4,-5.914165135008401e-4,-2.910351431452291e-4,NA,NA
7162,336.858881116837,17.04177,0.6533789106936936,51,19,1,1,0.1333333333333333,-2.9941403530710497e-4,-4.8427074553595233e-4,-1.8485671022884737e-4,NA,NA
7146,338.859125547296,17.031294,0.6533789106936936,51,19,1,1,0.1333333333333333,-8.907675998376201e-5,-1.4100513120941669e-4,-5.1928371225654676e-5,NA,NA
1480,352.853660193092,3.5539572,0.6533789106936936,39,19,1,1,-0.1333333333333333,-9.80353199504198e-4,-0.0011319180062721202,-1.5156480676792208e-4,NA,NA
5514,491.358961747302,16.403982,0.6533789106936936,51,19,1,1,0.1333333333333333,3.590794259262461e-8,-1.8156787642691977e-7,-2.1747581901954437e-7,NA,NA
4818,499.363883626206,16.085169,0.6533789106936936,51,19,1,1,0.1333333333333333,-9.30582502500616e-6,-1.0459220322417268e-5,-1.1533952974111075e-6,NA,NA
2944,585.343382517854,14.926218,0.6533789106936936,39,19,1,1,-0.1333333333333333,5.703470319421524e-5,1.1657331507086997e-4,5.953861187665473e-5,NA,NA
6441,99.9243857264828,16.872686,0.7133031738784575,50,19,1,1,0.11111111111111116,6.248345269230511e-5,-5.545446135802334e-4,-6.170280662725385e-4,NA,NA
3267,107.034987400118,15.282515,0.7133031738784575,50,19,1,1,0.11111111111111116,2.81823964731227e-4,2.9000498123376444e-4,8.181016502537464e-6,NA,NA
4929,107.034989531831,16.056097,0.7133031738784575,50,19,1,1,0.11111111111111116,6.970471336495608e-5,-7.090830600002145e-4,-7.787877733651706e-4,NA,NA
5283,107.034999540565,16.291113,0.7133031738784575,50,19,1,1,0.11111111111111116,2.91260301957374e-4,-1.9052415516562551e-4,-4.8178445712299947e-4,NA,NA
5520,108.018976070027,16.447096,0.7133031738784575,50,19,1,1,0.11111111111111116,-8.167284220952689e-5,-1.0661015723664665e-4,-2.4937315027119756e-5,NA,NA
4275,132.055531788078,15.863217,0.7133031738784575,40,19,1,1,-0.11111111111111116,3.0720279502467805e-4,9.289187601177527e-4,6.217159650930747e-4,NA,NA
6884,141.019557381387,16.891972,0.7133031738784575,40,19,1,1,-0.11111111111111116,7.13181946493832e-4,-1.349350103857933e-4,-8.481169568796253e-4,NA,NA
4024,144.055638501622,15.755612,0.7133031738784575,40,19,1,1,-0.11111111111111116,9.667215701419442e-5,2.0009020045427093e-4,1.034180434400765e-4,NA,NA
3598,163.061581262293,15.516209,0.7133031738784575,50,19,1,1,0.11111111111111116,-6.390070923925105e-5,-1.0638621700359659e-4,-4.248550776434554e-5,NA,NA
5728,191.056693097939,16.390966,0.7133031738784575,50,19,1,1,0.11111111111111116,-2.1803294669114014e-5,-3.6836921416051567e-4,-3.4656591949140165e-4,NA,NA
5762,196.06216620668,16.497673,0.7133031738784575,50,19,1,1,0.11111111111111116,3.634727605472561e-5,-2.698463833543531e-5,-6.333191439016091e-5,NA,NA
1793,209.078935864069,7.9760857,0.7133031738784575,50,19,1,1,0.11111111111111116,-4.376349166743994e-6,-1.888368343309665e-5,-1.4507334266352657e-5,NA,NA
4659,210.077937061296,16.06532,0.7133031738784575,50,19,1,1,0.11111111111111116,4.866655203945407e-5,4.3683403326912885e-6,-4.4298211706762786e-5,NA,NA
5876,238.084360763145,16.495638,0.7133031738784575,50,19,1,1,0.11111111111111116,8.403217779634369e-6,5.896438955187609e-6,-2.5067788244467596e-6,NA,NA
2326,241.144323316892,12.893961,0.7133031738784575,50,19,1,1,0.11111111111111116,1.1010280512306994e-5,-3.741788350662234e-6,-1.4752068862969228e-5,NA,NA
2258,243.160012389669,12.556413,0.7133031738784575,50,19,1,1,0.11111111111111116,-2.612566999701699e-5,-5.244329288120223e-5,-2.6317622884185236e-5,NA,NA
2452,266.103438525446,13.537824,0.7133031738784575,50,19,1,1,0.11111111111111116,-5.08035623029e-6,-1.5567605598358887e-5,-1.0487249368068888e-5,NA,NA
4305,309.174141485331,16.038387,0.7133031738784575,40,19,1,1,-0.11111111111111116,-3.450187789952752e-4,-6.097180469966675e-5,2.840469742956084e-4,NA,NA
2436,313.238558129164,13.42539,0.7133031738784575,50,19,1,1,0.11111111111111116,-5.958483792651488e-6,-3.140766736667778e-5,-2.5449183574026294e-5,NA,NA
7391,336.858824795096,17.394886,0.7133031738784575,50,19,1,1,0.11111111111111116,-3.42550503780793e-4,-3.7307670012335e-4,-3.052619634255697e-5,NA,NA
7147,340.854293550586,17.032932,0.7133031738784575,40,19,1,1,-0.11111111111111116,-4.507994935765972e-5,-2.979219721636618e-5,1.528775214129354e-5,NA,NA
3438,356.129591246231,15.441361,0.7133031738784575,50,19,1,1,0.11111111111111116,-3.6209983651588864e-5,-6.795135656462368e-5,-3.1741372913034816e-5,NA,NA
7113,387.114668338311,17.00316,0.7133031738784575,50,19,1,1,0.11111111111111116,-8.315402889183297e-5,-3.257188899090434e-4,-2.425648610172104e-4,NA,NA
6543,491.358787958105,16.869461,0.7133031738784575,40,19,1,1,-0.11111111111111116,-3.6506176858002325e-7,-2.3837973964203374e-7,1.266820289379895e-7,NA,NA
2364,587.307338657101,13.069157,0.7133031738784575,50,19,1,1,0.11111111111111116,-9.410359999927444e-6,-1.7013440778830086e-5,-7.603080778902642e-6,NA,NA
4497,90.0083387157839,16.111357,0.7750513736700824,41,19,1,1,-0.0888888888888889,8.156651716949694e-5,9.03104117233222e-4,8.215376000637251e-4,NA,NA
3537,92.0239935207597,15.563347,0.7750513736700824,41,19,1,1,-0.0888888888888889,-5.7677352871490054e-5,2.1144665966516668e-4,2.6912401253665675e-4,NA,NA
4991,106.039698776322,16.245905,0.7750513736700824,41,19,1,1,-0.0888888888888889,-0.0032603209994402,0.01349956910053015,0.01675989009997035,NA,NA
3041,109.039392301827,15.123617,0.7750513736700824,41,19,1,1,-0.0888888888888889,3.258604155278427e-5,5.9233149080939596e-5,2.664710752815533e-5,NA,NA
3416,110.034654608745,15.432622,0.7750513736700824,41,19,1,1,-0.0888888888888889,-1.1512156196436531e-4,1.5627653969161887e-4,2.713981016559842e-4,NA,NA
3738,121.050697767465,15.636853,0.7750513736700824,41,19,1,1,-0.0888888888888889,1.449053163483361e-4,7.470590725897764e-4,6.021537562414404e-4,NA,NA
933,129.01811586052,0.6898572,0.7750513736700824,41,19,1,1,-0.0888888888888889,1.2277380651455019e-5,9.434260772514445e-6,-2.8431198789405736e-6,NA,NA
3140,133.050793045646,15.198348,0.7750513736700824,49,19,1,1,0.0888888888888888,-5.3107209674833856e-5,-6.387967188019084e-5,-1.077246220535698e-5,NA,NA
3149,136.050452876401,15.21085,0.7750513736700824,41,19,1,1,-0.0888888888888889,-2.494773655247279e-5,-1.293786003513524e-5,1.2009876517337552e-5,NA,NA
4415,147.030173317404,16.012184,0.7750513736700824,41,19,1,1,-0.0888888888888889,-3.631626983723737e-5,-8.66263554474385e-6,2.7653634292493516e-5,NA,NA
7025,147.066549184694,16.95107,0.7750513736700824,41,19,1,1,-0.0888888888888889,-9.705364163044788e-5,-8.156214789346712e-5,1.549149373698076e-5,NA,NA
3139,148.050571639821,15.191882,0.7750513736700824,41,19,1,1,-0.0888888888888889,-1.493573274608143e-5,-9.783643111401592e-6,5.1520896346798385e-6,NA,NA
6558,155.035299645591,16.70867,0.7750513736700824,49,19,1,1,0.0888888888888888,6.9182320895268e-5,-4.677942774635446e-5,-1.1596174864162246e-4,NA,NA
5017,155.035304762369,16.227299,0.7750513736700824,41,19,1,1,-0.0888888888888889,-5.218634878258794e-4,-2.487890366296433e-4,2.7307445119623613e-4,NA,NA
2455,161.020998246118,13.559451,0.7750513736700824,41,19,1,1,-0.0888888888888889,-1.1082019229174684e-7,5.853382203002264e-8,1.693540143217695e-7,NA,NA
5704,172.061968406722,16.41532,0.7750513736700824,41,19,1,1,-0.0888888888888889,-1.241955242822071e-4,-2.4134742859424662e-4,-1.1715190431203952e-4,NA,NA
4220,174.077625291064,15.810205,0.7750513736700824,49,19,1,1,0.0888888888888888,2.077421696700629e-5,-5.4079983508187524e-5,-7.485420047519382e-5,NA,NA
4112,175.061651765366,15.779885,0.7750513736700824,41,19,1,1,-0.0888888888888889,2.7433554390498447e-5,1.3243705284259914e-4,1.0500349845210069e-4,NA,NA
6046,183.933535701153,16.743097,0.7750513736700824,49,19,1,1,0.0888888888888888,-4.859180233317488e-4,-3.7277134736566665e-4,1.1314667596608216e-4,NA,NA
5197,196.062157847837,16.300648,0.7750513736700824,49,19,1,1,0.0888888888888888,-2.683531143943971e-5,-7.045783725761356e-5,-4.362252581817385e-5,NA,NA
4110,198.077822827488,15.839209,0.7750513736700824,49,19,1,1,0.0888888888888888,1.4188329943575927e-4,-1.2469543164710006e-4,-2.6657873108285935e-4,NA,NA
7268,198.807740676831,17.176224,0.7750513736700824,49,19,1,1,0.0888888888888888,6.682895541850999e-6,4.015893537553966e-6,-2.6670020042970334e-6,NA,NA
5160,213.088856448448,16.252657,0.7750513736700824,49,19,1,1,0.0888888888888888,-5.8346954220012156e-5,-1.662962564145282e-4,-1.0794930219451604e-4,NA,NA
2336,221.154242450111,12.947927,0.7750513736700824,41,19,1,1,-0.0888888888888889,-1.4920747650409965e-6,-6.99440098933333e-6,-5.502326224292333e-6,NA,NA
6491,225.088958963474,16.649118,0.7750513736700824,41,19,1,1,-0.0888888888888889,6.499394519940401e-5,1.561474939484e-4,9.1153548748996e-5,NA,NA
5642,225.088975561957,16.36311,0.7750513736700824,49,19,1,1,0.0888888888888888,-8.903764194106994e-6,-9.028758883209971e-6,-1.2499468910297652e-7,NA,NA
5875,226.08425069332,16.47767,0.7750513736700824,41,19,1,1,-0.0888888888888889,9.860573833250886e-7,3.253638605021604e-5,3.155032866689095e-5,NA,NA
4322,238.084375565012,16.014404,0.7750513736700824,49,19,1,1,0.0888888888888888,3.430762827201023e-5,-6.243544574738674e-6,-4.05511728467489e-5,NA,NA
1738,261.134347153457,7.5821743,0.7750513736700824,49,19,1,1,0.0888888888888888,2.153256144901703e-5,-2.78500963114522e-5,-4.938265776046923e-5,NA,NA
3086,265.147888846183,15.107723,0.7750513736700824,49,19,1,1,0.0888888888888888,-1.6346690342248474e-4,-1.7889028110952977e-4,-1.5423377687045028e-5,NA,NA
6404,279.111141482876,16.72932,0.7750513736700824,41,19,1,1,-0.0888888888888889,-2.27730962804838e-6,-1.6029255925231231e-6,6.743840355252568e-7,NA,NA
3285,311.168638632405,15.357674,0.7750513736700824,41,19,1,1,-0.0888888888888889,-0.00029775557326014804,3.4454398994861885e-4,6.422995632087669e-4,NA,NA
2241,315.181259888398,12.4960375,0.7750513736700824,49,19,1,1,0.0888888888888888,-5.65870869203601e-6,-5.161401558760777e-5,-4.595530689557176e-5,NA,NA
2119,329.233378851208,11.45605,0.7750513736700824,49,19,1,1,0.0888888888888888,-8.496305043165697e-5,-1.2275262554028e-4,-3.778957510862304e-5,NA,NA
2229,329.233430108708,12.418282,0.7750513736700824,49,19,1,1,0.0888888888888888,-3.2467266236457996e-5,-7.768743441562442e-5,-4.5220168179166425e-5,NA,NA
3153,387.156212641677,15.205737,0.7750513736700824,49,19,1,1,0.0888888888888888,-6.036102211275398e-5,-1.209758296151589e-4,-6.061480750240493e-5,NA,NA
2238,387.28662962475,12.492692,0.7750513736700824,49,19,1,1,0.0888888888888888,-2.1326264238108006e-5,-7.500287502054083e-5,-5.367661078243283e-5,NA,NA
2168,431.228619664955,11.878182,0.7750513736700824,49,19,1,1,0.0888888888888888,-2.7511847677698994e-5,-8.842271344831223e-5,-6.091086577061324e-5,NA,NA
7093,455.102084473638,16.995525,0.7750513736700824,49,19,1,1,0.0888888888888888,5.111723559554807e-7,-9.030696532923078e-6,-9.541868888878559e-6,NA,NA
7156,466.816751011376,17.040564,0.7750513736700824,41,19,1,1,-0.0888888888888889,-2.895886645450393e-5,-2.1982022424988482e-5,6.976844029515447e-6,NA,NA
2392,601.323035535576,13.269417,0.7750513736700824,49,19,1,1,0.0888888888888888,-2.4474988872314993e-5,-4.1642660029708885e-5,-1.7167671157393893e-5,NA,NA
3137,83.0236231689375,15.1884165,0.8382564863858263,42,19,1,1,-0.06666666666666665,2.4228224984570402e-4,-6.863302200915563e-6,-2.4914555204661956e-4,NA,NA
3617,90.0083347026305,15.663375,0.8382564863858263,48,19,1,1,0.06666666666666665,-7.478130443114798e-5,-1.710132521735978e-4,-9.623194774244983e-5,NA,NA
5890,92.0239967305958,16.47494,0.8382564863858263,42,19,1,1,-0.06666666666666665,2.7517837572879e-4,3.2664547319885784e-4,5.146709747006785e-5,NA,NA
4374,93.0080111058288,15.911882,0.8382564863858263,48,19,1,1,0.06666666666666665,1.105139774697614e-5,-2.2312503170410552e-5,-3.336390091738669e-5,NA,NA
3169,106.039692661568,15.422513,0.8382564863858263,42,19,1,1,-0.06666666666666665,-4.7838164583664697e-4,0.0013686584517832653,0.0018470400976199123,NA,NA
3549,107.034983043922,15.499021,0.8382564863858263,42,19,1,1,-0.06666666666666665,-4.11438683656343e-4,-8.041939412327412e-4,-3.927552575763982e-4,NA,NA
2938,116.919923163272,14.917061,0.8382564863858263,42,19,1,1,-0.06666666666666665,-1.12126163265968e-4,1.450638293579167e-4,2.571899926238847e-4,NA,NA
6777,120.055441617869,16.629766,0.8382564863858263,42,19,1,1,-0.06666666666666665,5.091474520665899e-4,0.0012770068049803166,7.678593529137266e-4,NA,NA
3125,120.055445713073,15.183693,0.8382564863858263,42,19,1,1,-0.06666666666666665,-3.492969158887199e-5,-6.091162206481484e-5,-2.598193047594285e-5,NA,NA
4287,122.034721095183,15.897967,0.8382564863858263,42,19,1,1,-0.06666666666666665,1.63690170712061e-5,3.791872506689212e-4,3.6281823359771506e-4,NA,NA
4163,131.035124960022,16.018023,0.8382564863858263,48,19,1,1,0.06666666666666665,0.003069856726697513,-1.1336059962166135e-4,-0.0031832173263191743,NA,NA
5637,133.050781862658,16.420946,0.8382564863858263,42,19,1,1,-0.06666666666666665,-6.058894175557769e-5,2.84885454970533e-5,8.9077487252631e-5,NA,NA
4689,135.969840764193,16.078974,0.8382564863858263,48,19,1,1,0.06666666666666665,-2.2502173605944603e-4,-2.920397249956589e-4,-6.701798893621287e-5,NA,NA
5609,143.035253468391,16.414982,0.8382564863858263,48,19,1,1,0.06666666666666665,2.5237218897633247e-4,8.925274463616209e-5,-1.6311944434017038e-4,NA,NA
5862,144.055651531896,16.656866,0.8382564863858263,48,19,1,1,0.06666666666666665,1.31166752428672e-4,1.3736239477024368e-4,6.195642341571688e-6,NA,NA
5684,157.050964507942,16.429167,0.8382564863858263,42,19,1,1,-0.06666666666666665,7.365558660816691e-4,0.001375302792846321,6.387469267646519e-4,NA,NA
4141,158.046186215076,15.870075,0.8382564863858263,42,19,1,1,-0.06666666666666665,-1.019552794583239e-4,1.325554372019089e-4,2.345107166602328e-4,NA,NA
3426,158.046192617562,15.453588,0.8382564863858263,42,19,1,1,-0.06666666666666665,2.0695886951227417e-5,-1.5212161870081417e-5,-3.5908048821308835e-5,NA,NA
4881,163.061578068187,16.152002,0.8382564863858263,42,19,1,1,-0.06666666666666665,-1.1138813277948058e-4,-4.834616057160221e-5,6.304197220787837e-5,NA,NA
6790,170.046264419889,16.717396,0.8382564863858263,42,19,1,1,-0.06666666666666665,-3.6270185368119797e-05,7.176703680607004e-5,1.0803722217418984e-4,NA,NA
1633,173.081088920193,6.610568,0.8382564863858263,48,19,1,1,0.06666666666666665,-5.96567828978499e-6,-1.6707405911092256e-5,-1.0741727621307266e-5,NA,NA
5146,194.973022937297,16.222452,0.8382564863858263,48,19,1,1,0.06666666666666665,3.069332320243747e-5,1.0263056116523759e-5,-2.0430267085913708e-5,NA,NA
6177,196.062158305788,16.667587,0.8382564863858263,42,19,1,1,-0.06666666666666665,1.41411431522712e-4,2.0633959812952778e-4,6.492816660681579e-5,NA,NA
6870,206.965349361606,16.894268,0.8382564863858263,48,19,1,1,0.06666666666666665,1.670502614955454e-5,-9.921582193148898e-6,-2.662660834270344e-5,NA,NA
2254,209.154170746935,12.538137,0.8382564863858263,48,19,1,1,0.06666666666666665,-6.6922199845789976e-6,-2.8055398608652228e-5,-2.136317862407323e-5,NA,NA
5152,223.073288838604,16.165895,0.8382564863858263,42,19,1,1,-0.06666666666666665,5.747298204566972e-6,3.622778592115412e-5,3.0480487716587148e-5,NA,NA
7046,225.061217586895,16.977789,0.8382564863858263,42,19,1,1,-0.06666666666666665,-8.164570340888197e-5,-6.570047654311108e-5,1.594522686577089e-5,NA,NA
5332,227.104630312948,16.251007,0.8382564863858263,48,19,1,1,0.06666666666666665,-2.7048104574109743e-5,1.4302952698815363e-5,4.135105727292511e-5,NA,NA
2338,236.105152338791,12.948154,0.8382564863858263,48,19,1,1,0.06666666666666665,-3.689862762160052e-7,-1.3320902299973329e-5,-1.2951916023757324e-5,NA,NA
2430,271.191538798897,13.429858,0.8382564863858263,48,19,1,1,0.06666666666666665,-1.5235186689883793e-6,-1.0538446824381011e-5,-9.014928155392632e-6,NA,NA
2603,277.144493029548,14.037515,0.8382564863858263,48,19,1,1,0.06666666666666665,-5.473946931027304e-6,-1.5264262930401113e-5,-9.79031599937381e-6,NA,NA
6906,309.174086325702,16.912884,0.8382564863858263,48,19,1,1,0.06666666666666665,-5.016843250850889e-5,-2.8337896536852905e-5,2.1830535971655986e-5,NA,NA
4214,311.168625183993,15.746639,0.8382564863858263,42,19,1,1,-0.06666666666666665,-0.0024368612990124158,-0.002455849015264054,-1.8987716251638118e-5,NA,NA
3675,311.168627398148,15.573575,0.8382564863858263,48,19,1,1,0.06666666666666665,3.37789991604457e-4,0.0011557506562723035,8.179606646678465e-4,NA,NA
4454,311.168642898805,16.036594,0.8382564863858263,48,19,1,1,0.06666666666666665,0.0010321129236018853,0.0013313637540926981,2.992508304908129e-4,NA,NA
6657,325.184211717977,16.916994,0.8382564863858263,42,19,1,1,-0.06666666666666665,-0.002615168562838899,2.906261347363774e-4,0.0029057946975752764,NA,NA
2219,329.233413088529,12.208355,0.8382564863858263,42,19,1,1,-0.06666666666666665,-7.497950999190198e-5,-7.325476155288555e-5,1.7247484390164365e-6,NA,NA
3704,387.156168985832,15.590074,0.8382564863858263,42,19,1,1,-0.06666666666666665,-1.8698189756639595e-4,-1.915788104054633e-4,-4.596912839067351e-6,NA,NA
7123,441.033888901883,17.011293,0.8382564863858263,42,19,1,1,-0.06666666666666665,-6.844178652024945e-5,-4.4522061165574374e-5,2.3919725354675073e-5,NA,NA
6929,83.0236292012907,16.899805,0.9025232501776794,47,19,1,1,0.04444444444444451,-2.6418699186103614e-4,-5.135876714814444e-4,-2.494006796204082e-4,NA,NA
3812,90.0083348867528,15.858132,0.9025232501776794,47,19,1,1,0.04444444444444451,-5.761681754545391e-5,-1.2177871054379997e-4,-6.416189299834606e-5,NA,NA
6883,90.0083363750148,16.79387,0.9025232501776794,43,19,1,1,-0.0444444444444444,5.59311387344082e-4,5.376895997532502e-4,-2.1621787590831842e-5,NA,NA
5328,120.019072082576,16.209986,0.9025232501776794,43,19,1,1,-0.0444444444444444,4.177703619180001e-5,4.1821467738530015e-5,4.4431546730006695e-8,NA,NA
2377,137.034514957473,13.191259,0.9025232501776794,47,19,1,1,0.04444444444444451,6.765959873887174e-5,2.5939519432809787e-5,-4.172007930606195e-5,NA,NA
5267,144.055636647032,16.349129,0.9025232501776794,43,19,1,1,-0.0444444444444444,-1.556896032597033e-4,-1.7212986201465e-4,-1.6440258754946694e-5,NA,NA
3739,145.050845258877,15.616678,0.9025232501776794,47,19,1,1,0.04444444444444451,-3.8525029175093706e-4,7.651556726463012e-4,0.0011504059643972382,NA,NA
6300,148.050556569335,16.696213,0.9025232501776794,43,19,1,1,-0.0444444444444444,4.0264336749189764e-5,1.679763723118845e-5,-2.3466699518001316e-5,NA,NA
3292,157.050956258532,15.368418,0.9025232501776794,43,19,1,1,-0.0444444444444444,-1.2663586756381633e-4,-1.1152124995463223e-4,1.5114617609184096e-5,NA,NA
4202,159.066633899067,15.809995,0.9025232501776794,47,19,1,1,0.04444444444444451,5.030563692440303e-5,-2.5858464389645554e-4,-3.0889028082085857e-4,NA,NA
6461,172.061954042108,16.709583,0.9025232501776794,43,19,1,1,-0.0444444444444444,7.19397052843907e-4,6.733185730263267e-4,-4.607847981758027e-5,NA,NA
5848,173.082394295016,16.457794,0.9025232501776794,47,19,1,1,0.04444444444444451,-1.8332175863600995e-5,-6.31571407915656e-5,-4.48249649279646e-5,NA,NA
6478,186.077719479961,16.657696,0.9025232501776794,43,19,1,1,-0.0444444444444444,1.51202450062425e-4,3.353217078621411e-4,1.841192577997161e-4,NA,NA
1795,187.096820970082,7.9884124,0.9025232501776794,43,19,1,1,-0.0444444444444444,-7.899198551342589e-4,-8.154088247867767e-4,-2.5488969652517836e-5,NA,NA
7161,189.930918809747,17.040894,0.9025232501776794,43,19,1,1,-0.0444444444444444,-1.6026613006220006e-5,-3.571457435137557e-5,-1.9687961345155567e-5,NA,NA
6293,191.056678480478,16.655968,0.9025232501776794,47,19,1,1,0.04444444444444451,2.9905085508116053e-5,3.4515040985919667e-4,3.1524532435108063e-4,NA,NA
7141,192.92821405877,17.027908,0.9025232501776794,47,19,1,1,0.04444444444444451,-2.3450051157225006e-5,-8.171853258674886e-5,-5.8268481429523856e-5,NA,NA
6727,196.062174365259,16.834305,0.9025232501776794,43,19,1,1,-0.0444444444444444,-8.285392522533735e-5,-8.236928206097565e-5,4.846431643616982e-7,NA,NA
6596,198.077814517986,16.675505,0.9025232501776794,43,19,1,1,-0.0444444444444444,-8.177991012255899e-5,8.706641095877001e-5,1.68846321081329e-4,NA,NA
3557,213.08884343245,15.513912,0.9025232501776794,47,19,1,1,0.04444444444444451,-3.91375947952359e-5,-2.3856091069566296e-5,1.5281503725669603e-5,NA,NA
5469,223.073296419594,16.353544,0.9025232501776794,43,19,1,1,-0.0444444444444444,-4.772471146920568e-6,-2.6353552307618917e-5,-2.158108116069835e-5,NA,NA
6729,238.084348315403,16.744835,0.9025232501776794,43,19,1,1,-0.0444444444444444,4.45398873319254e-6,-3.4085190009411826e-5,-3.853917874260437e-5,NA,NA
2333,269.121774197577,12.937054,0.9025232501776794,47,19,1,1,0.04444444444444451,-2.2931020672205997e-4,-6.824644392746332e-5,1.6106376279459667e-4,NA,NA
2516,285.207170232811,13.794543000000001,0.9025232501776794,47,19,1,1,0.04444444444444451,8.369872364003083e-6,3.167599681020212e-6,-5.202272682982871e-6,NA,NA
7138,304.908268052536,17.027042,0.9025232501776794,47,19,1,1,0.04444444444444451,-2.3248417321708662e-5,-1.9780457709428427e-5,3.467959612280235e-6,NA,NA
7155,320.886449023244,17.039587,0.9025232501776794,47,19,1,1,0.04444444444444451,-4.9370204605252015e-5,-6.835044289048777e-5,-1.898023828523576e-5,NA,NA
2341,329.233412936358,12.971571,0.9025232501776794,47,19,1,1,0.04444444444444451,-1.0761735309308059e-6,7.187207243460441e-7,1.79489425527685e-6,NA,NA
2269,329.2334371241,12.604264,0.9025232501776794,47,19,1,1,0.04444444444444451,-1.5807805945871603e-4,-1.561299096120711e-4,1.948149846644928e-6,NA,NA
2242,467.279628269696,12.49661,0.9025232501776794,47,19,1,1,0.04444444444444451,-6.704086024699009e-6,-9.938271402745156e-6,-3.2341853780461468e-6,NA,NA
7168,482.789226409798,17.047228,0.9025232501776794,47,19,1,1,0.04444444444444451,-6.154032663712646e-5,-5.5505328262837016e-5,6.03499837428944e-6,NA,NA
7150,486.787714291644,17.032167,0.9025232501776794,43,19,1,1,-0.0444444444444444,-1.522662726287677e-5,-1.001844695614628e-5,5.20818030673049e-6,NA,NA
5120,491.358813440611,16.202518,0.9025232501776794,43,19,1,1,-0.0444444444444444,4.358961943470902e-8,1.2330944959835818e-7,7.971983016364917e-8,NA,NA
2285,528.14870626068,12.679567,0.9025232501776794,43,19,1,1,-0.0444444444444444,1.3692682838515496e-7,2.356274140269435e-7,9.870058564178853e-8,NA,NA
4458,92.023996722145,16.172365,0.967435545139537,44,19,1,1,-0.022222222222222254,-6.009440982911849e-4,-2.2235918175644666e-4,3.7858491653473825e-4,NA,NA
6214,104.024067202153,16.659138,0.967435545139537,44,19,1,1,-0.022222222222222254,5.678619708673149e-5,1.8364926839992257e-4,1.268630713131911e-4,NA,NA
6456,108.01897619817,16.653759,0.967435545139537,44,19,1,1,-0.022222222222222254,-8.384390971646902e-5,1.966348368441666e-5,1.0350739340088568e-4,NA,NA
3536,109.039387809338,15.480521,0.967435545139537,46,19,1,1,0.022222222222222143,-4.126909532901103e-5,2.368308325251111e-4,2.780999278541221e-4,NA,NA
5715,110.034645456529,16.468458,0.967435545139537,46,19,1,1,0.022222222222222143,2.3220987734545503e-4,-7.856471571755315e-5,-3.107745930630082e-4,NA,NA
5590,117.019410360801,16.351543,0.967435545139537,44,19,1,1,-0.022222222222222254,-6.290055467775532e-5,-1.5491416338141625e-4,-9.201360870366094e-5,NA,NA
4142,117.019415277211,15.810258,0.967435545139537,46,19,1,1,0.022222222222222143,2.3256268580361844e-5,5.4993344754952065e-5,3.173707617459022e-5,NA,NA
6534,121.050697618352,16.610577,0.967435545139537,44,19,1,1,-0.022222222222222254,1.6457445463527904e-4,1.9175124370629894e-4,2.7176789071019908e-5,NA,NA
5411,121.050703003086,16.294344,0.967435545139537,44,19,1,1,-0.022222222222222254,1.2178208647884003e-4,2.6532254110525226e-4,1.4354045462641222e-4,NA,NA
6078,122.034721132428,16.647518,0.967435545139537,44,19,1,1,-0.022222222222222254,-2.25545658977345e-4,1.1432016899266712e-5,2.369776758766117e-4,NA,NA
5211,122.034725790695,16.154324,0.967435545139537,44,19,1,1,-0.022222222222222254,-1.5217379360069096e-4,-1.6714764902745776e-4,-1.4973855426766796e-5,NA,NA
3628,122.034723391286,15.599234,0.967435545139537,44,19,1,1,-0.022222222222222254,1.17484337476136e-4,2.2104088104341106e-4,1.0355654356727506e-4,NA,NA
5073,130.039878323457,16.24468,0.967435545139537,46,19,1,1,0.022222222222222143,-0.0013251625070919337,-0.0016025040248124254,-2.7734151772049165e-4,NA,NA
5783,131.035126554632,16.476358,0.967435545139537,44,19,1,1,-0.022222222222222254,-3.0701725233931706e-4,-0.0014297229124557746,-0.0011227056601164575,NA,NA
3375,131.03513892513,15.379555,0.967435545139537,46,19,1,1,0.022222222222222143,9.915256439566595e-5,-2.583525584353335e-5,-1.249878202391993e-4,NA,NA
3118,134.034820643639,15.17507,0.967435545139537,44,19,1,1,-0.022222222222222254,-2.5666070980970323e-5,3.8525035534260546e-5,6.419110651523086e-5,NA,NA
6862,165.019728491147,16.894913,0.967435545139537,44,19,1,1,-0.022222222222222254,0.0010454824180307978,7.618715391963243e-4,-2.836108788344735e-4,NA,NA
6368,171.066700612044,16.691572,0.967435545139537,44,19,1,1,-0.022222222222222254,5.20183048962839e-4,7.00343139247481e-4,1.8016009028464202e-4,NA,NA
3151,171.066711779796,15.210082,0.967435545139537,46,19,1,1,0.022222222222222143,9.434944308166799e-6,3.1171656171968496e-5,2.1736711863801697e-5,NA,NA
5253,171.066721585797,16.272062,0.967435545139537,44,19,1,1,-0.022222222222222254,-1.866299387479768e-4,-8.016827837035716e-5,1.0646166037761964e-4,NA,NA
4666,173.082401576982,16.062399,0.967435545139537,44,19,1,1,-0.022222222222222254,7.68858056233371e-5,1.3370202031876813e-4,5.681621469543102e-5,NA,NA
6340,174.077619872338,16.710817,0.967435545139537,44,19,1,1,-0.022222222222222254,-2.2451474705263212e-5,1.3226132042281205e-6,2.377408790949133e-5,NA,NA
73,174.955223480807,0.51881945,0.967435545139537,44,19,1,1,-0.022222222222222254,2.518844833646117e-4,2.0606567459835735e-5,-2.3127791590477596e-4,NA,NA
7163,174.955333655479,17.041441,0.967435545139537,46,19,1,1,0.022222222222222143,-1.4547841490909102e-4,-1.8370064673302775e-4,-3.822223182393673e-5,NA,NA
4249,186.077724290011,15.837139,0.967435545139537,46,19,1,1,0.022222222222222143,5.657747457690029e-4,5.207753045063766e-4,-4.499944126262626e-5,NA,NA
2426,194.081540366418,13.418026,0.967435545139537,46,19,1,1,0.022222222222222143,-4.2503678940545e-4,-0.0011610942166314822,-7.360574272260321e-4,NA,NA
4465,200.093489549986,15.962589,0.967435545139537,46,19,1,1,0.022222222222222143,-2.9492550828206457e-5,-2.540199791786129e-5,4.090552910345167e-6,NA,NA
6895,205.965681519054,16.899433,0.967435545139537,44,19,1,1,-0.022222222222222254,-6.744937385023899e-5,-6.026836234033125e-5,7.181011509907737e-6,NA,NA
5153,225.088973031395,16.220974,0.967435545139537,46,19,1,1,0.022222222222222143,-1.736980351387815e-5,-6.604201552012989e-5,-4.867221200625174e-5,NA,NA
4642,227.104630599045,16.0636,0.967435545139537,46,19,1,1,0.022222222222222143,-3.5579692861500005e-5,-3.834264617151444e-5,-2.7629533100144367e-6,NA,NA
3971,237.089095736152,15.97491,0.967435545139537,44,19,1,1,-0.022222222222222254,-1.2303757171358998e-5,-3.716367505282085e-5,-2.485991788146185e-5,NA,NA
5081,237.089095681711,16.185055,0.967435545139537,46,19,1,1,0.022222222222222143,-6.3651338185503325e-6,-4.692006435029378e-5,-4.055493053174345e-5,NA,NA
2651,239.067053346382,14.197567,0.967435545139537,44,19,1,1,-0.022222222222222254,-3.0479801321857656e-6,-2.329183026878221e-6,7.187971053075447e-7,NA,NA
2877,249.149472142429,14.8416,0.967435545139537,46,19,1,1,0.022222222222222143,-9.804092901469998e-6,-2.3423552932761114e-5,-1.3619460031291116e-5,NA,NA
1700,261.13434375529,7.2811565,0.967435545139537,46,19,1,1,0.022222222222222143,-9.808863199088996e-6,-2.168424031369e-5,-1.1875377114601003e-5,NA,NA
6902,277.009242902394,16.890808,0.967435545139537,44,19,1,1,-0.022222222222222254,4.2571185401698805e-5,9.948909453997574e-5,5.691790913827693e-5,NA,NA
5529,293.179361687607,16.340189,0.967435545139537,44,19,1,1,-0.022222222222222254,-4.286224236183853e-5,-1.4639907632354394e-5,2.8222334729484136e-5,NA,NA
2375,301.057852256771,13.190423,0.967435545139537,44,19,1,1,-0.022222222222222254,6.218580582260064e-5,2.3190962463438822e-5,-3.8994843359161816e-5,NA,NA
99,310.930912220027,0.55791545,0.967435545139537,46,19,1,1,0.022222222222222143,1.1662229974733712e-5,-3.186451831938351e-7,-1.1980875157927547e-5,NA,NA
6259,327.179993071467,16.913422,0.967435545139537,46,19,1,1,0.022222222222222143,3.1740802448533976e-5,-1.1388697114158559e-4,-1.4562777359011957e-4,NA,NA
10,336.858788944177,0.038009968,0.967435545139537,44,19,1,1,-0.022222222222222254,-2.16980112014828e-4,-2.52479763218178e-5,1.917321356930102e-4,NA,NA
7110,341.108991709729,17.00198,0.967435545139537,44,19,1,1,-0.022222222222222254,4.978067182031597e-5,2.0400928414055623e-6,-4.774057897891041e-5,NA,NA
7109,377.085752421442,17.00229,0.967435545139537,46,19,1,1,0.022222222222222143,-4.52468604786863e-6,-3.0503492061867536e-6,1.474336841681876e-6,NA,NA
7118,404.104712089321,17.005531,0.967435545139537,44,19,1,1,-0.022222222222222254,-2.2392727344172e-5,-2.6212114408685554e-5,-3.8193870645135534e-06,NA,NA
6909,410.161747276115,16.904472,0.967435545139537,46,19,1,1,0.022222222222222143,-3.449444615515647e-5,-3.963028421253952e-5,-5.13583805738305e-6,NA,NA
7151,484.789580350338,17.03522,0.967435545139537,44,19,1,1,-0.022222222222222254,-3.201270330315717e-5,-3.170368281168962e-5,3.0902049146755184e-7,NA,NA
2247,514.132947836007,12.5125,0.967435545139537,44,19,1,1,-0.022222222222222254,1.9629024196709428e-7,3.0881094393885435e-8,-1.6540914757320885e-7,NA,NA
2771,106.03969566511999,14.728031,1,45,19,1,1,0,5.764303559035609e-5,-4.147492458207833e-4,-4.7239228141113937e-4,NA,NA
5242,110.034644616621,16.271584,1,45,19,1,1,0,7.062356097168901e-5,2.53754701160327e-6,-6.808601396008574e-5,NA,NA
4092,116.024116326713,15.858254,1,45,19,1,1,0,2.314282244401626e-4,1.6622388044988e-4,-6.52043439902826e-5,NA,NA
6990,120.055451668566,16.937904,1,45,19,1,1,0,-7.760742426083351e-5,-6.870081784631269e-5,8.906606414520825e-6,NA,NA
3450,133.050784982292,15.432158,1,45,19,1,1,0,-5.501138798374401e-5,-9.159829403795411e-5,-3.6586906054210105e-5,NA,NA
3643,134.03481295507,15.6767845,1,45,19,1,1,0,1.5113673803462176e-4,8.417953191198333e-5,-6.695720612263844e-5,NA,NA
7074,148.050593735498,16.98354,1,45,19,1,1,0,-7.26709962701561e-6,-2.1154722544999863e-5,-1.3887622917984253e-5,NA,NA
6973,171.066714057606,16.936596,1,45,19,1,1,0,-6.0652842166624254e-5,-4.063817677732186e-5,2.0014665389302395e-5,NA,NA
6390,211.073181380128,16.693748,1,45,19,1,1,0,7.820938517195901e-5,1.2471055198487e-4,4.6501166812910986e-5,NA,NA
6978,213.088845181797,16.92468,1,45,19,1,1,0,-3.6816775814837084e-5,-1.4815610722161509e-5,2.2001165092675575e-5,NA,NA
2083,242.175945517868,11.109664,1,45,19,1,1,0,-1.1725437046320097e-4,-1.5702717116984779e-4,-3.977280070664682e-5,NA,NA
6524,265.147864257282,16.90595,1,45,19,1,1,0,6.691773282105798e-5,-1.0179417032717109e-4,-1.6871190314822907e-4,NA,NA
2216,305.08196734169,12.244845,1,45,19,1,1,0,-1.2379755923227792e-5,-1.4903129914020725e-5,-2.5233739907929323e-6,NA,NA
6934,337.184462841954,16.911425,1,45,19,1,1,0,-4.366248929334997e-5,-2.5918207169619243e-5,1.7744282123730724e-5,NA,NA
2337,361.163441441427,12.948604,1,45,19,1,1,0,-3.6552780804173493e-6,-5.602384734602554e-6,-1.9471066541852043e-6,NA,NA
6027,491.358814095105,16.583855,1,45,19,1,1,0,-3.38403032171724e-7,-1.1386402552354863e-7,2.2453900664817538e-7,NA,NA
2943,648.338591610343,14.926392,1,45,19,1,1,0,2.1311337669129784e-6,4.5140430481546485e-6,2.38290928124167e-6,NA,NA
5659,669.457951104086,16.43868,1,45,19,1,1,0,-5.149875724924752e-6,-9.960350373899354e-6,-4.810474648974602e-6,NA,NA
