"feature","Healthy","TR1","MeanDecreaseAccuracy","MeanDecreaseGini"
"89_242.9433_0.54",2.76656071130241,2.86930013044884,2.89998404739061,0.153028571428571
"5288_200.0935_16.07",2.76656071130241,2.74119135954871,2.8135167051271,0.165409523809524
"99_310.9309_0.56",2.36278927480112,2.24434236912142,2.38655414422999,0.112857142857143
"132_530.8655_0.56",2.1932960518294,2.10766723394333,2.15767495544525,0.118393939393939
"73_174.9552_0.52",1.9042342233658,1.99968982286484,1.98956948819236,0.211714285714286
"64_146.9601_0.5",1.9042342233658,1.91939817108553,1.93082866514831,0.0756904761904762
"3267_107.035_15.28",1.41705050316284,1.99031926457252,1.93022859120546,0.0444380952380952
"5545_83.0236_16.44",1.63736530665978,1.75142361026015,1.91705277867896,0.0861454545454545
"121_462.8784_0.55",1.66911011857018,1.88495900889183,1.8591347941951,0.102515873015873
"6902_277.0092_16.89",1.41705050316284,1.70266414755955,1.73125425442964,0.0611238095238095
"7146_338.8591_17.03",0,1.68222465460995,1.73125425442964,0.0294444444444444
"5411_121.0507_16.29",1.63736530665978,1.60420113133121,1.69591939289598,0.0569350649350649
"90_394.8906_0.55",1.63736530665978,1.67131567616219,1.67594568898395,0.0525238095238095
"6905_145.0509_16.89",1.41705050316284,1.71058924980998,1.6736523783343,0.036
"7151_484.7896_17.04",1.34406227991274,1.72842140580061,1.67365237833429,0.0400952380952381
"4286_117.0194_16",1.41705050316284,1.41705050316284,1.41705050316284,0.0759428571428571
"5776_107.035_16.48",1.40275209380409,1.38942503594182,1.39540341548455,0.0851428571428572
"6628_252.1002_16.84",1.34406227991274,1.40275209380409,1.38942503594182,0.0223809523809524
"5328_120.0191_16.21",1.00100150250438,1.41120774204966,1.34406227991274,0.0172380952380952
"2677_221.1542_14.3",1.38942503594182,1.21446541889315,1.31533410441164,0.0297333333333333
"2312_331.2491_12.81",1.0516125038101,1.40275209380409,1.31301812891287,0.0638095238095238
"6929_83.0236_16.9",1.34406227991274,1.00100150250438,1.30206927713678,0.0946666666666667
"5710_145.0508_16.38",1.00100150250438,1.30206927713678,1.26693979201741,0.0734141414141414
"5715_110.0346_16.47",1.34406227991274,1.00100150250438,1.2381387735405,0.0409285714285714
"6267_83.0236_16.64",0,1.00100150250438,1.00100150250438,0.00333333333333333
"3617_90.0083_15.66",1.00100150250438,0,1.00100150250438,0.00363636363636364
"4088_92.024_15.93",0,1.00100150250438,1.00100150250438,0.00363636363636364
"6567_92.024_16.71",0,1.00100150250438,1.00100150250438,0.0370522366522366
"3123_110.0347_15.18",1.00100150250438,0,1.00100150250438,0.003
"6078_122.0347_16.65",1.00100150250438,1.00100150250438,1.00100150250438,0.0233142857142857
"3628_122.0347_15.6",1.00100150250438,1.00100150250438,1.00100150250438,0.0372
"6554_124.014_16.78",0,1.00100150250438,1.00100150250438,0.00333333333333333
"3411_130.0399_15.51",1.00100150250438,0,1.00100150250438,0.00363636363636364
"4862_134.0348_16.17",1.00100150250438,0,1.00100150250438,0.003
"4986_136.0505_16.13",1.00100150250438,1.00100150250438,1.00100150250438,0.0176571428571429
"5566_141.0196_16.4",0,1.00100150250438,1.00100150250438,0.0209350649350649
"5862_144.0557_16.66",0,1.00100150250438,1.00100150250438,0.00964502164502165
"4415_147.0302_16.01",0,1.00100150250438,1.00100150250438,0.0179904761904762
"4224_147.0665_15.9",1.00100150250438,1.00100150250438,1.00100150250438,0.0183636363636364
"3753_147.0665_15.65",0,1.00100150250438,1.00100150250438,0.003
"4141_158.0462_15.87",0,1.00100150250438,1.00100150250438,0.019584126984127
"4666_173.0824_16.06",1.00100150250438,1.00100150250438,1.00100150250438,0.0425555555555556
"6293_191.0567_16.66",1.00100150250438,1.00100150250438,1.00100150250438,0.00636483516483516
"6177_196.0622_16.67",0,1.00100150250438,1.00100150250438,0.00333333333333333
"5767_199.0731_16.5",1.00100150250438,1.00100150250438,1.00100150250438,0.0185714285714286
"2254_209.1542_12.54",1.00100150250438,1.00100150250438,1.00100150250438,0.0115064935064935
"4472_225.089_16.07",0,1.00100150250438,1.00100150250438,0.0106984126984127
"5332_227.1046_16.25",1.00100150250438,1.00100150250438,1.00100150250438,0.0252857142857143
"2390_239.1287_13.27",1.00100150250438,1.00100150250438,1.00100150250438,0.00685714285714286
"2258_243.16_12.56",1.00100150250438,0,1.00100150250438,0.0159047619047619
"6137_252.1002_16.65",0,1.00100150250438,1.00100150250438,0.0101587301587302
"1700_261.1343_7.28",0,1.00100150250438,1.00100150250438,0.00985714285714286
"6394_309.1741_16.73",1.00100150250438,1.00100150250438,1.00100150250438,0.0231428571428571
"4454_311.1686_16.04",0,1.00100150250438,1.00100150250438,0.003
"6939_311.1687_16.91",0,1.00100150250438,1.00100150250438,0.00482857142857143
"7110_341.109_17",0,1.00100150250438,1.00100150250438,0.00571428571428571
"1480_352.8537_3.55",1.00100150250438,1.00100150250438,1.00100150250438,0.0242857142857143
"3704_387.1562_15.59",1.00100150250438,1.00100150250438,1.00100150250438,0.0385714285714286
"6809_393.1718_16.92",0,1.00100150250438,1.00100150250438,0.00925714285714286
"5691_106.0397_16.44",0,0.343037530015732,0.277371435197549,0.0370285714285714
"6205_66.0083_16.73",0,0,0,0.003
"3407_83.0236_15.4",0,0,0,0
"3137_83.0236_15.19",0,0,0,0
"5112_83.0236_16.2",0,0,0,0.0363382395382395
"2995_83.0236_14.97",0,0,0,0
"4597_84.0076_16.03",0,0,0,0.00342857142857143
"3812_90.0083_15.86",0,0,0,0
"6883_90.0083_16.79",0,0,0,0.0222857142857143
"6270_90.0083_16.61",0,0,0,0.0299428571428571
"4497_90.0083_16.11",0,0,0,0.003
"5358_90.0083_16.34",0,0,0,0.0150285714285714
"3537_92.024_15.56",0,0,0,0
"4458_92.024_16.17",0,0,0,0
"5890_92.024_16.47",0,0,0,0.003
"6698_93.008_16.67",0,0,0,0
"5047_93.008_16.16",0,0,0,0.0114285714285714
"6441_99.9244_16.87",0,0,0,0.0032
"2990_106.0397_15.08",0,0,0,0
"3169_106.0397_15.42",0,0,0,0
"4014_106.0397_15.97",0,0,0,0
"2771_106.0397_14.73",0,0,0,0
"3589_106.0397_15.63",0,0,0,0.00727272727272727
"2904_106.0397_14.86",0,0,0,0
"4991_106.0397_16.25",0,0,0,0.006
"2631_106.0397_14.17",0,0,0,0.00363636363636364
"2738_106.0397_14.48",0,0,0,0
"3978_107.035_15.74",0,0,0,0
"3549_107.035_15.5",0,0,0,0
"4929_107.035_16.06",0,0,0,0
"5283_107.035_16.29",0,0,0,0
"7069_107.035_16.98",0,0,0,0.00363636363636364
"6456_108.019_16.65",0,0,0,0
"4616_108.019_16.07",0,0,0,0.00333333333333333
"4133_109.0394_15.84",0,0,0,0
"3536_109.0394_15.48",0,0,0,0
"3041_109.0394_15.12",0,0,0,0.00371428571428572
"5625_109.0394_16.43",0,0,0,0
"5242_110.0346_16.27",0,0,0,0.0192207792207792
"6212_110.0346_16.67",0,0,0,0
"3731_110.0346_15.63",0,0,0,0
"3416_110.0347_15.43",0,0,0,0
"6988_112.9843_16.96",0,0,0,0
"6839_116.0241_16.65",0,0,0,0.00363636363636364
"6971_116.0241_16.92",0,0,0,0.00366666666666667
"4092_116.0241_15.86",0,0,0,0
"3705_116.0241_15.63",0,0,0,0
"4552_116.0241_16.08",0,0,0,0.00925714285714286
"2938_116.9199_14.92",0,0,0,0
"6240_117.0194_16.63",0,0,0,0.0121904761904762
"6788_117.0194_16.85",0,0,0,0
"5590_117.0194_16.35",0,0,0,0.00609523809523809
"4142_117.0194_15.81",0,0,0,0
"7303_117.9274_17.19",0,0,0,0
"3931_118.0398_15.87",0,0,0,0.00685714285714286
"5816_118.0398_16.45",0,0,0,0.0283809523809524
"5318_118.0398_16.29",0,0,0,0
"3666_120.0191_15.67",0,0,0,0.00659340659340659
"4121_120.0191_15.99",0,0,0,0.00822857142857143
"5696_120.0191_16.41",0,0,0,0
"4033_120.0554_15.92",0,0,0,0
"6777_120.0554_16.63",0,0,0,0.00705555555555556
"3572_120.0554_15.59",0,0,0,0
"4794_120.0554_16.17",0,0,0,0.00771428571428571
"3125_120.0554_15.18",0,0,0,0
"5296_120.0554_16.36",0,0,0,0.00333333333333333
"3130_121.0507_15.19",0,0,0,0.00685714285714286
"6534_121.0507_16.61",0,0,0,0.00366666666666667
"3410_121.0507_15.44",0,0,0,0
"3918_121.0507_15.86",0,0,0,0
"4836_121.0507_16.06",0,0,0,0.00366666666666667
"7005_121.0507_16.96",0,0,0,0
"4287_122.0347_15.9",0,0,0,0.0180779220779221
"3382_122.0347_15.43",0,0,0,0.0243809523809524
"6800_122.0347_16.86",0,0,0,0
"4635_128.0341_16.05",0,0,0,0.021
"933_129.0181_0.69",0,0,0,0.0901922077922078
"6685_130.0399_16.84",0,0,0,0.00366666666666667
"3805_130.0399_15.68",0,0,0,0
"5838_130.0399_16.45",0,0,0,0
"5073_130.0399_16.24",0,0,0,0
"4163_131.0351_16.02",0,0,0,0.0109922077922078
"6133_131.0351_16.69",0,0,0,0
"5327_131.0351_16.25",0,0,0,0
"3562_131.0351_15.62",0,0,0,0
"6927_131.0351_16.89",0,0,0,0.00371428571428572
"3375_131.0351_15.38",0,0,0,0
"3127_131.0352_15.15",0,0,0,0
"4275_132.0555_15.86",0,0,0,0
"5891_132.0555_16.62",0,0,0,0.003
"3823_132.0555_15.68",0,0,0,0
"6624_132.0555_16.85",0,0,0,0.0463588744588745
"5591_132.0555_16.4",0,0,0,0
"3443_132.0555_15.42",0,0,0,0
"6179_133.0508_16.64",0,0,0,0.00576190476190476
"3756_133.0508_15.65",0,0,0,0.00333333333333333
"5637_133.0508_16.42",0,0,0,0
"3450_133.0508_15.43",0,0,0,0
"3140_133.0508_15.2",0,0,0,0
"6464_133.9224_16.88",0,0,0,0.00626666666666667
"4086_134.0348_15.94",0,0,0,0.0102857142857143
"3643_134.0348_15.68",0,0,0,0
"3441_134.0348_15.42",0,0,0,0
"5760_134.0348_16.39",0,0,0,0.00685714285714286
"6829_134.0348_16.92",0,0,0,0.0032
"3118_134.0348_15.18",0,0,0,0.00363636363636364
"3977_135.0664_15.84",0,0,0,0
"4777_135.0664_16.08",0,0,0,0
"4689_135.9698_16.08",0,0,0,0
"3149_136.0505_15.21",0,0,0,0
"2377_137.0345_13.19",0,0,0,0.0103142857142857
"6710_140.0243_16.89",0,0,0,0.0281142857142857
"6599_141.0196_16.64",0,0,0,0
"6884_141.0196_16.89",0,0,0,0.00779220779220779
"5044_141.0196_16.29",0,0,0,0.0105
"6507_143.0352_16.67",0,0,0,0.00952380952380952
"5076_143.0353_16.25",0,0,0,0
"5609_143.0353_16.41",0,0,0,0
"4461_144.0556_16.07",0,0,0,0
"4024_144.0556_15.76",0,0,0,0
"4107_145.0508_15.97",0,0,0,0
"6317_145.0508_16.67",0,0,0,0.00777777777777778
"3739_145.0508_15.62",0,0,0,0
"4872_145.0508_16.14",0,0,0,0.00731428571428572
"3392_145.0509_15.39",0,0,0,0
"3129_145.0509_15.15",0,0,0,0.00304761904761905
"2962_145.0509_14.94",0,0,0,0.0183873015873016
"6449_145.9225_16.88",0,0,0,0
"6106_145.9225_16.63",0,0,0,0.00685714285714286
"7167_146.9376_17.04",0,0,0,0
"6834_147.0301_16.76",0,0,0,0
"5931_147.0301_16.58",0,0,0,0
"5213_147.0302_16.25",0,0,0,0
"5287_147.0665_16.32",0,0,0,0
"3419_147.0665_15.44",0,0,0,0.0131601731601732
"7025_147.0665_16.95",0,0,0,0.0064
"4046_148.0506_15.77",0,0,0,0
"6300_148.0506_16.7",0,0,0,0.00333333333333333
"7074_148.0506_16.98",0,0,0,0.0174077922077922
"6558_155.0353_16.71",0,0,0,0.00642857142857143
"5826_155.0353_16.47",0,0,0,0
"4013_155.0353_15.99",0,0,0,0.0126190476190476
"5017_155.0353_16.23",0,0,0,0
"6686_157.051_16.69",0,0,0,0.00609523809523809
"3292_157.051_15.37",0,0,0,0.0128571428571429
"3525_157.051_15.61",0,0,0,0
"3117_157.051_15.15",0,0,0,0.0182857142857143
"6855_157.051_16.88",0,0,0,0.0192063492063492
"5684_157.051_16.43",0,0,0,0.00714285714285714
"6499_158.0462_16.67",0,0,0,0
"5061_158.0462_16.1",0,0,0,0
"3426_158.0462_15.45",0,0,0,0.0114285714285714
"6373_159.0666_16.64",0,0,0,0
"4202_159.0666_15.81",0,0,0,0
"6741_159.0666_16.85",0,0,0,0
"5723_159.0666_16.37",0,0,0,0
"3673_159.0666_15.62",0,0,0,0.00622222222222222
"1906_161.0209_8.97",0,0,0,0
"2455_161.021_13.56",0,0,0,0.0127619047619048
"3966_161.046_15.73",0,0,0,0.0241904761904762
"4189_161.0823_15.85",0,0,0,0.0036
"4989_161.0823_16.07",0,0,0,0.00371428571428572
"4100_163.0616_15.73",0,0,0,0.0533142857142857
"6172_163.0616_16.66",0,0,0,0
"4424_163.0616_16.05",0,0,0,0
"4881_163.0616_16.15",0,0,0,0
"3598_163.0616_15.52",0,0,0,0.00266666666666667
"5705_163.0616_16.41",0,0,0,0
"3255_163.0616_15.3",0,0,0,0
"6731_163.0616_16.97",0,0,0,0.00942857142857143
"6862_165.0197_16.89",0,0,0,0.00622222222222222
"6269_169.0511_16.72",0,0,0,0
"5922_169.0511_16.52",0,0,0,0
"5319_169.0511_16.29",0,0,0,0.0032
"6790_170.0463_16.72",0,0,0,0
"5697_170.0463_16.4",0,0,0,0.00742857142857143
"6368_171.0667_16.69",0,0,0,0
"5669_171.0667_16.43",0,0,0,0.003
"3151_171.0667_15.21",0,0,0,0.0320444444444444
"4504_171.0667_16.07",0,0,0,0
"6973_171.0667_16.94",0,0,0,0
"5253_171.0667_16.27",0,0,0,0.0258701298701299
"6461_172.062_16.71",0,0,0,0
"3268_172.062_15.45",0,0,0,0
"4058_172.062_15.85",0,0,0,0.0189523809523809
"5704_172.062_16.42",0,0,0,0.0100571428571429
"6994_172.062_16.94",0,0,0,0.0036
"4652_172.062_16.06",0,0,0,0
"1633_173.0811_6.61",0,0,0,0
"5848_173.0824_16.46",0,0,0,0.0068
"6340_174.0776_16.71",0,0,0,0
"4220_174.0776_15.81",0,0,0,0
"7163_174.9553_17.04",0,0,0,0.0162857142857143
"4112_175.0617_15.78",0,0,0,0.0356571428571429
"7088_175.0617_16.99",0,0,0,0
"7047_179.0553_16.98",0,0,0,0.00355555555555556
"6338_182.0464_16.75",0,0,0,0.0147238095238095
"5075_182.0464_16.17",0,0,0,0
"4927_183.0668_16.12",0,0,0,0
"6046_183.9335_16.74",0,0,0,0
"6341_184.062_16.67",0,0,0,0
"4225_184.0621_15.86",0,0,0,0
"6749_184.0621_16.85",0,0,0,0.0238571428571429
"3711_184.0621_15.61",0,0,0,0
"4654_184.0621_16.08",0,0,0,0
"6478_186.0777_16.66",0,0,0,0
"4249_186.0777_15.84",0,0,0,0.00342857142857143
"3696_186.0777_15.6",0,0,0,0
"4644_186.0777_16.06",0,0,0,0
"3322_186.0777_15.39",0,0,0,0.00333333333333333
"3114_186.0777_15.18",0,0,0,0
"6948_186.0777_16.91",0,0,0,0
"4903_186.1128_16.05",0,0,0,0.00952380952380952
"1601_186.1128_6.25",0,0,0,0
"1795_187.0968_7.99",0,0,0,0
"4705_188.0934_16.04",0,0,0,0
"7161_189.9309_17.04",0,0,0,0.00779047619047619
"7164_190.9278_17.04",0,0,0,0.0032
"6766_191.0567_16.88",0,0,0,0.00891428571428571
"5728_191.0567_16.39",0,0,0,0.0032
"4804_191.0567_16.16",0,0,0,0
"7141_192.9282_17.03",0,0,0,0.0369428571428571
"2426_194.0815_13.42",0,0,0,0
"5146_194.973_16.22",0,0,0,0
"6945_194.973_16.94",0,0,0,0.00893333333333333
"2391_195.1384_13.27",0,0,0,0.00654545454545455
"6498_195.9336_16.75",0,0,0,0.00266666666666667
"4310_196.0622_16.07",0,0,0,0.0211619047619048
"5197_196.0622_16.3",0,0,0,0
"5762_196.0622_16.5",0,0,0,0.0151904761904762
"6727_196.0622_16.83",0,0,0,0
"6596_198.0778_16.68",0,0,0,0.0137142857142857
"4110_198.0778_15.84",0,0,0,0.00779220779220779
"5323_198.0778_16.17",0,0,0,0.0278412698412698
"6975_198.0778_16.93",0,0,0,0.00571428571428571
"7268_198.8077_17.18",0,0,0,0
"3949_200.0935_15.73",0,0,0,0
"6111_200.0935_16.53",0,0,0,0.003
"4465_200.0935_15.96",0,0,0,0.00631168831168831
"1955_201.1126_9.34",0,0,0,0.0575873015873016
"6895_205.9657_16.9",0,0,0,0
"6870_206.9653_16.89",0,0,0,0
"1793_209.0789_7.98",0,0,0,0.00355555555555556
"6430_210.0779_16.69",0,0,0,0
"4659_210.0779_16.07",0,0,0,0.00366666666666667
"5822_210.0779_16.51",0,0,0,0.0164571428571429
"6390_211.0732_16.69",0,0,0,0
"4459_211.0732_16.07",0,0,0,0.0064
"4886_212.0936_16.06",0,0,0,0
"6571_213.0888_16.7",0,0,0,0.006
"4251_213.0888_15.82",0,0,0,0
"3557_213.0888_15.51",0,0,0,0
"5662_213.0888_16.45",0,0,0,0
"6978_213.0888_16.92",0,0,0,0.012952380952381
"4486_213.0889_16.06",0,0,0,0
"5160_213.0889_16.25",0,0,0,0
"2065_215.1284_10.63",0,0,0,0
"2336_221.1542_12.95",0,0,0,0
"6665_223.0733_16.75",0,0,0,0
"6080_223.0733_16.53",0,0,0,0.00419047619047619
"5152_223.0733_16.17",0,0,0,0
"5469_223.0733_16.35",0,0,0,0
"7046_225.0612_16.98",0,0,0,0
"4190_225.089_15.85",0,0,0,0.00925714285714286
"3503_225.089_15.51",0,0,0,0.0093982683982684
"6806_225.089_16.89",0,0,0,0
"5642_225.089_16.36",0,0,0,0
"5153_225.089_16.22",0,0,0,0
"5875_226.0843_16.48",0,0,0,0
"6191_227.1046_16.65",0,0,0,0
"3921_227.1046_15.72",0,0,0,0.00642857142857143
"4642_227.1046_16.06",0,0,0,0.00952380952380952
"2098_227.1285_11.2",0,0,0,0.00952380952380952
"2702_233.1544_14.37",0,0,0,0.012952380952381
"2338_236.1052_12.95",0,0,0,0.006
"6148_237.0891_16.67",0,0,0,0.0096952380952381
"5575_237.0891_16.4",0,0,0,0.00722222222222222
"6845_237.0891_16.88",0,0,0,0
"4864_238.0844_16.12",0,0,0,0.00942857142857143
"2651_239.0671_14.2",0,0,0,0.0032
"6429_239.1047_16.7",0,0,0,0.0143492063492063
"5819_239.1048_16.51",0,0,0,0
"4475_239.1048_16.07",0,0,0,0.0114285714285714
"5431_239.1048_16.29",0,0,0,0.00642857142857143
"7078_239.1048_16.98",0,0,0,0
"1903_240.9785_8.97",0,0,0,0
"2326_241.1443_12.89",0,0,0,0
"2083_242.1759_11.11",0,0,0,0.00363636363636364
"1904_242.9743_8.97",0,0,0,0
"2699_243.1963_14.36",0,0,0,0
"2227_248.0799_12.43",0,0,0,0.0100571428571429
"5677_252.1002_16.37",0,0,0,0
"5013_252.1002_16.14",0,0,0,0
"2251_253.1445_12.54",0,0,0,0
"2316_257.1758_12.99",0,0,0,0.00696969696969697
"1738_261.1343_7.58",0,0,0,0
"7081_264.0725_16.99",0,0,0,0
"6524_265.1479_16.91",0,0,0,0
"3898_265.1479_15.71",0,0,0,0.003
"5354_265.1479_16.29",0,0,0,0.0032
"4658_265.1479_16.07",0,0,0,0.0179047619047619
"3086_265.1479_15.11",0,0,0,0.0107428571428571
"2627_265.1479_14.19",0,0,0,0.00369230769230769
"2452_266.1034_13.54",0,0,0,0
"2333_269.1218_12.94",0,0,0,0
"2430_271.1915_13.43",0,0,0,0
"6856_275.0113_16.89",0,0,0,0
"6404_279.1111_16.73",0,0,0,0.00363636363636364
"2516_285.2072_13.79",0,0,0,0
"2469_286.1085_13.61",0,0,0,0
"2420_287.2229_13.28",0,0,0,0.0032
"2339_293.176_12.95",0,0,0,0
"6065_293.1793_16.6",0,0,0,0.00926666666666667
"6932_297.1529_16.92",0,0,0,0
"2837_299.0956_14.73",0,0,0,0.00342857142857143
"2375_301.0579_13.19",0,0,0,0
"2216_305.082_12.24",0,0,0,0
"2456_309.0745_13.56",0,0,0,0.00371428571428572
"4305_309.1741_16.04",0,0,0,0
"3897_309.1741_15.71",0,0,0,0.00355555555555556
"4214_311.1686_15.75",0,0,0,0
"5910_311.1687_16.14",0,0,0,0.0134542124542125
"3675_311.1686_15.57",0,0,0,0.0217142857142857
"2436_313.2386_13.43",0,0,0,0.0147619047619048
"2241_315.1813_12.5",0,0,0,0
"2555_315.254_13.74",0,0,0,0
"6657_325.1842_16.92",0,0,0,0.00333333333333333
"5880_325.1842_16.41",0,0,0,0
"6114_325.1842_16.62",0,0,0,0
"2313_325.2016_12.83",0,0,0,0
"6259_327.18_16.91",0,0,0,0.00942222222222222
"2206_327.2178_12.2",0,0,0,0
"2119_329.2334_11.46",0,0,0,0
"2219_329.2334_12.21",0,0,0,0
"2341_329.2334_12.97",0,0,0,0
"2229_329.2334_12.42",0,0,0,0
"2269_329.2334_12.6",0,0,0,0
"10_336.8588_0.04",0,0,0,0
"7391_336.8588_17.39",0,0,0,0.0032
"7162_336.8589_17.04",0,0,0,0
"6934_337.1845_16.91",0,0,0,0
"6276_339.1998_16.91",0,0,0,0
"4923_339.1998_16.07",0,0,0,0
"2535_339.1998_13.86",0,0,0,0
"7147_340.8543_17.03",0,0,0,0.0245428571428571
"3069_342.171_15.03",0,0,0,0
"2405_343.2126_13.31",0,0,0,0
"2674_345.1092_14.27",0,0,0,0
"5371_353.2004_16.33",0,0,0,0.00952380952380952
"3438_356.1296_15.44",0,0,0,0
"7256_377.0856_17.17",0,0,0,0
"7109_377.0858_17",0,0,0,0
"7113_387.1147_17",0,0,0,0
"3153_387.1562_15.21",0,0,0,0.011784126984127
"2425_389.1719_13.42",0,0,0,0
"4423_398.2335_15.93",0,0,0,0.00342857142857143
"7296_404.1046_17.19",0,0,0,0
"7118_404.1047_17.01",0,0,0,0.003
"6909_410.1617_16.9",0,0,0,0
"2263_415.2339_12.57",0,0,0,0
"7099_426.1255_17",0,0,0,0
"7123_441.0339_17.01",0,0,0,0.0198285714285714
"2300_447.1343_12.78",0,0,0,0
"7093_455.1021_17",0,0,0,0.00369230769230769
"6961_461.1592_16.93",0,0,0,0
"7156_466.8168_17.04",0,0,0,0.00952380952380952
"2242_467.2796_12.5",0,0,0,0.0035
"7175_471.1146_17.06",0,0,0,0
"2250_471.1272_12.53",0,0,0,0
"7168_482.7892_17.05",0,0,0,0
"7150_486.7877_17.03",0,0,0,0
"6543_491.3588_16.87",0,0,0,0.003
"4536_491.3587_15.98",0,0,0,0
"5120_491.3588_16.2",0,0,0,0.0162857142857143
"6027_491.3588_16.58",0,0,0,0
"4020_491.3588_15.76",0,0,0,0
"5514_491.359_16.4",0,0,0,0
"4818_499.3639_16.09",0,0,0,0
"2364_587.3073_13.07",0,0,0,0.00871428571428571
"2392_601.323_13.27",0,0,0,0
"2942_621.3204_14.93",0,0,0,0
"2943_648.3386_14.93",0,0,0,0
"5659_669.458_16.44",0,0,0,0.00714285714285714
"6693_133.0508_16.85",-1.26693979201741,0.912080181998984,-0.10482963565254,0.0340571428571428
"7138_304.9083_17.03",0,-0.372155736591365,-0.31803152611957,0.044
"6899_106.0397_16.89",-1.00100150250438,0,-0.447303065060821,0.0322554112554112
"6723_106.0397_16.65",-1.00100150250438,-0.557258983818637,-0.538617728378097,0.0235238095238095
"4034_83.0236_15.9",-1.00100150250438,-0.277371435197549,-0.585406251914576,0.0250714285714286
"3564_83.0236_15.63",-1.00100150250438,0,-1.00100150250438,0.00576190476190476
"3269_92.024_15.33",0,-1.00100150250438,-1.00100150250438,0.0105714285714286
"4374_93.008_15.91",-1.00100150250438,-1.00100150250438,-1.00100150250438,0.014
"6214_104.0241_16.66",-1.00100150250438,-1.00100150250438,-1.00100150250438,0.0266969696969697
"6517_107.035_16.69",-1.00100150250438,-1.00100150250438,-1.00100150250438,0.00942857142857143
"5520_108.019_16.45",-1.00100150250438,-1.00100150250438,-1.00100150250438,0.00942857142857143
"4188_110.0346_15.96",-1.00100150250438,-1.00100150250438,-1.00100150250438,0.00685714285714286
"6724_118.0398_16.7",-1.00100150250438,-1.00100150250438,-1.00100150250438,0.00962857142857143
"6721_120.0191_16.64",-1.38942503594182,-0.758372514974895,-1.00100150250438,0.0192857142857143
"6990_120.0555_16.94",0,-1.00100150250438,-1.00100150250438,0.00363636363636364
"3738_121.0507_15.64",-1.00100150250438,-1.00100150250438,-1.00100150250438,0.0150857142857143
"5211_122.0347_16.15",0,-1.00100150250438,-1.00100150250438,0.00571428571428571
"3044_130.0399_15.15",0,-1.00100150250438,-1.00100150250438,0.0032
"6031_130.0399_16.69",0,-1.00100150250438,-1.00100150250438,0.044
"5783_131.0351_16.48",0,-1.00100150250438,-1.00100150250438,0.00571428571428571
"2957_131.0352_14.93",0,-1.00100150250438,-1.00100150250438,0.0204285714285714
"3133_132.0555_15.16",-1.00100150250438,-1.00100150250438,-1.00100150250438,0.00333333333333333
"4025_133.0508_15.86",-1.00100150250438,-1.00100150250438,-1.00100150250438,0.00942857142857143
"6559_134.0348_16.67",-1.00100150250438,-1.00100150250438,-1.00100150250438,0.00316483516483516
"5494_135.0665_16.36",0,-1.00100150250438,-1.00100150250438,0.00355555555555556
"1785_137.0233_7.97",-1.00100150250438,-1.00100150250438,-1.00100150250438,0.00419047619047619
"5937_140.0243_16.58",-1.00100150250438,-1.00100150250438,-1.00100150250438,0.0162857142857143
"5267_144.0556_16.35",-1.00100150250438,-1.00100150250438,-1.00100150250438,0.00685714285714286
"5563_145.9225_16.43",0,-1.00100150250438,-1.00100150250438,0.00333333333333333
"6238_147.0665_16.62",-1.00100150250438,-1.00100150250438,-1.00100150250438,0.00366666666666667
"3145_147.0666_15.21",0,-1.00100150250438,-1.00100150250438,0.006
"3139_148.0506_15.19",-1.00100150250438,-1.00100150250438,-1.00100150250438,0.00942857142857143
"3989_157.051_15.89",-1.00100150250438,-1.00100150250438,-1.00100150250438,0.0282857142857143
"5711_158.0462_16.42",-1.00100150250438,-1.00100150250438,-1.00100150250438,0.00985714285714286
"6981_158.0462_16.92",-1.00100150250438,-1.00100150250438,-1.00100150250438,0.00822857142857143
"3380_159.0667_15.43",-1.00100150250438,-1.00100150250438,-1.00100150250438,0.00942857142857143
"3093_159.0667_15.17",0,-1.00100150250438,-1.00100150250438,0.0135714285714286
"4842_170.0463_16.08",-1.00100150250438,-1.00100150250438,-1.00100150250438,0.00942857142857143
"3372_171.0667_15.5",-1.00100150250438,-1.00100150250438,-1.00100150250438,0.0142857142857143
"3972_171.0667_15.81",0,-1.00100150250438,-1.00100150250438,0.00333333333333333
"3676_172.062_15.62",-1.00100150250438,-1.00100150250438,-1.00100150250438,0.0133904761904762
"5551_183.9335_16.41",-1.00100150250438,0,-1.00100150250438,0.00533333333333333
"5429_184.0621_16.34",-1.00100150250438,-1.00100150250438,-1.00100150250438,0.00942857142857143
"5272_210.0779_16.3",-1.00100150250438,-1.00100150250438,-1.00100150250438,0.0035
"4102_223.0733_15.78",0.632708666137081,-1.30206927713678,-1.00100150250438,0.0115064935064935
"3476_223.0733_15.48",0,-1.00100150250438,-1.00100150250438,0.0138857142857143
"7016_223.0733_16.96",-1.00100150250438,-1.00100150250438,-1.00100150250438,0.0101587301587302
"6491_225.089_16.65",-1.00100150250438,-1.00100150250438,-1.00100150250438,0.0229350649350649
"2164_229.1442_11.83",0,-1.00100150250438,-1.00100150250438,0.00779220779220779
"3971_237.0891_15.97",0,-1.00100150250438,-1.00100150250438,0.00853333333333333
"5081_237.0891_16.19",-1.00100150250438,-1.00100150250438,-1.00100150250438,0.0110649350649351
"6729_238.0843_16.74",-1.00100150250438,-1.00100150250438,-1.00100150250438,0.0208571428571429
"5876_238.0844_16.5",0,-1.00100150250438,-1.00100150250438,0.0159428571428571
"4322_238.0844_16.01",-1.00100150250438,-1.00100150250438,-1.00100150250438,0.00642857142857143
"4080_239.1047_15.78",-1.00100150250438,-1.00100150250438,-1.00100150250438,0.0137142857142857
"2877_249.1495_14.84",-1.00100150250438,-1.00100150250438,-1.00100150250438,0.0118649350649351
"4103_252.1002_15.98",-1.00100150250438,-1.00100150250438,-1.00100150250438,0.00942857142857143
"4922_264.1002_16.13",-1.00100150250438,-1.00100150250438,-1.00100150250438,0.00685714285714286
"2722_265.1479_14.4",-1.00100150250438,-1.00100150250438,-1.00100150250438,0.00642857142857143
"2603_277.1445_14.04",-1.00100150250438,-1.00100150250438,-1.00100150250438,0.00942857142857143
"5529_293.1794_16.34",-1.00100150250438,-1.00100150250438,-1.00100150250438,0.00822857142857143
"6906_309.1741_16.91",-1.00100150250438,-1.00100150250438,-1.00100150250438,0.0142571428571429
"3285_311.1686_15.36",-1.00100150250438,-1.00100150250438,-1.00100150250438,0.0205714285714286
"7155_320.8864_17.04",-1.00100150250438,-1.00100150250438,-1.00100150250438,0.00942857142857143
"2610_331.0936_14.06",-1.00100150250438,-1.00100150250438,-1.00100150250438,0.0032
"2337_361.1634_12.95",-1.00100150250438,-1.00100150250438,-1.00100150250438,0.0137142857142857
"2457_377.0619_13.56",0,-1.00100150250438,-1.00100150250438,0.00342857142857143
"2238_387.2866_12.49",-1.00100150250438,-1.00100150250438,-1.00100150250438,0.0233015873015873
"2273_413.2182_12.62",-1.00100150250438,-1.00100150250438,-1.00100150250438,0.0128571428571429
"2168_431.2286_11.88",-1.00100150250438,-1.00100150250438,-1.00100150250438,0.0128571428571429
"2247_514.1329_12.51",-1.00100150250438,-1.00100150250438,-1.00100150250438,0.0118952380952381
"2944_585.3434_14.93",0,-1.00100150250438,-1.00100150250438,0.0235649350649351
"2285_528.1487_12.68",-1.41705050316284,-1.00100150250438,-1.31533410441164,0.0223809523809524
"5731_116.0241_16.39",-1.00100150250438,-1.34406227991274,-1.38062136715865,0.0201428571428571
"3736_191.0567_15.91",-1.00100150250438,-1.41705050316284,-1.40275209380409,0.0358049062049062
"4975_226.0843_16.13",-1.00100150250438,-1.40834895880057,-1.40275209380409,0.0249350649350649
"4888_174.0776_16.06",-1.00100150250438,-1.00100150250438,-1.40834895880057,0.00662857142857143
"7376_190.9278_17.4",-1.34406227991274,-1.34406227991274,-1.40834895880057,0.0176571428571429
"5774_198.0778_16.42",-1.00100150250438,-1.38942503594182,-1.41120774204966,0.033
"5742_211.0732_16.44",-1.34406227991274,-1.37457856297529,-1.41120774204966,0.0688952380952381
"5688_186.0777_16.34",-1.34406227991274,-1.40275209380409,-1.41705050316284,0.0287047619047619
