"row.ID","row.m.z","row.retention.time","p_value","statistic","p_adjusted_BH","mean_change_group1","mean_change_group2","log2_fold_change_of_change","significance","label"
4922,264.100234032208,16.12601,0.00623303496973378,79,1,2.89393378550926e-05,-2.93947002512923e-06,3.29994467745939,"Not Significant","4922"
2631,106.039695845106,14.173291,0.0127630075326412,14,1,-7.58183975270987e-05,0.000183529153884289,-1.27541627520608,"Not Significant","2631"
3044,130.039872940493,15.151573,0.0127630075326412,14,1,-3.98161077606611e-05,0.000318250407289355,-2.99877902622417,"Not Significant","3044"
3114,186.077735804051,15.175608,0.0127630075326412,14,1,-3.31264820100707e-05,6.56546872321917e-05,-0.986978538353314,"Not Significant","3114"
6839,116.024106107155,16.646412,0.0247446720463989,17,1,-0.000456359324382359,0.000965094124392106,-1.08050410066641,"Not Significant","6839"
6971,116.024098856242,16.918753,0.0247446720463989,17,1,-1.50029089597509e-05,0.0001124152736398,-2.90563290127867,"Not Significant","6971"
3705,116.024116235761,15.631828,0.0304861569352634,18,1,-0.000239704846624219,0.000389468106190493,-0.700255833424591,"Not Significant","3705"
4635,128.03410707055,16.046707,0.0304861569352634,72,1,1.19835675993669e-05,-7.9134279813697e-05,-2.72310669562105,"Not Significant","4635"
5723,159.066639700585,16.367802,0.0304861569352634,72,1,0.000959118822179023,-0.000529033374114626,0.8583550506957,"Not Significant","5723"
6829,134.034830119376,16.91507,0.0373364159206629,19,1,-0.000114697295651894,0.00017638140653367,-0.620887867431831,"Not Significant","6829"
4086,134.034811917158,15.9440365,0.0454552948490585,70,1,0.000709684656254516,-0.000342888567978091,1.04944455008979,"Not Significant",NA
3129,145.050899763861,15.152887,0.0454552948490585,20,1,-6.95463835027783e-05,0.000267776709006201,-1.94500921396963,"Not Significant",NA
5288,200.093489995006,16.073454,0.0454552948490585,70,1,0.000223908148349281,-0.000147883163190726,0.598465421939696,"Not Significant",NA
4423,398.233544377516,15.932391,0.0454552948490585,70,1,1.27379977766288e-06,-3.04722590695952e-05,-4.57910653555971,"Not Significant",NA
3978,107.034980577743,15.738287,0.055013832353979,21,1,0.000292836377869105,0.00255774706825568,3.12670255278258,"Not Significant",NA
3123,110.034658847682,15.180128,0.055013832353979,69,1,-2.67287641637052e-05,-0.000189669047464425,2.8270655916523,"Not Significant",NA
1785,137.023276938483,7.9731965,0.055013832353979,21,1,-0.000308033080523337,0.000296299597357934,0.0560190758132708,"Not Significant",NA
3525,157.050958317466,15.612209,0.0661925797221934,22,1,-0.000457106030080283,0.000333708467338426,0.453933078387443,"Not Significant",NA
5767,199.073079714347,16.498537,0.0661925797221934,68,1,2.52244714206276e-05,-8.7418219904647e-05,-1.79303626632214,"Not Significant",NA
4923,339.199795325922,16.074526,0.0661925797221934,68,1,-3.68005807841313e-05,-0.000163938506561023,2.15538472372815,"Not Significant",NA
5371,353.200356389703,16.332447,0.0661925797221934,22,1,-1.5123093526872e-05,1.89659314298824e-05,-0.326828408421804,"Not Significant",NA
2300,447.134285452843,12.784005,0.0661925797221934,68,1,3.34700220572693e-06,-1.17349316791461e-05,-1.8093141135741,"Not Significant",NA
6567,92.0239936879964,16.705269,0.0791793495755705,23,1,-0.00074503798110145,3.50259780932662e-05,4.4107736058333,"Not Significant",NA
4188,110.034644210881,15.957519,0.0791793495755705,67,1,0.00095456060296063,-0.000754108049154417,0.340068969861114,"Not Significant",NA
3130,121.050687516805,15.188335,0.0791793495755705,23,1,-0.000126205204251037,3.64338460917813e-05,1.79236917015713,"Not Significant",NA
6031,130.039874634974,16.691254,0.0791793495755705,23,1,-0.00123645100205264,0.00271168614940404,-1.13298683952638,"Not Significant",NA
64,146.960121399058,0.49927115,0.0791793495755705,67,1,2.43744728391682e-05,-8.44628217743629e-06,1.52921267185585,"Not Significant",NA
3093,159.066680777414,15.169439,0.0791793495755705,23,1,-2.88486136012457e-06,4.80975292791402e-05,-4.05991906634508,"Not Significant",NA
7078,239.10481884633,16.976255,0.0791793495755705,23,1,-1.10285355349216e-05,1.20529190183379e-05,-0.128391868150465,"Not Significant",NA
5677,252.100185442822,16.365358,0.0791793495755705,23,1,-3.28411034235604e-05,0.000203489240824888,-2.63142903030899,"Not Significant",NA
6267,83.0236220138386,16.636652,0.0941663754378798,66,1,0.00158043067724852,-0.00210158885652887,-0.411161101121554,"Not Significant",NA
6240,117.019391421789,16.634377,0.0941663754378798,66,1,0.000286735129533784,-0.000154752718296385,0.88976827094661,"Not Significant",NA
5931,147.030148811658,16.575891,0.0941663754378798,66,1,7.19518390757328e-05,-0.000165436704450666,-1.20114711330439,"Not Significant",NA
6238,147.066527350901,16.619448,0.0941663754378798,24,1,-0.000188367621971012,0.0010977858791428,-2.54298275003719,"Not Significant",NA
6806,225.088969535117,16.891321,0.0941663754378798,24,1,-8.12987634847506e-06,0.000167794829142483,-4.36750710241231,"Not Significant",NA
2227,248.079911505102,12.426986,0.0941663754378798,24,1,-1.40477789213136e-05,3.23776131337208e-05,-1.20480184955435,"Not Significant",NA
4020,491.358842329221,15.756348,0.0941663754378798,66,1,6.36934432136735e-08,-3.56287577213192e-07,-2.45729583984607,"Not Significant",NA
5545,83.0236227411721,16.438583,0.11134688653314,25,1,-0.000252296328687961,0.00247017827958168,-3.29143035308454,"Not Significant",NA
2904,106.039694584803,14.862858,0.11134688653314,25,1,0.000452278055821617,0.00334794661333129,2.88799185946173,"Not Significant",NA
3756,133.050781749153,15.648979,0.11134688653314,25,1,-0.000497085193158527,0.00078594773502328,-0.660944985496838,"Not Significant",NA
3380,159.066650460406,15.432304,0.11134688653314,25,1,-8.84873482551123e-05,6.30172233564842e-05,0.489685810516758,"Not Significant",NA
4058,172.061964813706,15.84602,0.11134688653314,25,1,-0.000545272734633121,0.00119133367380674,-1.12753147974139,"Not Significant",NA
7088,175.061721771399,16.985147,0.11134688653314,25,1,-2.55195520565204e-05,6.50952142698375e-05,-1.35102717284409,"Not Significant",NA
7376,190.92775930287,17.40301,0.11134688653314,65,1,-0.000411260047380257,-0.00267933298758107,2.70375402956876,"Not Significant",NA
4310,196.062163393441,16.071083,0.11134688653314,65,1,8.23050321519976e-05,-0.000302347319038004,-1.87713194102959,"Not Significant",NA
6856,275.011295116485,16.890606,0.11134688653314,25,1,-8.43204582970454e-06,0.000146939348051303,-4.12337518528335,"Not Significant",NA
6394,309.174060353433,16.733154,0.11134688653314,25,1,-5.29047498577101e-05,-7.13086208480058e-06,-2.89142390973595,"Not Significant",NA
5625,109.039395718485,16.426043,0.130911127896291,26,1,-5.26828472133036e-05,0.0001340054413064,-1.34692451095116,"Not Significant",NA
3572,120.055444847964,15.590859,0.130911127896291,26,1,-0.000967340848945017,0.000262512251149842,1.88163258200661,"Not Significant",NA
5826,155.035301993624,16.46503,0.130911127896291,64,1,5.55204839281086e-05,-0.000391767229793272,-2.8188750102133,"Not Significant",NA
6855,157.050961624234,16.878578,0.130911127896291,26,1,-9.26680664544147e-05,0.00032177149984841,-1.7959124256337,"Not Significant",NA
3268,172.061958878157,15.450867,0.130911127896291,64,1,0.000172424505608997,-0.000108741947815246,0.665077889025601,"Not Significant",NA
4225,184.06205078669,15.864591,0.130911127896291,64,1,0.000186823040471694,-0.000234134245150184,-0.325649688143526,"Not Significant",NA
3949,200.093479493439,15.726653,0.130911127896291,26,1,6.01176998138156e-05,0.000171102238113772,1.50898134940165,"Not Significant",NA
6628,252.100177836551,16.844591,0.130911127896291,26,1,-0.000145610199156059,5.47181503265421e-05,1.41198377010996,"Not Significant",NA
6065,293.17926793222,16.600187,0.130911127896291,64,1,4.56368978711743e-05,-0.00050036778354039,-3.45468177425231,"Not Significant",NA
4088,92.0239945779022,15.929466,0.15304188415882,63,1,0.000782857788641975,-0.000255784457636324,1.61382913559288,"Not Significant",NA
6800,122.034727701197,16.859606,0.15304188415882,27,1,-1.33716573895488e-05,0.00019189828651135,-3.84320704287517,"Not Significant",NA
6464,133.922413762241,16.877762,0.15304188415882,63,1,0.000168091169840863,-0.000481679774284779,-1.51881882960193,"Not Significant",NA
4986,136.050472975221,16.13028,0.15304188415882,27,1,-0.000153627653197666,-0.000226152963301594,0.557863984824349,"Not Significant",NA
2962,145.050934804008,14.939954,0.15304188415882,27,1,-1.61659923207217e-05,0.000137159901637966,-3.08492456587088,"Not Significant",NA
6499,158.046179555034,16.673094,0.15304188415882,27,1,-0.000242646297407922,0.00037824268557306,-0.640467097996885,"Not Significant",NA
4424,163.061579241828,16.053415,0.15304188415882,63,1,0.000283795698562341,-0.000107799515144232,1.39652050044521,"Not Significant",NA
4888,174.077628997133,16.060692,0.15304188415882,63,1,0.000129550345966674,1.06937870164156e-05,-3.59854434734967,"Not Significant",NA
5429,184.062060753621,16.340317,0.15304188415882,63,1,0.000350190307542475,-0.000170909755993309,1.03491696257762,"Not Significant",NA
2535,339.199802825916,13.861886,0.15304188415882,63,1,0.000600233283854071,-0.000515479871597926,0.2196124286078,"Not Significant",NA
6559,134.034808762058,16.67,0.177909594986983,62,1,0.00022882457917569,-7.20821365383077e-05,1.6665546681007,"Not Significant",NA
3441,134.034813805364,15.422277,0.177909594986983,62,1,4.00374189841301e-05,-0.000106544297374789,-1.41198292418074,"Not Significant",NA
3392,145.050864359554,15.389235,0.177909594986983,28,1,-0.000326522333692954,0.000407651508203765,-0.320162636461853,"Not Significant",NA
6449,145.922522953784,16.876688,0.177909594986983,62,1,0.00127540606632957,-0.0019451384579367,-0.608914330905205,"Not Significant",NA
3419,147.066537166522,15.441309,0.177909594986983,28,1,-0.00014102182991963,-4.99182520314409e-05,-1.49829785566719,"Not Significant",NA
5075,182.046393620231,16.173647,0.177909594986983,28,1,2.84818648412715e-05,0.00018900267260845,2.73024810158099,"Not Significant",NA
3711,184.06205946877,15.61322,0.177909594986983,28,1,-4.53217192957669e-05,0.00023705658892429,-2.38699491499389,"Not Significant",NA
4190,225.088963709634,15.846042,0.177909594986983,62,1,0.000205469201331755,-7.91575899593765e-06,4.69823994849929,"Not Significant",NA
6845,237.089107188511,16.884235,0.177909594986983,28,1,-9.24918967381701e-06,0.000179387327328292,-4.277771221144,"Not Significant",NA
7175,471.114587294647,17.05871,0.177909594986983,28,1,-9.40265882170013e-05,-9.5713724725913e-06,-3.29640644702829,"Not Significant",NA
4034,83.0236171556156,15.898128,0.205667179617355,61,1,0.00213882489527589,-0.0015026477328316,0.509313172619338,"Not Significant",NA
5696,120.019069793086,16.413633,0.205667179617355,61,1,0.000101335013759813,-0.000150845242992295,-0.573912652721446,"Not Significant",NA
7005,121.05071066762,16.96348,0.205667179617355,29,1,-0.000188122384268209,0.000140120247331075,0.424988117352705,"Not Significant",NA
5760,134.03481641564,16.393234,0.205667179617355,61,1,0.000147865128845245,-0.000262862496553257,-0.830011216844214,"Not Significant",NA
6599,141.019553388237,16.644735,0.205667179617355,29,1,-0.000698330938478739,0.000896041236046873,-0.359657912477376,"Not Significant",NA
3145,147.066554824997,15.206212,0.205667179617355,29,1,-4.31708953966853e-05,4.73340534457958e-05,-0.132883353999704,"Not Significant",NA
4013,155.035304078211,15.991202,0.205667179617355,61,1,0.000482016189489818,-0.000492308709748438,-0.0304757368255234,"Not Significant",NA
6373,159.066629976589,16.640633,0.205667179617355,29,1,0.000412843747058673,0.00116148847701911,1.49230482960168,"Not Significant",NA
4989,161.082283609317,16.070335,0.205667179617355,61,1,-1.53084427453731e-05,-0.000321255323670311,4.39141067917471,"Not Significant",NA
4100,163.061574237935,15.733917,0.205667179617355,29,1,0.000399228991847676,0.000862480911049837,1.11127409314908,"Not Significant",NA
5697,170.04628505153,16.403414,0.205667179617355,61,1,0.00010365399107122,-6.8927767944045e-05,0.588653312673042,"Not Significant",NA
5323,198.077828685839,16.17272,0.205667179617355,29,1,-9.84803991994336e-05,4.25403517717309e-05,1.21095608394315,"Not Significant",NA
4102,223.073275882315,15.779111,0.205667179617355,29,1,1.47986835647047e-05,7.00782096456505e-05,2.24342017469167,"Not Significant",NA
3921,227.104618701704,15.720992,0.205667179617355,29,1,8.86718033556466e-06,0.000106991477998852,3.59272745481859,"Not Significant",NA
2722,265.147919732769,14.402925,0.205667179617355,29,1,3.76279161831682e-05,0.00109572108410599,4.86389637692578,"Not Significant",NA
2273,413.218236178724,12.620068,0.205667179617355,29,1,-3.43633909562413e-07,3.61109950907045e-07,-0.0797598849584064,"Not Significant",NA
6961,461.159150015868,16.93301,0.205667179617355,29,1,-2.1685912308003e-05,1.15177735723959e-05,0.912704490835605,"Not Significant",NA
2942,621.320422337432,14.929166,0.205667179617355,29,1,3.04471808820718e-06,6.82472049232371e-06,1.16419892637142,"Not Significant",NA
2995,83.0236263641424,14.965072,0.236444715572304,30,1,-9.89922413090997e-05,0.000324709312676052,-1.71378041771412,"Not Significant",NA
6899,106.03969761173,16.894886,0.236444715572304,30,1,-0.00808282490927519,-0.00144284455270269,-2.48594454063258,"Not Significant",NA
6517,107.034996313243,16.690554,0.236444715572304,30,1,0.000166711520925077,0.00102124798392498,2.61490027603137,"Not Significant",NA
3931,118.039777000686,15.867932,0.236444715572304,60,1,0.000928506298596542,-0.000320762294094564,1.53341318670675,"Not Significant",NA
3127,131.035167699905,15.150408,0.236444715572304,30,1,-0.000152158568085129,0.000175671003388049,-0.207318196202712,"Not Significant",NA
6693,133.050784440692,16.853416,0.236444715572304,30,1,-0.000349914502742522,0.000122224255980334,1.51745591069135,"Not Significant",NA
6981,158.046194184126,16.924793,0.236444715572304,30,1,-7.28196912798778e-05,5.04683297297422e-05,0.528901885752563,"Not Significant",NA
5551,183.933539532976,16.41138,0.236444715572304,60,1,-5.62257008405862e-05,-0.000372231446865168,2.72692008166384,"Not Significant",NA
6766,191.056681237452,16.884249,0.236444715572304,30,1,-0.000348374720027443,-0.000107135389722694,-1.70121414274915,"Not Significant",NA
2677,221.154237553344,14.297735,0.236444715572304,60,1,3.79449002870378e-06,-7.32403661272088e-05,-4.27026123846874,"Not Significant",NA
6080,223.073282667676,16.533363,0.236444715572304,30,1,-7.02709261708875e-05,6.89550142962442e-05,0.027230994696307,"Not Significant",NA
7016,223.073323564716,16.961811,0.236444715572304,30,1,-3.90469604306317e-05,-1.16248637356931e-05,-1.74808360375544,"Not Significant",NA
6191,227.104597976399,16.651293,0.236444715572304,60,1,5.79866852962966e-05,-7.39825556879637e-06,2.97068452550314,"Not Significant",NA
3898,265.147862300908,15.711845,0.236444715572304,60,1,-8.58748216036824e-05,-0.000134600989305357,0.648387993401428,"Not Significant",NA
2674,345.109192533146,14.266891,0.236444715572304,60,1,4.00635824536266e-07,-1.57493319441625e-05,-5.29316725843488,"Not Significant",NA
4536,491.35874937872,15.980366,0.236444715572304,60,1,5.20391198096692e-07,-1.57311551181944e-07,1.73794183290825,"Not Significant",NA
5358,90.0083416795648,16.3404,0.27034414065478,59,1,-6.04721330496241e-06,-0.000580102905723518,6.58413067173455,"Not Significant",NA
5691,106.039697129953,16.441238,0.27034414065478,59,1,0.0140880276751523,0.000724878567786533,-4.28058461631435,"Not Significant",NA
6988,112.984331756441,16.957169,0.27034414065478,59,1,-0.000400554730186761,-0.00127499811503245,1.67042629915224,"Not Significant",NA
4552,116.024119914648,16.084082,0.27034414065478,59,1,0.000847008990659573,-0.000446131615196142,0.924912831763975,"Not Significant",NA
4121,120.019067684992,15.988564,0.27034414065478,59,1,0.00016133780663395,-1.67730277420431e-06,6.58866692726091,"Not Significant",NA
6133,131.03512557421,16.689613,0.27034414065478,59,1,0.0062568983924339,0.00100348486589142,-2.64042760999657,"Not Significant",NA
5327,131.035127978337,16.24896,0.27034414065478,31,1,-0.00154264516850578,2.56180877387997e-05,5.91204240899764,"Not Significant",NA
5937,140.02429361245,16.57514,0.27034414065478,31,1,-2.43358627467589e-05,0.000242656921836496,-3.31782741656932,"Not Significant",NA
4107,145.050835200516,15.966126,0.27034414065478,59,1,0.000469903887350552,-0.00369049240371954,-2.97337225170125,"Not Significant",NA
5563,145.922533341714,16.4298,0.27034414065478,31,1,-0.000249889214544696,7.13163286395082e-05,1.80895829182617,"Not Significant",NA
5711,158.046190020514,16.41558,0.27034414065478,59,1,0.000142017301445073,-0.000296091537194248,-1.05996152671235,"Not Significant",NA
3966,161.045960855144,15.7255945,0.27034414065478,31,1,1.52311660172286e-05,0.000109516839938965,2.8459728841135,"Not Significant",NA
6731,163.061614107089,16.969725,0.27034414065478,31,1,-6.34262109194597e-05,0.000130187039540878,-1.03746859620038,"Not Significant",NA
4652,172.061970153599,16.064089,0.27034414065478,59,1,0.000428447114409624,-0.000978227478836239,-1.19104801358849,"Not Significant",NA
2164,229.144200021251,11.832916,0.27034414065478,59,1,2.05989262490567e-05,-5.3094524040703e-05,-1.36589673003814,"Not Significant",NA
5819,239.104752685004,16.513298,0.27034414065478,59,1,1.87788662962585e-05,-6.13640624032058e-06,1.6139560151773,"Not Significant",NA
5431,239.104774883214,16.290346,0.27034414065478,31,1,1.41860941599321e-05,5.81149480127737e-05,2.03435499537345,"Not Significant",NA
6698,93.0080087045266,16.673315,0.307434165927395,58,1,-2.19097202042084e-05,-0.000182863114194612,3.06117908806497,"Not Significant",NA
6212,110.034646072653,16.673256,0.307434165927395,32,1,-0.000129662549437143,0.000510215240687889,-1.9763581039467,"Not Significant",NA
5816,118.039784284839,16.452997,0.307434165927395,32,1,-0.000331807206127068,0.000273553945244067,0.278510234254115,"Not Significant",NA
5296,120.055449205088,16.363306,0.307434165927395,58,1,-0.000297679391709908,-0.00145649670034397,2.290675036419,"Not Significant",NA
3918,121.050698236832,15.855703,0.307434165927395,58,1,0.00082542281537749,-0.000389182570359824,1.08469167090925,"Not Significant",NA
6834,147.030135464421,16.756649,0.307434165927395,58,1,1.76671718733537e-05,-0.000122994152132582,-2.79935331613565,"Not Significant",NA
6741,159.066637092358,16.851336,0.307434165927395,32,1,-0.000232460511385727,-2.19281084405934e-06,-6.72871234926405,"Not Significant",NA
1906,161.020915615612,8.974,0.307434165927395,58,1,1.53323242656062e-08,-7.33740351882778e-07,-5.48750004516656,"Not Significant",NA
3972,171.066707252541,15.809698,0.307434165927395,32,1,-7.75569356800543e-05,0.00032556200868912,-2.06962768009154,"Not Significant",NA
4644,186.077730814253,16.058588,0.307434165927395,58,1,-2.04971505590054e-05,-0.000218000617279703,3.41090071862875,"Not Significant",NA
2457,377.061924287292,13.559451,0.307434165927395,58,1,-1.8082534536226e-07,-9.27084857229989e-07,2.36454801894012,"Not Significant",NA
7296,404.104550495925,17.192566,0.307434165927395,58,1,3.65210848995565e-06,-1.6726348232279e-05,-2.19483974441608,"Not Significant",NA
3589,106.039694353573,15.629949,0.347745598910698,33,1,-0.00668396528218671,0.0156979694336902,-1.23180211831495,"Not Significant",NA
4616,108.018975895013,16.0746,0.347745598910698,57,1,8.20979632422643e-05,-7.37924150025444e-05,0.153911022684127,"Not Significant",NA
4133,109.03938577152,15.837658,0.347745598910698,57,1,-8.26967580879405e-05,-0.000636832024424839,2.94502538841769,"Not Significant",NA
3731,110.034648575623,15.630476,0.347745598910698,33,1,0.000293163950271051,0.00090447011771377,1.62536180386388,"Not Significant",NA
3410,121.050692909369,15.435498,0.347745598910698,33,1,-0.000121325511524687,9.85727389224268e-05,0.299595797733294,"Not Significant",NA
3443,132.055539690711,15.423544,0.347745598910698,57,1,-4.77970984397619e-05,-0.000336035968682086,2.81364660946043,"Not Significant",NA
3133,132.055545951462,15.161526,0.347745598910698,33,1,-7.00573271588979e-05,3.36688916471996e-05,1.05705627554206,"Not Significant",NA
5710,145.050839995032,16.378792,0.347745598910698,57,1,0.00343242104644631,-0.000930973807712911,1.8824160211706,"Not Significant",NA
4872,145.050839493421,16.141773,0.347745598910698,33,1,-0.00333566269175731,-2.37219437383197e-05,-7.13566775681279,"Not Significant",NA
6905,145.050852395924,16.885967,0.347745598910698,33,1,-0.000388797745579943,4.24612525610328e-05,3.19476333165736,"Not Significant",NA
3753,147.066530150242,15.649183,0.347745598910698,33,1,8.25078374528356e-05,0.000137479181398922,0.736603101784313,"Not Significant",NA
3673,159.066642979146,15.616761,0.347745598910698,33,1,-2.42100975076646e-05,5.94662210237957e-05,-1.29654536035184,"Not Significant",NA
5705,163.061581490475,16.406225,0.347745598910698,57,1,7.60021338535837e-05,-6.41455496273907e-06,3.56686275313495,"Not Significant",NA
6111,200.093489526539,16.528002,0.347745598910698,57,1,-2.52073189059186e-05,-6.21753811269504e-05,1.30253479767853,"Not Significant",NA
5822,210.077934185293,16.51169,0.347745598910698,57,1,5.64356796677267e-05,-3.72544374833803e-05,0.599259559132893,"Not Significant",NA
4486,213.088853300061,16.063475,0.347745598910698,33,1,-0.000272895226408302,3.46498579691967e-05,2.97737889237468,"Not Significant",NA
6665,223.073274846157,16.750742,0.347745598910698,33,1,-3.47930833391398e-05,2.41198872043271e-05,0.528476096859061,"Not Significant",NA
3476,223.073278877416,15.479487,0.347745598910698,33,1,-6.99460960884292e-06,1.63124173225454e-06,2.09918253158207,"Not Significant",NA
6148,237.089088532967,16.670664,0.347745598910698,33,1,-0.000141553799979203,-3.72725156614653e-05,-1.92519489353681,"Not Significant",NA
4080,239.104743753949,15.775008,0.347745598910698,33,1,-1.55625830046289e-06,2.33036741490331e-05,-3.90539322984995,"Not Significant",NA
89,242.943269112861,0.5406019,0.347745598910698,33,1,1.92723429366283e-05,7.5163435071165e-07,-4.67851388028786,"Not Significant",NA
7081,264.072523973459,16.988997,0.347745598910698,57,1,-1.3929387510842e-05,-3.51521247875188e-05,1.33554260745932,"Not Significant",NA
4597,84.0076321845089,16.031567,0.391267279282639,34,1,-0.00048861426670087,5.77825567240392e-05,3.07996212254276,"Not Significant",NA
3269,92.0239925169818,15.331539,0.391267279282639,34,1,2.82588903597808e-06,0.000195280952709586,6.11019956211948,"Not Significant",NA
2990,106.039689846517,15.080238,0.391267279282639,34,1,-0.000272804267239662,0.000136783840166068,0.995952577454985,"Not Significant",NA
4286,117.019415441447,16.002735,0.391267279282639,56,1,0.000368545728170981,-9.76109934673575e-05,1.91674678484602,"Not Significant",NA
7303,117.92740967243,17.192142,0.391267279282639,34,1,-0.000147536628009979,-4.92457483056964e-05,-1.58302160734587,"Not Significant",NA
6721,120.019058502361,16.641325,0.391267279282639,56,1,0.000322621047003586,7.74662346195876e-05,-2.05818688601337,"Not Significant",NA
4836,121.050702579661,16.06177,0.391267279282639,34,1,-0.000161258583342812,0.000190499043609295,-0.240424321281457,"Not Significant",NA
3411,130.039875891698,15.505602,0.391267279282639,56,1,0.000111287993747345,-0.000202401517883644,-0.862902061309396,"Not Significant",NA
3805,130.03987619652,15.683663,0.391267279282639,34,1,-0.00078040371954304,0.000348608281439662,1.16260782488985,"Not Significant",NA
5838,130.03987983269,16.453112,0.391267279282639,56,1,0.000803793337667237,-0.00100702926729643,-0.325205860907944,"Not Significant",NA
6927,131.035131857443,16.888378,0.391267279282639,34,1,-0.000153524007967317,0.00032695844206398,-1.09065680304124,"Not Significant",NA
2957,131.035210637125,14.927102,0.391267279282639,34,1,2.44770120945461e-05,7.67262203441218e-05,1.64825209142016,"Not Significant",NA
3823,132.055533028693,15.680155,0.391267279282639,34,1,-0.000593040885064205,-0.00028613520866112,-1.05143714809268,"Not Significant",NA
4777,135.066445989628,16.08089,0.391267279282639,34,1,0.00026477220984534,0.000536601933275346,1.01909778547998,"Not Significant",NA
5076,143.035252854236,16.245892,0.391267279282639,56,1,0.000177377239164252,-9.26409417971559e-05,0.937122778031502,"Not Significant",NA
5061,158.046190751484,16.10224,0.391267279282639,56,1,8.7569185406247e-05,-0.000575046125196229,-2.71516350110985,"Not Significant",NA
6172,163.061572647912,16.658892,0.391267279282639,34,1,0.000214693454807519,0.000546408942520298,1.34769880594495,"Not Significant",NA
4927,183.066799014016,16.12371,0.391267279282639,34,1,-4.65766082153241e-05,8.10705083758392e-06,2.52214756930057,"Not Significant",NA
6749,184.062056013042,16.851671,0.391267279282639,34,1,-9.14399694185275e-05,-8.22393841809707e-05,-0.152997224705478,"Not Significant",NA
6945,194.973027464076,16.935946,0.391267279282639,34,1,-3.37077853675683e-05,0.000103408102545202,-1.6172522354295,"Not Significant",NA
1955,201.112613836627,9.338725,0.391267279282639,56,1,-0.000245712118148832,-0.000576452065734286,1.23023500486985,"Not Significant",NA
5272,210.077943096305,16.300665,0.391267279282639,34,1,-3.91249269024134e-05,2.99745768905605e-05,0.384263663025828,"Not Significant",NA
4886,212.093606597874,16.063034,0.391267279282639,56,1,2.03222662891153e-05,-6.85164583651552e-05,-1.75329723771515,"Not Significant",NA
6571,213.088841487812,16.701727,0.391267279282639,56,1,0.000504271516531356,0.000231759778683433,-1.121567161814,"Not Significant",NA
2702,233.154365835713,14.367309,0.391267279282639,56,1,8.9260526142544e-06,-4.40710763432646e-05,-2.30354356179752,"Not Significant",NA
2420,287.2228617455,13.282007,0.391267279282639,56,1,-4.0093189926315e-06,-4.78374606428277e-05,3.57704141866177,"Not Significant",NA
3897,309.174107049747,15.71132,0.391267279282639,56,1,-2.31241460350849e-05,-9.58654378749567e-05,2.05165803049288,"Not Significant",NA
6939,311.168660905064,16.913023,0.391267279282639,56,1,0.000118091725782201,-0.000365391434333613,-1.62951876466073,"Not Significant",NA
6276,339.199793222385,16.910164,0.391267279282639,34,1,-0.00151635435148814,0.000155825236209702,3.28259591660947,"Not Significant",NA
5047,93.0080121224381,16.164326,0.437942822899974,55,1,-6.23816761591587e-07,-3.93575031352706e-05,5.98165045969468,"Not Significant",NA
6788,117.019397510935,16.850025,0.437942822899974,55,1,-2.83119736110016e-05,-9.12673794085893e-05,1.68872213572464,"Not Significant",NA
4794,120.0554488254,16.171179,0.437942822899974,35,1,0.00036716800334474,0.000951777884719193,1.37418217796096,"Not Significant",NA
3562,131.035127264134,15.622899,0.437942822899974,55,1,-0.000335000502621089,-0.000493979156346603,0.560288293842438,"Not Significant",NA
4025,133.050780924886,15.8609705,0.437942822899974,55,1,0.000458612870719596,-0.000199204458786241,1.20303729245343,"Not Significant",NA
5566,141.019561651577,16.40191,0.437942822899974,35,1,-0.000348975626145871,0.000126171845226113,1.46772069369882,"Not Significant",NA
6507,143.035240639599,16.671503,0.437942822899974,35,1,7.84765074976873e-06,0.000191795818329209,4.61099031411636,"Not Significant",NA
4461,144.055635269225,16.06704,0.437942822899974,55,1,0.000156526459605403,-4.62297649839959e-05,1.75955304513916,"Not Significant",NA
5287,147.066534457067,16.321135,0.437942822899974,55,1,0.000722468555227077,-0.000114526102743835,2.65727293677256,"Not Significant",NA
3989,157.050958004373,15.889269,0.437942822899974,35,1,0.000147293806710364,0.000694135236715437,2.23651228040342,"Not Significant",NA
3676,172.061964493982,15.622847,0.437942822899974,55,1,-5.74740587070145e-05,-8.66105283676563e-05,0.591639920901585,"Not Significant",NA
4654,184.062058601766,16.079058,0.437942822899974,35,1,-0.000157217874869052,0.000145922413271619,0.107544696678304,"Not Significant",NA
4705,188.093381041375,16.041992,0.437942822899974,35,1,2.31741348710794e-05,7.5169448005291e-05,1.69758786727093,"Not Significant",NA
4804,191.056692433115,16.159355,0.437942822899974,35,1,-1.61325788407351e-05,0.000266652517473899,-4.04700680805696,"Not Significant",NA
2391,195.138378506378,13.268635,0.437942822899974,55,1,3.92035445722362e-06,-1.03732881430856e-05,-1.40331022978545,"Not Significant",NA
5662,213.088849783668,16.445988,0.437942822899974,55,1,-8.4337905115189e-06,-0.000168136497350867,4.31747041803353,"Not Significant",NA
4475,239.104773479129,16.0653,0.437942822899974,55,1,8.06883616080775e-05,-1.88000717684578e-05,2.10171704715375,"Not Significant",NA
1904,242.974313910066,8.968483,0.437942822899974,35,1,-2.32609932535678e-07,7.20750854192374e-08,1.66424560873396,"Not Significant",NA
5013,252.100193876867,16.138992,0.437942822899974,35,1,-9.39267053828703e-05,4.43963759773119e-05,1.08104563421874,"Not Significant",NA
5354,265.147878356012,16.293533,0.437942822899974,35,1,-4.34546818209158e-05,3.82550698941294e-05,0.183789750473186,"Not Significant",NA
2627,265.147913474722,14.185622,0.437942822899974,55,1,3.75956450807501e-05,-0.000184449424801238,-2.29454163386375,"Not Significant",NA
2555,315.253985611679,13.739528,0.437942822899974,55,1,-4.26472602740158e-05,-0.000144141178836382,1.7569814007047,"Not Significant",NA
2313,325.20157955852,12.826956,0.437942822899974,35,1,-1.12618204724745e-05,-3.57684951299588e-07,-4.98051778781994,"Not Significant",NA
2405,343.212606960256,13.314944,0.437942822899974,55,1,-1.63470364598809e-06,-2.60556341862443e-05,3.99532179180374,"Not Significant",NA
7256,377.085643302424,17.170242,0.437942822899974,35,1,-1.39577689830514e-05,6.1936848867153e-06,1.17186219186665,"Not Significant",NA
6809,393.171842973313,16.92453,0.437942822899974,35,1,-0.000120854311389948,-7.28967548745614e-05,-0.729350297648262,"Not Significant",NA
90,394.890578077612,0.5539402,0.437942822899974,55,1,-5.67302693476868e-06,-1.34058999271448e-05,1.24082416043831,"Not Significant",NA
2263,415.233914629914,12.567797,0.437942822899974,55,1,1.01211742483333e-05,-4.46104776732292e-05,-2.13983104090507,"Not Significant",NA
121,462.878392346485,0.55414855,0.437942822899974,55,1,-5.4098438558103e-07,-4.38215167300769e-06,3.02032056541029,"Not Significant",NA
132,530.865463245887,0.55501366,0.437942822899974,55,1,-9.75098799414583e-07,-3.1121145847796e-06,1.67529151911133,"Not Significant",NA
6205,66.0083072915818,16.726099,0.487668353458931,54,1,4.63297326509804e-05,-0.000130319597447449,-1.49200158034888,"Not Significant",NA
4014,106.039694832597,15.965446,0.487668353458931,54,1,-0.0041419304435408,-0.0278695150259722,2.75031296267227,"Not Significant",NA
3382,122.034727495528,15.429183,0.487668353458931,36,1,-2.51111048794091e-06,2.49352554313962e-05,-3.3124220641886,"Not Significant",NA
5891,132.055529766251,16.623154,0.487668353458931,54,1,2.30962048076919e-05,-0.000833937656153507,-5.17414762981876,"Not Significant",NA
6624,132.055543116573,16.85475,0.487668353458931,54,1,0.000203453253506618,-0.000263229588804449,-0.371611743848738,"Not Significant",NA
5591,132.055534044673,16.402758,0.487668353458931,36,1,-0.000154805062187126,-2.59682423682919e-05,-2.57567861147595,"Not Significant",NA
3977,135.066441245301,15.844443,0.487668353458931,54,1,-0.000109124601311508,-0.000341045449063299,1.64399661880705,"Not Significant",NA
4189,161.082274485416,15.845567,0.487668353458931,54,1,4.0335370758004e-05,1.18760878292059e-05,-1.76390014237981,"Not Significant",NA
5319,169.051064304807,16.285364,0.487668353458931,54,1,3.42451427084968e-05,-2.32429124962841e-05,0.559212712234684,"Not Significant",NA
4842,170.046297448036,16.079144,0.487668353458931,54,1,0.000167130427555277,-7.6199696818349e-06,4.45524332012257,"Not Significant",NA
5688,186.077730868507,16.335072,0.487668353458931,54,1,0.000484983378483472,9.04523021167342e-05,-2.42269320193604,"Not Significant",NA
4903,186.112763822176,16.047865,0.487668353458931,54,1,-1.99800436666953e-05,-4.39057793061091e-05,1.13589046700732,"Not Significant",NA
1601,186.112826351229,6.253941,0.487668353458931,54,1,-5.85302442799999e-05,-0.000310842208207512,2.40894821839335,"Not Significant",NA
3503,225.088957185711,15.505306,0.487668353458931,36,1,1.25250142767613e-05,2.58325468518265e-05,1.04431830543047,"Not Significant",NA
4472,225.088977089114,16.07421,0.487668353458931,54,1,4.34753711037828e-05,-2.67612454713219e-05,0.700140176313713,"Not Significant",NA
4975,226.084263940647,16.128382,0.487668353458931,54,1,1.89004972937138e-05,3.30565082993243e-05,0.806477463036241,"Not Significant",NA
4864,238.084368472188,16.119438,0.487668353458931,54,1,4.05911252971407e-05,1.32208768325467e-05,-1.6182728972003,"Not Significant",NA
2390,239.128658074006,13.268183,0.487668353458931,54,1,1.28997098515872e-05,-3.1863024103092e-05,-1.30438746904444,"Not Significant",NA
4103,252.100184384542,15.979933,0.487668353458931,54,1,-1.7900022305809e-05,-1.53965887594554e-06,-3.54013546207353,"Not Significant",NA
2456,309.074485847104,13.559451,0.487668353458931,54,1,2.06192452218408e-07,1.50930397651129e-08,-3.68646268509648,"Not Significant",NA
5880,325.184187097682,16.405966,0.487668353458931,36,1,-0.00359199392750197,-7.38985975129265e-05,-5.60311323761384,"Not Significant",NA
2250,471.127173969487,12.529706,0.487668353458931,54,1,2.43858842327057e-07,-8.66285186913187e-08,1.51578702223858,"Not Significant",NA
3564,83.0236203032718,15.6313,0.54029137460742,37,1,0.00101687287623055,0.00327088783743084,1.68554197809507,"Not Significant",NA
5776,107.034998993128,16.478008,0.54029137460742,53,1,0.000476532783353041,0.000297877824779446,-0.677852925270102,"Not Significant",NA
6724,118.039770228335,16.699055,0.54029137460742,37,1,0.000100911429738776,0.000918019071105326,3.18542180909538,"Not Significant",NA
4862,134.034813372648,16.166395,0.54029137460742,37,1,-0.000542102078798078,-0.000137632070491242,-1.97775567981653,"Not Significant",NA
5044,141.019560259491,16.290783,0.54029137460742,53,1,0.000234938653140323,-7.21325748686852e-05,1.70358740409765,"Not Significant",NA
5213,147.030173620664,16.249598,0.54029137460742,53,1,-6.81742343548265e-05,-8.6559024026343e-05,0.344462134543714,"Not Significant",NA
4224,147.066531551747,15.898864,0.54029137460742,37,1,-0.000509509468220848,1.3585345365686e-05,5.22887678645106,"Not Significant",NA
4046,148.050554855643,15.768782,0.54029137460742,37,1,0.000138342364280343,0.000453363948216384,1.71241940792503,"Not Significant",NA
3117,157.050961912032,15.149982,0.54029137460742,37,1,-6.12106671559529e-05,4.37585158184997e-05,0.484162747746548,"Not Significant",NA
6269,169.051054768353,16.723581,0.54029137460742,53,1,6.81491347153533e-05,-2.67501564022143e-05,1.34922311543394,"Not Significant",NA
5922,169.051055512303,16.516685,0.54029137460742,37,1,-8.94295181288e-05,5.27513687283509e-05,0.76149909383391,"Not Significant",NA
6338,182.046371118536,16.745245,0.54029137460742,53,1,8.20398847218641e-05,-1.50811819806439e-05,2.44368921131479,"Not Significant",NA
6341,184.062043231656,16.665089,0.54029137460742,53,1,0.000318278567176654,-3.69200079980484e-06,6.43013868178352,"Not Significant",NA
3696,186.077729481965,15.597478,0.54029137460742,37,1,-0.000317553725652188,-9.35011548652039e-05,-1.76395549354814,"Not Significant",NA
3322,186.077732384512,15.385044,0.54029137460742,53,1,-0.000109352952544828,-6.90578821193203e-05,-0.663121876925269,"Not Significant",NA
3736,191.056686072152,15.913582,0.54029137460742,53,1,-0.000345808722320705,-0.000616076958026815,0.833138149961015,"Not Significant",NA
5774,198.077826734451,16.419561,0.54029137460742,53,1,0.000224612243852697,0.000116407710713674,-0.948243978464024,"Not Significant",NA
6975,198.077845583929,16.93379,0.54029137460742,37,1,-5.05930043329527e-05,1.15197067497812e-05,2.13468017324034,"Not Significant",NA
4459,211.073201359281,16.070013,0.54029137460742,53,1,-2.70811713820183e-05,-0.000229735611865831,3.0846594554103,"Not Significant",NA
5575,237.089093405743,16.399765,0.54029137460742,37,1,4.77655545141629e-06,9.62958374988719e-05,4.33314389577923,"Not Significant",NA
1903,240.978510192498,8.968483,0.54029137460742,37,1,-2.73146151374261e-08,1.12092346240753e-07,-2.10356509518878,"Not Significant",NA
2699,243.196342087588,14.356658,0.54029137460742,53,1,-1.42586069985483e-05,-2.68394666502819e-05,0.912570389373587,"Not Significant",NA
2251,253.14446552315,12.53767,0.54029137460742,53,1,-4.5458012927932e-06,-5.95026332929649e-05,3.7106401467042,"Not Significant",NA
2469,286.108545738452,13.613194,0.54029137460742,53,1,-1.61344639445976e-06,-7.60972856087831e-06,2.23840419647428,"Not Significant",NA
6932,297.152861830757,16.916264,0.54029137460742,53,1,-0.000193433009536404,-0.000293204581339067,0.600076170612261,"Not Significant",NA
5910,311.168650582371,16.138933,0.54029137460742,37,1,-0.0058337635325093,-0.0034129093549362,-0.773424986481509,"Not Significant",NA
2206,327.217766552258,12.1997595,0.54029137460742,37,1,-1.46880563052742e-05,2.31241974105908e-05,-0.654920412752828,"Not Significant",NA
3407,83.0236221481593,15.403147,0.59561089947573,52,1,0.000333597433216833,-0.000643720801443469,-0.948320335208172,"Not Significant",NA
5112,83.023623152688,16.195824,0.59561089947573,38,1,-0.000269699621979072,0.00248240996266663,-3.20232191785509,"Not Significant",NA
6270,90.0083371918715,16.609215,0.59561089947573,38,1,0.000279513410679168,0.00128530012455149,2.20111182847151,"Not Significant",NA
7069,107.035010450969,16.97614,0.59561089947573,38,1,-0.000109211001200857,0.000150010430200257,-0.457967450817883,"Not Significant",NA
5731,116.024120107848,16.385376,0.59561089947573,38,1,0.000131790241846804,0.000119783476017275,-0.137813551610064,"Not Significant",NA
3666,120.019055859833,15.670955,0.59561089947573,52,1,0.000118739841800704,0.000135125383474774,0.186493142800218,"Not Significant",NA
4033,120.055443408487,15.923004,0.59561089947573,52,1,0.00106751097839934,0.000134507133063637,-2.98848694480885,"Not Significant",NA
6685,130.039878719381,16.842545,0.59561089947573,38,1,-0.000205192289481249,-0.000191197971767465,-0.101909815114835,"Not Significant",NA
5494,135.066452014121,16.35758,0.59561089947573,52,1,0.000235373847851219,0.000111627200431944,-1.07625862359546,"Not Significant",NA
6710,140.024296114132,16.892284,0.59561089947573,52,1,0.00070479872220507,0.000221315756391848,-1.67110067064756,"Not Significant",NA
7167,146.937576208944,17.04493,0.59561089947573,52,1,-0.000295566662787831,-0.000596878313710174,1.01395574569826,"Not Significant",NA
6994,172.061969393004,16.935555,0.59561089947573,52,1,-1.73409004865014e-05,-6.13905744062613e-05,1.82389804917196,"Not Significant",NA
7164,190.927784517993,17.043293,0.59561089947573,52,1,-0.000573590945376207,-0.00117345821025816,1.03267359545089,"Not Significant",NA
4251,213.088840227537,15.821843,0.59561089947573,38,1,0.000132772857072935,0.000366760471307479,1.46587097954583,"Not Significant",NA
6429,239.10472912482,16.699879,0.59561089947573,52,1,5.10541042647222e-05,3.93805450018964e-06,-3.6961339194939,"Not Significant",NA
2316,257.175804787006,12.9868765,0.59561089947573,52,1,4.3339340582222e-05,-9.01148256780522e-06,2.26603421205343,"Not Significant",NA
2837,299.095561489451,14.728737,0.59561089947573,52,1,-1.05384056240726e-05,-3.06809694399449e-05,1.54177733573708,"Not Significant",NA
2610,331.093643261452,14.059382,0.59561089947573,52,1,-3.74966236522906e-06,-1.41760863420468e-05,1.91890972697493,"Not Significant",NA
2312,331.249105110585,12.812348,0.59561089947573,38,1,-1.56208058735896e-05,-3.57161884436556e-06,-2.1291304806943,"Not Significant",NA
3069,342.170998499423,15.032263,0.59561089947573,52,1,-1.08592302218373e-05,-2.97438012155486e-05,1.45375155060329,"Not Significant",NA
2425,389.171920200434,13.417699,0.59561089947573,52,1,-3.22638007856661e-06,-8.94271023141153e-06,1.47108161645569,"Not Significant",NA
7099,426.125524690466,16.998207,0.59561089947573,52,1,-5.80129553866642e-06,-1.36252812487707e-05,1.23198180635678,"Not Significant",NA
6723,106.039693697103,16.65259,0.653378910693694,51,1,0.00720505564774549,-0.00224494484834843,1.68233041321929,"Not Significant",NA
2738,106.039698029894,14.479559,0.653378910693694,51,1,-0.000155283989817756,-2.15954774858179e-06,-6.16869498427511,"Not Significant",NA
5318,118.039790167728,16.285599,0.653378910693694,51,1,1.96595213174886e-05,-0.0003640610075477,-4.21080278587714,"Not Significant",NA
6554,124.01397729965,16.776573,0.653378910693694,39,1,-4.08183702967508e-05,-8.32077521151707e-06,-2.29456678373622,"Not Significant",NA
6179,133.050777027647,16.641531,0.653378910693694,39,1,0.000697577585333244,0.00112521574254839,0.689775267130494,"Not Significant",NA
6317,145.050835404205,16.67332,0.653378910693694,39,1,0.00105328286942831,0.00193673632388736,0.878733989148621,"Not Significant",NA
6106,145.922523793737,16.627743,0.653378910693694,51,1,0.000238416785558992,-0.000351635714399935,-0.56058564215847,"Not Significant",NA
6686,157.050954866144,16.686121,0.653378910693694,51,1,0.00111521811037923,-0.000161842323761445,2.7846752580145,"Not Significant",NA
3255,163.061580007217,15.303174,0.653378910693694,51,1,-5.52056280494616e-05,-8.24213829381014e-05,0.578211947008354,"Not Significant",NA
3372,171.06671292287,15.502273,0.653378910693694,51,1,-1.35908679711346e-05,-2.51142170064425e-05,0.885915409833381,"Not Significant",NA
5669,171.066715688952,16.432941,0.653378910693694,51,1,-9.37259317241676e-05,-0.000439510177586006,2.22938851657218,"Not Significant",NA
4504,171.066715434742,16.072403,0.653378910693694,51,1,0.000409494961544771,0.000151567263939426,-1.43388151705327,"Not Significant",NA
7047,179.055315376878,16.977894,0.653378910693694,51,1,-4.88990718677018e-05,-0.000116221402091163,1.24901386757147,"Not Significant",NA
6948,186.077739505834,16.90869,0.653378910693694,51,1,-4.62863127392188e-05,-3.85214748036803e-05,-0.264928983985633,"Not Significant",NA
6498,195.933618090951,16.75006,0.653378910693694,51,1,4.73198290821058e-05,-0.000186424117175135,-1.97803351507945,"Not Significant",NA
6430,210.077922933136,16.68647,0.653378910693694,39,1,-3.7251000436846e-06,4.58814906813424e-05,-3.62297997373742,"Not Significant",NA
5742,211.07319496125,16.439201,0.653378910693694,51,1,2.14798300515145e-05,-8.71533154624394e-06,1.30158783398668,"Not Significant",NA
2065,215.128386843288,10.627636,0.653378910693694,39,1,-9.09692468881537e-05,-9.62799396763764e-05,0.0818572032016395,"Not Significant",NA
2098,227.128513783384,11.202834,0.653378910693694,51,1,-3.60238327320206e-05,-3.47628158867118e-05,-0.0514081875144229,"Not Significant",NA
6137,252.100158670043,16.645685,0.653378910693694,51,1,4.44959729432656e-05,-3.57950958390069e-05,0.313985557624587,"Not Significant",NA
4658,265.147891747623,16.07208,0.653378910693694,51,1,-0.000159894317624425,-0.00020364936677303,0.348970598268809,"Not Significant",NA
2339,293.175968265563,12.948267,0.653378910693694,51,1,-6.9352165901537e-05,-0.000207274320685733,1.57954238918389,"Not Significant",NA
6114,325.184189802769,16.618431,0.653378910693694,51,1,-0.000300381370355611,-0.000591416513500839,0.977381550650799,"Not Significant",NA
7162,336.858881116837,17.04177,0.653378910693694,51,1,-0.000299414035307105,-0.000484270745535952,0.693673842011291,"Not Significant",NA
7146,338.859125547296,17.031294,0.653378910693694,51,1,-8.90767599837617e-05,-0.000141005131209415,0.662632639616918,"Not Significant",NA
1480,352.853660193092,3.5539572,0.653378910693694,39,1,-0.0009803531995042,-0.00113191800627212,0.207396134246043,"Not Significant",NA
5514,491.358961747302,16.403982,0.653378910693694,51,1,3.59079425926246e-08,-1.8156787642692e-07,-2.29053803290691,"Not Significant",NA
4818,499.363883626206,16.085169,0.653378910693694,51,1,-9.30582502500616e-06,-1.04592203224173e-05,0.168586442629074,"Not Significant",NA
2944,585.343382517854,14.926218,0.653378910693694,39,1,5.70347031942174e-05,0.000116573315070872,1.03131274816434,"Not Significant",NA
6441,99.9243857264828,16.872686,0.713303173878458,50,1,6.24834526923051e-05,-0.000554544613580233,-3.14973175963349,"Not Significant",NA
3267,107.034987400118,15.282515,0.713303173878458,50,1,0.000281823964731225,0.000290004981233764,0.0412832407431527,"Not Significant",NA
4929,107.034989531831,16.056097,0.713303173878458,50,1,6.97047133649561e-05,-0.000709083060000215,-3.34660378078835,"Not Significant",NA
5283,107.034999540565,16.291113,0.713303173878458,50,1,0.000291260301957374,-0.000190524155165624,0.61234768665137,"Not Significant",NA
5520,108.018976070027,16.447096,0.713303173878458,50,1,-8.16728422095292e-05,-0.000106610157236648,0.384420689336226,"Not Significant",NA
4275,132.055531788078,15.863217,0.713303173878458,40,1,0.000307202795024678,0.00092891876011775,1.5963579438926,"Not Significant",NA
6884,141.019557381387,16.891972,0.713303173878458,40,1,0.000713181946493831,-0.000134935010385794,2.40201817762647,"Not Significant",NA
4024,144.055638501622,15.755612,0.713303173878458,40,1,9.66721570141931e-05,0.000200090200454272,1.04947046125133,"Not Significant",NA
3598,163.061581262293,15.516209,0.713303173878458,50,1,-6.39007092392508e-05,-0.000106386217003597,0.735416420189712,"Not Significant",NA
5728,191.056693097939,16.390966,0.713303173878458,50,1,-2.18032946691143e-05,-0.000368369214160515,4.07859668892816,"Not Significant",NA
5762,196.06216620668,16.497673,0.713303173878458,50,1,3.63472760547267e-05,-2.69846383354338e-05,0.42980205385992,"Not Significant",NA
1793,209.078935864069,7.9760857,0.713303173878458,50,1,-4.37634916674112e-06,-1.88836834330974e-05,2.10959374351199,"Not Significant",NA
4659,210.077937061296,16.06532,0.713303173878458,50,1,4.86665520394564e-05,4.36834033269207e-06,-3.47747282103007,"Not Significant",NA
5876,238.084360763145,16.495638,0.713303173878458,50,1,8.40321777963467e-06,5.89643895518905e-06,-0.511024967144692,"Not Significant",NA
2326,241.144323316892,12.893961,0.713303173878458,50,1,1.10102805123081e-05,-3.74178835066101e-06,1.55756800369254,"Not Significant",NA
2258,243.160012389669,12.556413,0.713303173878458,50,1,-2.6125669997017e-05,-5.24432928812022e-05,1.00531795103383,"Not Significant",NA
2452,266.103438525446,13.537824,0.713303173878458,50,1,-5.08035623028949e-06,-1.55676055983588e-05,1.61573682639482,"Not Significant",NA
4305,309.174141485331,16.038387,0.713303173878458,40,1,-0.000345018778995275,-6.09718046996665e-05,-2.50048021475276,"Not Significant",NA
2436,313.238558129164,13.42539,0.713303173878458,50,1,-5.95848379265278e-06,-3.14076673666782e-05,2.39829583676175,"Not Significant",NA
7391,336.858824795096,17.394886,0.713303173878458,50,1,-0.000342550503780791,-0.000373076700123348,0.123155899633959,"Not Significant",NA
7147,340.854293550586,17.032932,0.713303173878458,40,1,-4.5079949357661e-05,-2.97921972163631e-05,-0.597567789198196,"Not Significant",NA
3438,356.129591246231,15.441361,0.713303173878458,50,1,-3.62099836515891e-05,-6.79513565646267e-05,0.908133439014264,"Not Significant",NA
7113,387.114668338311,17.00316,0.713303173878458,50,1,-8.31540288918319e-05,-0.000325718889909043,1.96978224079722,"Not Significant",NA
6543,491.358787958105,16.869461,0.713303173878458,40,1,-3.65061768580023e-07,-2.38379739642034e-07,-0.616986439974446,"Not Significant",NA
2364,587.307338657101,13.069157,0.713303173878458,50,1,-9.41035999992935e-06,-1.70134407788318e-05,0.854421636585372,"Not Significant",NA
4497,90.0083387157839,16.111357,0.775051373670082,41,1,8.15665171694969e-05,0.000903104117233222,3.46882727674287,"Not Significant",NA
3537,92.0239935207597,15.563347,0.775051373670082,41,1,-5.76773528714916e-05,0.000211446659665165,-1.87424874784026,"Not Significant",NA
4991,106.039698776322,16.245905,0.775051373670082,41,1,-0.0032603209994402,0.0134995691005302,-2.04982798817069,"Not Significant",NA
3041,109.039392301827,15.123617,0.775051373670082,41,1,3.25860415527863e-05,5.92331490809398e-05,0.862130762347583,"Not Significant",NA
3416,110.034654608745,15.432622,0.775051373670082,41,1,-0.000115121561964364,0.000156276539691618,-0.44096490841236,"Not Significant",NA
3738,121.050697767465,15.636853,0.775051373670082,41,1,0.000144905316348338,0.000747059072589776,2.3661037754959,"Not Significant",NA
933,129.01811586052,0.6898572,0.775051373670082,41,1,1.22773806514545e-05,9.43426077251477e-06,-0.379986004923013,"Not Significant",NA
3140,133.050793045646,15.198348,0.775051373670082,49,1,-5.31072096748346e-05,-6.38796718801932e-05,0.26645375328102,"Not Significant",NA
3149,136.050452876401,15.21085,0.775051373670082,41,1,-2.49477365524748e-05,-1.29378600351365e-05,-0.947363602767751,"Not Significant",NA
4415,147.030173317404,16.012184,0.775051373670082,41,1,-3.63162698372363e-05,-8.66263554474696e-06,-2.06786492532898,"Not Significant",NA
7025,147.066549184694,16.95107,0.775051373670082,41,1,-9.70536416304496e-05,-8.15621478934687e-05,-0.250885401494224,"Not Significant",NA
3139,148.050571639821,15.191882,0.775051373670082,41,1,-1.4935732746082e-05,-9.7836431114017e-06,-0.610375205410401,"Not Significant",NA
6558,155.035299645591,16.70867,0.775051373670082,49,1,6.91823208952667e-05,-4.67794277463545e-05,0.564580894155595,"Not Significant",NA
5017,155.035304762369,16.227299,0.775051373670082,41,1,-0.000521863487825878,-0.00024878903662964,-1.0687525899952,"Not Significant",NA
2455,161.020998246118,13.559451,0.775051373670082,41,1,-1.10820192291747e-07,5.85338220300226e-08,0.883361920039846,"Not Significant",NA
5704,172.061968406722,16.41532,0.775051373670082,41,1,-0.000124195524282205,-0.000241347428594245,0.958503911416164,"Not Significant",NA
4220,174.077625291064,15.810205,0.775051373670082,49,1,2.07742169670077e-05,-5.40799835081881e-05,-1.3802044904276,"Not Significant",NA
4112,175.061651765366,15.779885,0.775051373670082,41,1,2.74335543905004e-05,0.000132437052842601,2.27125165698272,"Not Significant",NA
6046,183.933535701153,16.743097,0.775051373670082,49,1,-0.000485918023331749,-0.000372771347365667,-0.38242287288046,"Not Significant",NA
5197,196.062157847837,16.300648,0.775051373670082,49,1,-2.68353114394386e-05,-7.04578372576143e-05,1.39266084558345,"Not Significant",NA
4110,198.077822827488,15.839209,0.775051373670082,49,1,0.00014188329943576,-0.000124695431647097,0.186317911544928,"Not Significant",NA
7268,198.807740676831,17.176224,0.775051373670082,49,1,6.6828955418503e-06,4.01589353755486e-06,-0.73460896148777,"Not Significant",NA
5160,213.088856448448,16.252657,0.775051373670082,49,1,-5.83469542200111e-05,-0.000166296256414531,1.51104248995004,"Not Significant",NA
2336,221.154242450111,12.947927,0.775051373670082,41,1,-1.4920747650406e-06,-6.99440098933467e-06,2.22964163052689,"Not Significant",NA
6491,225.088958963474,16.649118,0.775051373670082,41,1,6.49939451994045e-05,0.000156147493948399,1.2645192286043,"Not Significant",NA
5642,225.088975561957,16.36311,0.775051373670082,49,1,-8.90376419410518e-06,-9.02875888321031e-06,0.020114543060186,"Not Significant",NA
5875,226.08425069332,16.47767,0.775051373670082,41,1,9.86057383325488e-07,3.25363860502171e-05,5.04282058463977,"Not Significant",NA
4322,238.084375565012,16.014404,0.775051373670082,49,1,3.43076282720133e-05,-6.24354457473934e-06,2.45836532236611,"Not Significant",NA
1738,261.134347153457,7.5821743,0.775051373670082,49,1,2.15325614490154e-05,-2.78500963114546e-05,-0.37104356616652,"Not Significant",NA
3086,265.147888846183,15.107723,0.775051373670082,49,1,-0.000163466903422485,-0.000178890281109531,0.130077202757797,"Not Significant",NA
6404,279.111141482876,16.72932,0.775051373670082,41,1,-2.27730962804838e-06,-1.60292559252312e-06,-0.506889671278662,"Not Significant",NA
3285,311.168638632405,15.357674,0.775051373670082,41,1,-0.000297755573260147,0.000344543989948619,-0.210568712422351,"Not Significant",NA
2241,315.181259888398,12.4960375,0.775051373670082,49,1,-5.65870869203789e-06,-5.16140155876067e-05,3.18944512396511,"Not Significant",NA
2119,329.233378851208,11.45605,0.775051373670082,49,1,-8.49630504316562e-05,-0.000122752625540279,0.5308516406218,"Not Significant",NA
2229,329.233430108708,12.418282,0.775051373670082,49,1,-3.24672662364598e-05,-7.76874344156239e-05,1.25872121972096,"Not Significant",NA
3153,387.156212641677,15.205737,0.775051373670082,49,1,-6.0361022112754e-05,-0.000120975829615157,1.00304166777271,"Not Significant",NA
2238,387.28662962475,12.492692,0.775051373670082,49,1,-2.13262642381072e-05,-7.50028750205421e-05,1.8143630450596,"Not Significant",NA
2168,431.228619664955,11.878182,0.775051373670082,49,1,-2.75118476777007e-05,-8.84227134483114e-05,1.68440009794428,"Not Significant",NA
7093,455.102084473638,16.995525,0.775051373670082,49,1,5.1117235595678e-07,-9.03069653292486e-06,-4.13997621092039,"Not Significant",NA
7156,466.816751011376,17.040564,0.775051373670082,41,1,-2.89588664545048e-05,-2.19820224249902e-05,-0.397696818712576,"Not Significant",NA
2392,601.323035535576,13.269417,0.775051373670082,49,1,-2.44749888723148e-05,-4.16426600297092e-05,0.766778325290964,"Not Significant",NA
3137,83.0236231689375,15.1884165,0.838256486385826,42,1,0.000242282249845705,-6.86330220091689e-06,5.14185819741704,"Not Significant",NA
3617,90.0083347026305,15.663375,0.838256486385826,48,1,-7.47813044311477e-05,-0.000171013252173598,1.19336944116453,"Not Significant",NA
5890,92.0239967305958,16.47494,0.838256486385826,42,1,0.000275178375728789,0.000326645473198857,0.247357716732266,"Not Significant",NA
4374,93.0080111058288,15.911882,0.838256486385826,48,1,1.10513977469754e-05,-2.23125031704104e-05,-1.01342832706505,"Not Significant",NA
3169,106.039692661568,15.422513,0.838256486385826,42,1,-0.000478381645836647,0.00136865845178327,-1.51653259382529,"Not Significant",NA
3549,107.034983043922,15.499021,0.838256486385826,42,1,-0.000411438683656342,-0.000804193941232738,0.966867736373339,"Not Significant",NA
2938,116.919923163272,14.917061,0.838256486385826,42,1,-0.000112126163265967,0.000145063829357917,-0.371587697765737,"Not Significant",NA
6777,120.055441617869,16.629766,0.838256486385826,42,1,0.000509147452066591,0.00127700680498032,1.32660907435903,"Not Significant",NA
3125,120.055445713073,15.183693,0.838256486385826,42,1,-3.49296915888731e-05,-6.09116220648156e-05,0.802281237259138,"Not Significant",NA
4287,122.034721095183,15.897967,0.838256486385826,42,1,1.63690170712041e-05,0.000379187250668922,4.53378653090975,"Not Significant",NA
4163,131.035124960022,16.018023,0.838256486385826,48,1,0.00306985672669751,-0.000113360599621662,4.75919332210228,"Not Significant",NA
5637,133.050781862658,16.420946,0.838256486385826,42,1,-6.05889417555768e-05,2.84885454970539e-05,1.08859809026721,"Not Significant",NA
4689,135.969840764193,16.078974,0.838256486385826,48,1,-0.000225021736059445,-0.000292039724995658,0.376101731944537,"Not Significant",NA
5609,143.035253468391,16.414982,0.838256486385826,48,1,0.000252372188976332,8.92527446361628e-05,-1.49957404913179,"Not Significant",NA
5862,144.055651531896,16.656866,0.838256486385826,48,1,0.000131166752428675,0.000137362394770244,0.0665845221576236,"Not Significant",NA
5684,157.050964507942,16.429167,0.838256486385826,42,1,0.000736555866081667,0.00137530279284632,0.900881514482563,"Not Significant",NA
4141,158.046186215076,15.870075,0.838256486385826,42,1,-0.000101955279458322,0.000132555437201908,-0.37868439929857,"Not Significant",NA
3426,158.046192617562,15.453588,0.838256486385826,42,1,2.06958869512278e-05,-1.52121618700814e-05,0.444283431931712,"Not Significant",NA
4881,163.061578068187,16.152002,0.838256486385826,42,1,-0.000111388132779481,-4.83461605715988e-05,-1.20413919908891,"Not Significant",NA
6790,170.046264419889,16.717396,0.838256486385826,42,1,-3.62701853681181e-05,7.17670368060707e-05,-0.984597115035061,"Not Significant",NA
1633,173.081088920193,6.610568,0.838256486385826,48,1,-5.96567828978301e-06,-1.67074059110915e-05,1.485885164264,"Not Significant",NA
5146,194.973022937297,16.222452,0.838256486385826,48,1,3.06933232024401e-05,1.02630561165234e-05,-1.58037089615463,"Not Significant",NA
6177,196.062158305788,16.667587,0.838256486385826,42,1,0.00014141143152271,0.000206339598129528,0.545118751121877,"Not Significant",NA
6870,206.965349361606,16.894268,0.838256486385826,48,1,1.67050261495539e-05,-9.92158219314788e-06,0.75187190805654,"Not Significant",NA
2254,209.154170746935,12.538137,0.838256486385826,48,1,-6.6922199845787e-06,-2.80553986086518e-05,2.0678858056035,"Not Significant",NA
5152,223.073288838604,16.165895,0.838256486385826,42,1,5.74729820456577e-06,3.62277859211538e-05,2.65592964824561,"Not Significant",NA
7046,225.061217586895,16.977789,0.838256486385826,42,1,-8.16457034088832e-05,-6.57004765431121e-05,-0.313477419906572,"Not Significant",NA
5332,227.104630312948,16.251007,0.838256486385826,48,1,-2.70481045741083e-05,1.43029526988144e-05,0.919060289185702,"Not Significant",NA
2338,236.105152338791,12.948154,0.838256486385826,48,1,-3.689862762178e-07,-1.33209022999733e-05,5.17778772719561,"Not Significant",NA
2430,271.191538798897,13.429858,0.838256486385826,48,1,-1.52351866898908e-06,-1.05384468243817e-05,2.7909935272937,"Not Significant",NA
2603,277.144493029548,14.037515,0.838256486385826,48,1,-5.4739469310261e-06,-1.52642629304007e-05,1.47967363727774,"Not Significant",NA
6906,309.174086325702,16.912884,0.838256486385826,48,1,-5.01684325085104e-05,-2.8337896536854e-05,-0.824069342464772,"Not Significant",NA
4214,311.168625183993,15.746639,0.838256486385826,42,1,-0.00243686129901242,-0.00245584901526405,0.0111977333770595,"Not Significant",NA
3675,311.168627398148,15.573575,0.838256486385826,48,1,0.000337789991604458,0.0011557506562723,1.77462867087555,"Not Significant",NA
4454,311.168642898805,16.036594,0.838256486385826,48,1,0.00103211292360189,0.0013313637540927,0.367303658017485,"Not Significant",NA
6657,325.184211717977,16.916994,0.838256486385826,42,1,-0.0026151685628389,0.000290626134736377,3.16966207464719,"Not Significant",NA
2219,329.233413088529,12.208355,0.838256486385826,42,1,-7.49795099919008e-05,-7.32547615528844e-05,-0.0335743127183129,"Not Significant",NA
3704,387.156168985832,15.590074,0.838256486385826,42,1,-0.000186981897566394,-0.000191578810405463,0.0350395815575754,"Not Significant",NA
7123,441.033888901883,17.011293,0.838256486385826,42,1,-6.8441786520251e-05,-4.45220611655741e-05,-0.620368359424233,"Not Significant",NA
6929,83.0236292012907,16.899805,0.902523250177679,47,1,-0.000264186991861036,-0.000513587671481443,0.959053790883287,"Not Significant",NA
3812,90.0083348867528,15.858132,0.902523250177679,47,1,-5.76168175454523e-05,-0.0001217787105438,1.07971325411106,"Not Significant",NA
6883,90.0083363750148,16.79387,0.902523250177679,43,1,0.000559311387344082,0.000537689599753251,-0.0568780329683273,"Not Significant",NA
5328,120.019072082576,16.209986,0.902523250177679,43,1,4.17770361917992e-05,4.18214677385282e-05,0.0015335117648053,"Not Significant",NA
2377,137.034514957473,13.191259,0.902523250177679,47,1,6.76595987388738e-05,2.59395194328103e-05,-1.38310857541909,"Not Significant",NA
5267,144.055636647032,16.349129,0.902523250177679,43,1,-0.000155689603259702,-0.000172129862014649,0.144825684226364,"Not Significant",NA
3739,145.050845258877,15.616678,0.902523250177679,47,1,-0.000385250291750934,0.000765155672646302,-0.98996287825029,"Not Significant",NA
6300,148.050556569335,16.696213,0.902523250177679,43,1,4.02643367491865e-05,1.67976372311904e-05,-1.26119419818024,"Not Significant",NA
3292,157.050956258532,15.368418,0.902523250177679,43,1,-0.000126635867563816,-0.000111521249954633,-0.183368990306453,"Not Significant",NA
4202,159.066633899067,15.809995,0.902523250177679,47,1,5.03056369244034e-05,-0.000258584643896456,-2.36181037214351,"Not Significant",NA
6461,172.061954042108,16.709583,0.902523250177679,43,1,0.000719397052843906,0.000673318573026327,-0.0954988508307642,"Not Significant",NA
5848,173.082394295016,16.457794,0.902523250177679,47,1,-1.83321758636028e-05,-6.31571407915658e-05,1.78462368548069,"Not Significant",NA
6478,186.077719479961,16.657696,0.902523250177679,43,1,0.000151202450062425,0.000335321707862141,1.14905912650767,"Not Significant",NA
1795,187.096820970082,7.9884124,0.902523250177679,43,1,-0.000789919855134259,-0.000815408824786777,0.0458173420014675,"Not Significant",NA
7161,189.930918809747,17.040894,0.902523250177679,43,1,-1.602661300622e-05,-3.57145743513778e-05,1.15609298822573,"Not Significant",NA
6293,191.056678480478,16.655968,0.902523250177679,47,1,2.99050855081159e-05,0.000345150409859198,3.52871838784752,"Not Significant",NA
7141,192.92821405877,17.027908,0.902523250177679,47,1,-2.34500511572237e-05,-8.17185325867461e-05,1.80111609670634,"Not Significant",NA
6727,196.062174365259,16.834305,0.902523250177679,43,1,-8.28539252253366e-05,-8.23692820609766e-05,-0.0084637354569312,"Not Significant",NA
6596,198.077814517986,16.675505,0.902523250177679,43,1,-8.17799101225593e-05,8.70664109587702e-05,-0.0904039879003507,"Not Significant",NA
3557,213.08884343245,15.513912,0.902523250177679,47,1,-3.91375947952359e-05,-2.38560910695666e-05,-0.71422104113533,"Not Significant",NA
5469,223.073296419594,16.353544,0.902523250177679,43,1,-4.77247114692077e-06,-2.63535523076194e-05,2.46543664332649,"Not Significant",NA
6729,238.084348315403,16.744835,0.902523250177679,43,1,4.45398873319254e-06,-3.40851900094114e-05,-2.93560901041431,"Not Significant",NA
2333,269.121774197577,12.937054,0.902523250177679,47,1,-0.00022931020672206,-6.82464439274637e-05,-1.74848964012209,"Not Significant",NA
2516,285.207170232811,13.794543,0.902523250177679,47,1,8.36987236400008e-06,3.1675996810191e-06,-1.40153257795222,"Not Significant",NA
7138,304.908268052536,17.027042,0.902523250177679,47,1,-2.32484173217083e-05,-1.97804577094292e-05,-0.23306757604118,"Not Significant",NA
7155,320.886449023244,17.039587,0.902523250177679,47,1,-4.93702046052507e-05,-6.83504428904884e-05,0.469318176828007,"Not Significant",NA
2341,329.233412936358,12.971571,0.902523250177679,47,1,-1.07617353092881e-06,7.18720724346821e-07,0.579060420353181,"Not Significant",NA
2269,329.2334371241,12.604264,0.902523250177679,47,1,-0.000158078059458717,-0.000156129909612071,-0.017890316644704,"Not Significant",NA
2242,467.279628269696,12.49661,0.902523250177679,47,1,-6.70408602470291e-06,-9.93827140274516e-06,0.56802431894126,"Not Significant",NA
7168,482.789226409798,17.047228,0.902523250177679,47,1,-6.15403266371274e-05,-5.55053282628352e-05,-0.148908379672242,"Not Significant",NA
7150,486.787714291644,17.032167,0.902523250177679,43,1,-1.52266272628773e-05,-1.00184469561452e-05,-0.603986794761444,"Not Significant",NA
5120,491.358813440611,16.202518,0.902523250177679,43,1,4.3589619434709e-08,1.23309449598358e-07,1.47915617787915,"Not Significant",NA
2285,528.14870626068,12.679567,0.902523250177679,43,1,1.36926828385155e-07,2.35627414026944e-07,0.778714118851927,"Not Significant",NA
4458,92.023996722145,16.172365,0.967435545139537,44,1,-0.000600944098291185,-0.000222359181756447,-1.4343429022392,"Not Significant",NA
6214,104.024067202153,16.659138,0.967435545139537,44,1,5.67861970867331e-05,0.00018364926839992,1.69332339471436,"Not Significant",NA
6456,108.01897619817,16.653759,0.967435545139537,44,1,-8.38439097164723e-05,1.96634836844142e-05,2.09209647856833,"Not Significant",NA
3536,109.039387809338,15.480521,0.967435545139537,46,1,-4.12690953290113e-05,0.00023683083252511,-2.52076424695711,"Not Significant",NA
5715,110.034645456529,16.468458,0.967435545139537,46,1,0.000232209877345455,-7.85647157175532e-05,1.56350048377807,"Not Significant",NA
5590,117.019410360801,16.351543,0.967435545139537,44,1,-6.2900554677754e-05,-0.000154914163381416,1.30033803082749,"Not Significant",NA
4142,117.019415277211,15.810258,0.967435545139537,46,1,2.32562685803639e-05,5.49933447549515e-05,1.2416015979828,"Not Significant",NA
6534,121.050697618352,16.610577,0.967435545139537,44,1,0.000164574454635278,0.000191751243706296,0.220494275733405,"Not Significant",NA
5411,121.050703003086,16.294344,0.967435545139537,44,1,0.000121782086478839,0.000265322541105249,1.12343890357348,"Not Significant",NA
6078,122.034721132428,16.647518,0.967435545139537,44,1,-0.000225545658977344,1.14320168992659e-05,4.30213507108157,"Not Significant",NA
5211,122.034725790695,16.154324,0.967435545139537,44,1,-0.000152173793600689,-0.000167147649027457,0.135403984056352,"Not Significant",NA
3628,122.034723391286,15.599234,0.967435545139537,44,1,0.000117484337476135,0.000221040881043409,0.911839029160124,"Not Significant",NA
5073,130.039878323457,16.24468,0.967435545139537,46,1,-0.00132516250709193,-0.00160250402481242,0.274158877860615,"Not Significant",NA
5783,131.035126554632,16.476358,0.967435545139537,44,1,-0.000307017252339317,-0.00142972291245577,2.21934762958134,"Not Significant",NA
3375,131.03513892513,15.379555,0.967435545139537,46,1,9.91525643956656e-05,-2.58352558435338e-05,1.94037930823709,"Not Significant",NA
3118,134.034820643639,15.17507,0.967435545139537,44,1,-2.56660709809709e-05,3.85250355342613e-05,-0.586027484633115,"Not Significant",NA
6862,165.019728491147,16.894913,0.967435545139537,44,1,0.00104548241803079,0.000761871539196323,-0.456548619102081,"Not Significant",NA
6368,171.066700612044,16.691572,0.967435545139537,44,1,0.000520183048962839,0.00070034313924748,0.429041855474089,"Not Significant",NA
3151,171.066711779796,15.210082,0.967435545139537,46,1,9.4349443081669e-06,3.11716561719697e-05,1.72404228113543,"Not Significant",NA
5253,171.066721585797,16.272062,0.967435545139537,44,1,-0.000186629938747976,-8.01682783703575e-05,-1.21908730675715,"Not Significant",NA
4666,173.082401576982,16.062399,0.967435545139537,44,1,7.68858056233366e-05,0.000133702020318769,0.798224109132348,"Not Significant",NA
6340,174.077619872338,16.710817,0.967435545139537,44,1,-2.24514747052621e-05,1.32261320422768e-06,4.0841924563081,"Not Significant",NA
73,174.955223480807,0.51881945,0.967435545139537,44,1,0.000251884483364612,2.06065674598361e-05,-3.61152185651809,"Not Significant",NA
7163,174.955333655479,17.041441,0.967435545139537,46,1,-0.000145478414909091,-0.000183700646733028,0.336553657183742,"Not Significant",NA
4249,186.077724290011,15.837139,0.967435545139537,46,1,0.000565774745769003,0.000520775304506375,-0.119566524293486,"Not Significant",NA
2426,194.081540366418,13.418026,0.967435545139537,46,1,-0.00042503678940545,-0.00116109421663148,1.4498275703407,"Not Significant",NA
4465,200.093489549986,15.962589,0.967435545139537,46,1,-2.94925508282073e-05,-2.5401997917861e-05,-0.215416512609328,"Not Significant",NA
6895,205.965681519054,16.899433,0.967435545139537,44,1,-6.7449373850239e-05,-6.02683623403312e-05,-0.162406735644635,"Not Significant",NA
5153,225.088973031395,16.220974,0.967435545139537,46,1,-1.73698035138774e-05,-6.60420155201322e-05,1.92686393048042,"Not Significant",NA
4642,227.104630599045,16.0636,0.967435545139537,46,1,-3.55796928614987e-05,-3.83426461715148e-05,0.107898771546706,"Not Significant",NA
3971,237.089095736152,15.97491,0.967435545139537,44,1,-1.23037571713597e-05,-3.71636750528211e-05,1.59487267964962,"Not Significant",NA
5081,237.089095681711,16.185055,0.967435545139537,46,1,-6.36513381854984e-06,-4.69200643502965e-05,2.88213816711649,"Not Significant",NA
2651,239.067053346382,14.197567,0.967435545139537,44,1,-3.04798013218626e-06,-2.32918302687889e-06,-0.388175614797927,"Not Significant",NA
2877,249.149472142429,14.8416,0.967435545139537,46,1,-9.8040929014713e-06,-2.342355293276e-05,1.25658943021628,"Not Significant",NA
1700,261.13434375529,7.2811565,0.967435545139537,46,1,-9.8088631990894e-06,-2.16842403136896e-05,1.14456960572196,"Not Significant",NA
6902,277.009242902394,16.890808,0.967435545139537,44,1,4.25711854016999e-05,9.94890945399782e-05,1.22464174344152,"Not Significant",NA
5529,293.179361687607,16.340189,0.967435545139537,44,1,-4.28622423618392e-05,-1.46399076323551e-05,-1.54986576558669,"Not Significant",NA
2375,301.057852256771,13.190423,0.967435545139537,44,1,6.21858058226001e-05,2.31909624634399e-05,-1.42298361266261,"Not Significant",NA
99,310.930912220027,0.55791545,0.967435545139537,46,1,1.16622299747337e-05,-3.18645183193835e-07,5.19840742652155,"Not Significant",NA
6259,327.179993071467,16.913422,0.967435545139537,46,1,3.1740802448536e-05,-0.000113886971141584,-1.84313408333704,"Not Significant",NA
10,336.858788944177,0.038009968,0.967435545139537,44,1,-0.000216980112014828,-2.5247976321819e-05,-3.10337364461842,"Not Significant",NA
7110,341.108991709729,17.00198,0.967435545139537,44,1,4.9780671820317e-05,2.04009284140501e-06,-4.60820096964719,"Not Significant",NA
7109,377.085752421442,17.00229,0.967435545139537,46,1,-4.52468604786863e-06,-3.05034920618675e-06,-0.568997432368458,"Not Significant",NA
7118,404.104712089321,17.005531,0.967435545139537,44,1,-2.23927273441712e-05,-2.62121144086844e-05,0.227212868561824,"Not Significant",NA
6909,410.161747276115,16.904472,0.967435545139537,46,1,-3.44944461551587e-05,-3.96302842125402e-05,0.2002446373584,"Not Significant",NA
7151,484.789580350338,17.03522,0.967435545139537,44,1,-3.20127033031588e-05,-3.17036828116926e-05,-0.0139945106138194,"Not Significant",NA
2247,514.132947836007,12.5125,0.967435545139537,44,1,1.96290241967094e-07,3.08810943938854e-08,-2.62954654250183,"Not Significant",NA
2771,106.03969566512,14.728031,1,45,1,5.76430355903565e-05,-0.000414749245820784,-2.84699263378562,"Not Significant",NA
5242,110.034644616621,16.271584,1,45,1,7.06235609716883e-05,2.53754701160021e-06,-4.79809511128071,"Not Significant",NA
4092,116.024116326713,15.858254,1,45,1,0.000231428224440159,0.00016622388044988,-0.477434716640072,"Not Significant",NA
6990,120.055451668566,16.937904,1,45,1,-7.76074242608351e-05,-6.87008178463136e-05,-0.175869809846415,"Not Significant",NA
3450,133.050784982292,15.432158,1,45,1,-5.50113879837463e-05,-9.15982940379536e-05,0.735600900708269,"Not Significant",NA
3643,134.03481295507,15.6767845,1,45,1,0.000151136738034621,8.41795319119831e-05,-0.844305405545504,"Not Significant",NA
7074,148.050593735498,16.98354,1,45,1,-7.26709962701392e-06,-2.11547225450012e-05,1.5416585131242,"Not Significant",NA
6973,171.066714057606,16.936596,1,45,1,-6.06528421666258e-05,-4.06381767773208e-05,-0.5777512887501,"Not Significant",NA
6390,211.073181380128,16.693748,1,45,1,7.82093851719585e-05,0.000124710551984871,0.673163013928502,"Not Significant",NA
6978,213.088845181797,16.92468,1,45,1,-3.68167758148374e-05,-1.48156107221611e-05,-1.31330338593296,"Not Significant",NA
2083,242.175945517868,11.109664,1,45,1,-0.000117254370463201,-0.000157027171169845,0.421375635837583,"Not Significant",NA
6524,265.147864257282,16.90595,1,45,1,6.69177328210571e-05,-0.000101794170327171,-0.605158737271311,"Not Significant",NA
2216,305.08196734169,12.244845,1,45,1,-1.23797559232298e-05,-1.49031299140209e-05,0.267652215626403,"Not Significant",NA
6934,337.184462841954,16.911425,1,45,1,-4.36624892933504e-05,-2.59182071696189e-05,-0.752451079275763,"Not Significant",NA
2337,361.163441441427,12.948604,1,45,1,-3.65527808041645e-06,-5.60238473460255e-06,0.616197100866836,"Not Significant",NA
6027,491.358814095105,16.583855,1,45,1,-3.38403032171724e-07,-1.13864025523549e-07,-1.579887226641,"Not Significant",NA
2943,648.338591610343,14.926392,1,45,1,2.13113376691298e-06,4.51404304815465e-06,1.08244178949488,"Not Significant",NA
5659,669.457951104086,16.43868,1,45,1,-5.14987572492455e-06,-9.96035037389935e-06,0.951794192437982,"Not Significant",NA
