"feature","PR1","PR2","MeanDecreaseAccuracy","MeanDecreaseGini"
"3728_107.0706_7.69",2.94422497105136,2.42549832026244,2.82294635971569,0.112025641025641
"5375_204.1381_14.33",2.60658966736418,2.54830433591856,2.80910753922104,0.182633333333333
"3730_163.1328_7.69",2.38362576281703,2.57434106099909,2.56950916590301,0.179955555555556
"2803_98.5124_3.03",2.49914594565722,2.25821465489402,2.46997880911667,0.0966545454545455
"4649_549.079_13.24",2.14227651178574,1.96874807739539,2.33021311728184,0.125205339105339
"9836_182.985_17.43",2.19227911341159,2.12058326058102,2.23633673306927,0.148330846930847
"9456_106.0291_17.04",1.91939817108553,2.094651310341,2.15729241435196,0.0787142857142857
"3726_142.07_7.69",1.77711878107481,2.15349837581048,1.98534962786445,0.166539005439005
"9536_143.0107_17.04",1.62305718048253,1.99031926457252,1.89565562831152,0.0516479076479076
"3729_185.1147_7.69",1.63736530665978,1.96874807739539,1.89250373537836,0.0715888888888889
"7220_136.0215_15.47",1.7909316053173,1.41705050316284,1.81800338664116,0.150466378066378
"9180_220.5381_17.01",1.72005229038445,1.38942503594182,1.67131567616219,0.0676910866910867
"2464_125.071_0.97",1.26693979201741,1.66911011857018,1.66911011857018,0.0606254856254856
"5959_587.3573_14.93",1.38942503594182,1.38942503594182,1.55881296757934,0.0383287157287157
"5392_235.169_14.37",1.51099471303875,1.26693979201741,1.49162998289931,0.0524444444444444
"9886_186.9561_17.38",1.41705050316284,0,1.41705050316284,0.0215919191919192
"9467_167.0126_17.04",1.00100150250438,1.00100150250438,1.41705050316284,0.0251111111111111
"5310_267.1715_14.24",1.40275209380409,0,1.41705050316284,0.0558630924630925
"5290_398.2144_14.13",1.41705050316284,0,1.41705050316284,0.0291
"6478_228.232_15.25",1.00100150250438,1.00100150250438,1.41285987182396,0.0461666666666667
"8917_155.129_16.89",1.40275209380409,0,1.40834895880057,0.0873174603174603
"8623_105.0426_16.64",1.21446541889315,0,1.3976941536882,0.0811064491064491
"9465_171.0054_17.04",1.41705050316284,1.00100150250438,1.39540341548455,0.0143888888888889
"9173_242.0489_17.01",1.38942503594182,1.00100150250438,1.37457856297529,0.0477460317460317
"4524_214.2526_12.81",1.34406227991274,1.00100150250438,1.37021526937856,0.0989920634920635
"5128_315.1949_14.1",1.00100150250438,1.00100150250438,1.36692904431769,0.00666666666666667
"9027_89.069_16.96",1.00100150250438,1.40275209380409,1.31926632682314,0.0206923076923077
"5584_716.4357_14.6",1.34406227991274,1.00100150250438,1.31926632682314,0.0419188034188034
"6088_368.2192_14.89",1.40275209380409,1.00100150250438,1.31533410441164,0.0176414141414141
"5913_81.0705_14.91",1.41705050316284,1.00100150250438,1.30993429144589,0.0484920634920635
"6097_142.1226_15",1.34406227991274,1.00100150250438,1.21446541889315,0.0104358974358974
"5488_262.1289_14.48",0.839772956084863,0.95930481595582,1.21390791175393,0.126446753246753
"7183_595.9191_15.39",1.00100150250438,1.02456038190624,1.14983460298544,0.0427494949494949
"5904_153.0909_14.9",1.00100150250438,1.00100150250438,1.00100150250438,0.0126
"9444_286.9056_17.04",1.00100150250438,1.00100150250438,1.00100150250438,0.0036
"6990_420.2136_15.47",1.00100150250438,1.00100150250438,1.00100150250438,0.0073030303030303
"8651_64.0165_16.6",0,1.00100150250438,1.00100150250438,0.0134444444444444
"8316_64.0165_16.37",0,1.00100150250438,1.00100150250438,0.00622222222222222
"9510_81.5211_17.04",1.00100150250438,0,1.00100150250438,0.00333333333333333
"1554_84.0449_0.64",1.00100150250438,1.00100150250438,1.00100150250438,0.0155301587301587
"6113_93.0703_14.9",1.00100150250438,1.00100150250438,1.00100150250438,0.0134444444444444
"9269_94.5458_17.03",1.00100150250438,1.00100150250438,1.00100150250438,0.0108888888888889
"7103_101.0713_15.5",0,1.00100150250438,1.00100150250438,0.0162974358974359
"5418_101.0713_14.43",1.00100150250438,1.00100150250438,1.00100150250438,0.00693333333333333
"9499_102.5328_17.04",0,1.00100150250438,1.00100150250438,0.0304606060606061
"5894_109.1014_15",0,1.00100150250438,1.00100150250438,0.0143492063492064
"9346_112.0181_17.03",0,1.00100150250438,1.00100150250438,0.0108888888888889
"9342_113.0169_17.03",1.00100150250438,1.00100150250438,1.00100150250438,0.0036
"9126_116.0708_17",1.00100150250438,1.00100150250438,1.00100150250438,0.0428
"9238_120.0256_17.03",1.00100150250438,0,1.00100150250438,0.00355555555555556
"2251_122.0966_0.72",1.00100150250438,0,1.00100150250438,0.0213581973581974
"9503_123.0455_17.04",1.00100150250438,1.00100150250438,1.00100150250438,0.0134444444444444
"7429_130.159_15.66",1.00100150250438,0,1.00100150250438,0.00363636363636364
"9274_131.5334_17.03",1.00100150250438,1.00100150250438,1.00100150250438,0.0036
"9487_131.5522_17.04",1.00100150250438,1.00100150250438,1.00100150250438,0.0198888888888889
"9098_136.0617_16.99",1.00100150250438,1.00100150250438,1.00100150250438,0.0247863247863248
"5292_140.0106_14.21",1.00100150250438,0,1.00100150250438,0.0228323232323232
"5875_141.1272_14.89",1.00100150250438,0,1.00100150250438,0.0134444444444444
"9329_142.9835_17.03",1.00100150250438,1.00100150250438,1.00100150250438,0.0144
"2368_145.9898_0.79",1.00100150250438,0,1.00100150250438,0.0190769230769231
"7400_146.9802_15.65",0,1.00100150250438,1.00100150250438,0.007
"9270_152.0358_17.03",1.00100150250438,1.00100150250438,1.00100150250438,0.0113777777777778
"9222_152.0466_17.02",0,1.00100150250438,1.00100150250438,0.0126984126984127
"6710_153.0909_15.21",0,1.00100150250438,1.00100150250438,0.00366666666666667
"5513_156.9906_14.53",0,1.00100150250438,1.00100150250438,0.00683333333333333
"9435_158.9859_17.03",1.00100150250438,0,1.00100150250438,0.0106777777777778
"9323_165.0672_17.03",1.00100150250438,1.00100150250438,1.00100150250438,0.0224949494949495
"9317_166.0643_17.03",0,1.00100150250438,1.00100150250438,0.00622222222222222
"9310_167.9861_17.03",1.00100150250438,1.00100150250438,1.00100150250438,0.00733333333333334
"4792_170.0963_13.68",0,1.00100150250438,1.00100150250438,0.0569292929292929
"5347_170.1174_14.29",1.00100150250438,0,1.00100150250438,0.0418393162393162
"9014_172.0942_16.95",1.00100150250438,1.00100150250438,1.00100150250438,0.00333333333333333
"7547_172.133_15.72",1.00100150250438,1.00100150250438,1.00100150250438,0.0377
"5598_172.133_14.62",1.00100150250438,0,1.00100150250438,0.0111111111111111
"9614_181.9776_17.07",1.00100150250438,0,1.00100150250438,0.013978243978244
"9490_185.0232_17.04",1.00100150250438,1.00100150250438,1.00100150250438,0.0209454545454545
"10045_190.9791_17.82",0,1.00100150250438,1.00100150250438,0.0094
"9883_196.0166_17.4",1.00100150250438,1.00100150250438,1.00100150250438,0.0246666666666667
"4939_199.169_13.88",1.00100150250438,1.00100150250438,1.00100150250438,0.00666666666666667
"7085_200.1643_15.51",1.00100150250438,1.00100150250438,1.00100150250438,0.0189714285714286
"9574_203.9709_17.05",0,1.00100150250438,1.00100150250438,0.0035
"3359_210.1098_6.25",1.00100150250438,0,1.00100150250438,0.00871111111111111
"3984_212.1643_9.96",1.00100150250438,1.00100150250438,1.00100150250438,0.00685714285714286
"5307_214.2162_14.24",0,1.00100150250438,1.00100150250438,0.00355555555555556
"7146_217.1044_15.59",0,1.00100150250438,1.00100150250438,0.0239141414141414
"9184_221.9935_17.02",0,1.00100150250438,1.00100150250438,0.0036
"9181_224.9874_17.02",1.00100150250438,0,1.00100150250438,0.00342857142857143
"9013_226.9511_16.95",1.00100150250438,1.00100150250438,1.00100150250438,0.00713636363636364
"6015_228.232_14.82",0,1.00100150250438,1.00100150250438,0.00369230769230769
"4770_244.2268_13.62",1.00100150250438,1.00100150250438,1.00100150250438,0.0157362637362637
"5120_255.2315_14.08",0,1.00100150250438,1.00100150250438,0.00366666666666667
"8331_261.1305_16.32",1.00100150250438,1.00100150250438,1.00100150250438,0.0142279942279942
"3136_277.1044_4.34",1.00100150250438,0,1.00100150250438,0.00333333333333333
"6513_282.2787_15.29",1.38942503594182,0.784947734032832,1.00100150250438,0.0198888888888889
"7481_282.2787_15.7",0,1.00100150250438,1.00100150250438,0.00666666666666667
"6069_284.2579_15",0,1.00100150250438,1.00100150250438,0.0036
"4144_310.1408_11.31",1.00100150250438,1.00100150250438,1.00100150250438,0.0134444444444444
"5394_316.2842_14.37",0,1.00100150250438,1.00100150250438,0.0113777777777778
"4662_316.2842_13.28",0,1.00100150250438,1.00100150250438,0.0123076923076923
"5539_317.2082_14.56",1.00100150250438,0,1.00100150250438,0.0265299145299145
"5391_318.2399_14.44",1.00100150250438,1.00100150250438,1.00100150250438,0.00666666666666667
"6724_338.341_15.34",0,1.00100150250438,1.00100150250438,0.0064
"4446_339.1773_12.5",1.00100150250438,1.00100150250438,1.00100150250438,0.0271962481962482
"7936_347.315_16.01",1.00100150250438,1.00100150250438,1.00100150250438,0.00371428571428572
"6603_363.3098_15.32",1.00100150250438,0,1.00100150250438,0.0281499611499611
"6059_369.1244_14.99",1.00100150250438,1.00100150250438,1.00100150250438,0.0105
"6150_370.2946_15.02",1.00100150250438,1.00100150250438,1.00100150250438,0.00355555555555556
"6412_375.099_15.22",0,1.00100150250438,1.00100150250438,0.0175699855699856
"5843_375.1199_14.88",1.00100150250438,1.00100150250438,1.00100150250438,0.00622222222222222
"5682_383.2034_14.73",1.00100150250438,1.00100150250438,1.00100150250438,0.00369230769230769
"7673_383.2154_15.81",1.00100150250438,0,1.00100150250438,0.0218412698412698
"3291_388.2536_5.74",1.00100150250438,1.00100150250438,1.00100150250438,0.0036
"8903_415.0418_16.88",1.00100150250438,0,1.00100150250438,0.0144
"8908_417.0393_16.89",0,1.00100150250438,1.00100150250438,0.0064
"4701_418.2429_13.37",1.00100150250438,1.00100150250438,1.00100150250438,0.0235111111111111
"4383_450.2691_11.89",1.00100150250438,1.00100150250438,1.00100150250438,0.0223222222222222
"5971_468.3891_14.93",1.00100150250438,0,1.00100150250438,0.0277525252525252
"6161_501.224_15.02",1.00100150250438,0,1.00100150250438,0.0064
"7442_507.8668_15.57",1.00100150250438,0,1.00100150250438,0.0035
"6540_512.4152_15.28",0,1.00100150250438,1.00100150250438,0.0036
"8552_523.8511_16.55",1.00100150250438,1.00100150250438,1.00100150250438,0.0367888888888889
"5522_532.3839_14.54",1.00100150250438,1.00100150250438,1.00100150250438,0.0373777777777778
"4618_589.3211_13.07",0,1.00100150250438,1.00100150250438,0.0064
"6146_609.3391_14.93",0,1.00100150250438,1.00100150250438,0.0241666666666667
"3951_621.3926_9.45",0,1.00100150250438,1.00100150250438,0.0036
"7053_637.4674_15.31",1.00100150250438,1.00100150250438,1.00100150250438,0.0113777777777778
"7911_640.5349_15.9",1.00100150250438,0,1.00100150250438,0.0049
"7691_647.449_15.81",1.00100150250438,1.00100150250438,1.00100150250438,0.0355191919191919
"6084_659.5195_15",1.00100150250438,0,1.00100150250438,0.0178803418803419
"5604_672.4097_14.62",1.00100150250438,1.00100150250438,1.00100150250438,0.0249523809523809
"8494_685.4345_16.48",1.00100150250438,0,1.00100150250438,0.0262796092796093
"6064_700.4047_15",1.00100150250438,1.00100150250438,1.00100150250438,0.0105494505494506
"4654_603.3368_13.27",1.40834895880057,0.846760323693507,0.926636599881512,0.0412492063492063
"9150_184.0176_17.01",1.00100150250438,0,0.585406251914576,0.0143301587301587
"3176_300.2013_4.67",0.277371435197549,1.00100150250438,0.538617728378097,0.038
"9543_153.9932_17.04",1.00100150250438,-0.277371435197549,0.447303065060821,0.0284793650793651
"5668_501.2241_14.71",0.277371435197549,1.00100150250438,0.447303065060821,0.0284888888888889
"6110_188.1279_15",-0.200008000480032,1.00100150250438,0.277371435197549,0.0234505050505051
"9509_124.5435_17.04",0,0.468624165678062,0.206293027865259,0.0552111111111111
"9277_82.0142_17.03",0.343037530015732,-0.277371435197549,0.108466504993364,0.0271777777777778
"8065_415.1875_16.11",0,-0.343037530015732,0.108466504993364,0.0104835164835165
"9492_61.0079_17.04",0,0,0,0.0108888888888889
"8838_64.0165_16.96",0,0,0,0
"7641_64.0165_15.75",0,0,0,0.0072923076923077
"8009_64.0165_16.09",0,0,0,0
"6115_67.0549_15",0,0,0,0.0036
"8994_69.0454_16.94",0,0,0,0
"9331_69.9941_17.03",0,0,0,0
"9511_70.0132_17.04",0,0,0,0
"9351_70.9919_17.03",0,0,0,0
"9289_73.5324_17.03",0,0,0,0.0064
"8951_74.0607_16.91",0,0,0,0.0035
"8510_74.0607_16.57",0,0,0,0.00654545454545455
"2289_74.0607_0.74",0,0,0,0.0111111111111111
"8638_74.0971_16.58",0,0,0,0.00369230769230769
"8363_74.0971_16.35",0,0,0,0
"7677_74.0971_15.86",0,0,0,0
"8150_74.0971_16.22",0,0,0,0.0064
"9341_74.5311_17.03",0,0,0,0
"1502_76.0399_0.63",0,0,0,0
"9520_81.5184_17.04",0,0,0,0.0032
"9352_82.5376_17.03",0,0,0,0.00363636363636364
"9463_83.5175_17.04",0,0,0,0.00342857142857143
"1734_85.0289_0.66",0,0,0,0
"868_88.0237_0.5",0,0,0,0
"8836_88.0762_16.83",0,0,0,0
"7538_88.0762_15.69",0,0,0,0
"9771_88.5095_17.41",0,0,0,0
"9524_89.0087_17.04",0,0,0,0
"9132_90.0554_17",0,0,0,0
"9333_90.5073_17.03",0,0,0,0
"9522_90.5263_17.04",0,0,0,0.00369230769230769
"9337_91.0063_17.03",0,0,0,0
"9345_91.505_17.03",0,0,0,0
"5719_91.5051_14.77",0,0,0,0
"9271_94.0455_17.03",0,0,0,0
"655_97.0288_0.5",0,0,0,0.0386888888888889
"6114_97.1016_15",0,0,0,0
"9791_97.5147_17.44",0,0,0,0.00905050505050505
"2349_97.5341_0.79",0,0,0,0
"9542_97.9917_17.04",0,0,0,0
"9546_98.0139_17.04",0,0,0,0.0133146853146853
"9293_98.9615_17.03",0,0,0,0
"9407_99.5126_17.03",0,0,0,0
"9400_100.0114_17.03",0,0,0,0
"9401_100.5102_17.03",0,0,0,0.0123076923076923
"6615_101.0713_15.32",0,0,0,0
"9514_102.0306_17.04",0,0,0,0
"9498_102.0341_17.04",0,0,0,0.0141414141414141
"9497_102.0377_17.04",0,0,0,0.0147111111111111
"9470_103.0322_17.04",0,0,0,0
"9488_104.0306_17.04",0,0,0,0
"9080_104.0709_16.99",0,0,0,0
"8902_104.1073_16.88",0,0,0,0
"8843_105.0426_16.93",0,0,0,0
"7694_105.0426_15.75",0,0,0,0
"7250_105.0426_15.56",0,0,0,0
"7865_105.0426_16.1",0,0,0,0
"8113_105.0426_16.15",0,0,0,0
"9195_106.0501_17.02",0,0,0,0
"6078_107.0858_14.9",0,0,0,0.0145252525252525
"9585_108.0231_17.05",0,0,0,0
"5184_109.1014_14.13",0,0,0,0
"5151_109.5218_14.1",0,0,0,0.01
"9392_110.0088_17.03",0,0,0,0.00355555555555556
"988_110.0579_0.59",0,0,0,0
"1875_110.0602_0.68",0,0,0,0
"9382_110.9894_17.03",0,0,0,0
"9363_111.0138_17.03",0,0,0,0.0036
"9343_111.0204_17.03",0,0,0,0.0036
"5200_111.0204_14.13",0,0,0,0
"9507_111.0392_17.04",0,0,0,0
"5268_111.0393_14.17",0,0,0,0
"3552_111.0394_6.84",0,0,0,0
"6102_111.0807_14.9",0,0,0,0
"9513_111.5373_17.04",0,0,0,0
"9904_111.9846_17.39",0,0,0,0
"5144_112.0182_14.12",0,0,0,0.0618286158286158
"5369_113.0169_14.33",0,0,0,0
"9461_113.0357_17.04",0,0,0,0
"9004_113.0712_16.94",0,0,0,0
"7791_113.0712_15.88",0,0,0,0
"8761_113.0712_16.73",0,0,0,0.00369230769230769
"9950_113.9638_17.45",0,0,0,0
"9371_114.0167_17.03",0,0,0,0
"8992_114.0664_16.94",0,0,0,0.00366666666666667
"6117_114.0915_14.9",0,0,0,0.01
"3181_114.0916_4.71",0,0,0,0
"2004_114.0916_0.7",0,0,0,0.00666666666666667
"9228_114.5585_17.02",0,0,0,0
"9589_115.0158_17.05",0,0,0,0
"9041_115.0504_16.97",0,0,0,0.0111111111111111
"8886_115.1232_16.87",0,0,0,0
"8629_115.1232_16.55",0,0,0,0
"8693_115.1232_16.68",0,0,0,0.0142222222222222
"8347_115.1232_16.31",0,0,0,0
"7990_115.1232_15.97",0,0,0,0
"7619_115.1232_15.74",0,0,0,0
"8100_115.1232_16.13",0,0,0,0
"9443_115.9642_17.03",0,0,0,0
"7032_116.0529_15.49",0,0,0,0
"8874_116.1072_16.86",0,0,0,0
"8518_116.1072_16.61",0,0,0,0
"7715_116.1072_15.67",0,0,0,0.00977777777777778
"8197_116.1072_16.24",0,0,0,0.00355555555555556
"7861_116.1072_15.94",0,0,0,0
"3233_116.1072_5.26",0,0,0,0.0100666666666667
"3278_116.1072_5.49",0,0,0,0
"9630_116.5243_17.08",0,0,0,0
"9896_116.5243_17.45",0,0,0,0
"5890_117.07_14.9",0,0,0,0
"9434_117.9595_17.03",0,0,0,0.00366666666666667
"9158_118.05_17.01",0,0,0,0
"9072_118.0864_16.98",0,0,0,0
"9587_119.0138_17.05",0,0,0,0.0144
"9726_119.0254_17.41",0,0,0,0
"6082_119.0856_15",0,0,0,0.0357777777777778
"9086_121.0398_16.99",0,0,0,0
"7653_122.0965_15.8",0,0,0,0
"8555_122.0966_16.58",0,0,0,0
"7930_122.0966_16",0,0,0,0.00366666666666667
"8361_122.0966_16.31",0,0,0,0
"9494_122.5472_17.04",0,0,0,0
"9308_123.0404_17.03",0,0,0,0.0141414141414141
"9135_123.0918_17",0,0,0,0.030008547008547
"8788_123.0918_16.69",0,0,0,0
"7637_123.0918_15.87",0,0,0,0.00366666666666667
"8557_123.0918_16.49",0,0,0,0
"8166_123.0918_16.2",0,0,0,0
"9479_123.5451_17.04",0,0,0,0
"8864_124.087_16.84",0,0,0,0
"8449_124.087_16.56",0,0,0,0
"7642_124.087_15.68",0,0,0,0
"8323_124.087_16.27",0,0,0,0
"7897_124.087_15.97",0,0,0,0
"9324_125.0379_17.03",0,0,0,0
"9449_125.0548_17.04",0,0,0,0
"6116_125.0962_14.9",0,0,0,0
"6618_125.0962_15.31",0,0,0,0
"9627_125.5295_17.08",0,0,0,0
"9197_125.9723_17.02",0,0,0,0.0386897102897103
"6093_127.1118_15",0,0,0,0
"2364_127.9794_0.79",0,0,0,0
"9885_128.9508_17.43",0,0,0,0
"2279_129.0523_0.73",0,0,0,0
"9022_129.1023_16.96",0,0,0,0
"9099_130.0863_16.99",0,0,0,0
"8711_130.159_16.56",0,0,0,0.00622222222222222
"7647_130.159_15.88",0,0,0,0.00355555555555556
"7940_130.159_16.04",0,0,0,0.0103571428571429
"9584_130.5216_17.05",0,0,0,0
"9709_130.5333_17.38",0,0,0,0.00355555555555556
"8993_131.1179_16.94",0,0,0,0
"9291_131.5386_17.03",0,0,0,0
"1827_132.0655_0.65",0,0,0,0
"9079_132.0767_16.99",0,0,0,0.0103418803418803
"6096_132.0807_14.91",0,0,0,0
"1868_132.1018_0.68",0,0,0,0
"9068_132.1019_16.98",0,0,0,0
"9261_132.5311_17.03",0,0,0,0
"9249_133.5299_17.03",0,0,0,0.0147777777777778
"6199_133.53_15.06",0,0,0,0
"5884_135.0804_14.9",0,0,0,0
"6656_135.0804_15.19",0,0,0,0
"5172_135.0804_14.13",0,0,0,0
"7574_136.0215_15.72",0,0,0,0
"5887_137.096_15",0,0,0,0
"9477_137.9984_17.04",0,0,0,0
"9083_138.0549_16.99",0,0,0,0
"9756_138.9952_17.41",0,0,0,0.00366666666666667
"9535_139.0177_17.04",0,0,0,0.0427878787878788
"9058_139.0501_16.98",0,0,0,0
"9054_140.068_16.98",0,0,0,0
"9617_140.9511_17.07",0,0,0,0
"9315_140.9854_17.03",0,0,0,0
"9179_140.9954_17.01",0,0,0,0
"9028_141.1133_16.96",0,0,0,0
"9300_141.9832_17.03",0,0,0,0
"6742_141.9833_15.38",0,0,0,0
"5837_141.9833_14.86",0,0,0,0.00985858585858586
"6875_142.1226_15.22",0,0,0,0
"5351_142.1226_14.29",0,0,0,0
"3364_142.1226_6.25",0,0,0,0.0106555555555556
"9177_142.991_17.01",0,0,0,0
"9174_143.9587_17.01",0,0,0,0.0113777777777778
"9040_144.1018_16.97",0,0,0,0
"8952_144.1131_16.88",0,0,0,0
"8910_144.982_16.89",0,0,0,0
"8679_144.982_16.58",0,0,0,0
"8372_144.982_16.21",0,0,0,0.00654545454545455
"7862_144.982_15.94",0,0,0,0.0134444444444444
"9171_145.954_17.01",0,0,0,0.0036
"9316_145.9804_17.03",0,0,0,0.003
"1788_146.0811_0.67",0,0,0,0
"8909_146.9802_16.89",0,0,0,0
"8673_146.9802_16.57",0,0,0,0
"8352_146.9802_16.21",0,0,0,0
"6188_149.0232_15.06",0,0,0,0.0032
"5713_149.0232_14.75",0,0,0,0.0396606060606061
"9010_150.1124_16.95",0,0,0,0.0111111111111111
"9247_151.0351_17.03",0,0,0,0
"9458_151.0388_17.04",0,0,0,0.0036
"6090_152.1069_14.89",0,0,0,0
"9486_153.0108_17.04",0,0,0,0.00355555555555556
"5166_153.0909_14.13",0,0,0,0
"7254_153.0909_15.54",0,0,0,0
"7582_153.0909_15.74",0,0,0,0
"9481_154.0048_17.04",0,0,0,0
"5182_155.1065_14.13",0,0,0,0
"6691_155.1065_15.2",0,0,0,0.009
"8590_155.129_16.57",0,0,0,0
"9737_155.9905_17.42",0,0,0,0
"9056_156.042_16.98",0,0,0,0
"10039_156.9907_17.76",0,0,0,0
"4416_158.1539_12.24",0,0,0,0
"4826_158.1539_13.76",0,0,0,0
"9901_158.9612_17.42",0,0,0,0
"9411_159.9862_17.03",0,0,0,0.007
"9205_160.0251_17.02",0,0,0,0.00363636363636364
"9439_160.9834_17.03",0,0,0,0
"9273_164.0667_17.03",0,0,0,0
"9598_165.9828_17.06",0,0,0,0
"9285_165.9906_17.03",0,0,0,0.0114545454545455
"9121_166.0863_17",0,0,0,0
"2036_166.0864_0.69",0,0,0,0
"9607_166.9906_17.06",0,0,0,0.0111111111111111
"9165_166.9987_17.01",0,0,0,0.0036
"9628_167.9984_17.08",0,0,0,0
"7004_170.0963_15.47",0,0,0,0
"7656_170.1174_15.69",0,0,0,0
"7105_170.1174_15.48",0,0,0,0
"6685_170.1174_15.33",0,0,0,0
"5895_170.1174_14.9",0,0,0,0.0195
"5509_170.1174_14.51",0,0,0,0
"3360_170.1174_6.25",0,0,0,0.0036
"6118_171.1015_15",0,0,0,0.00685714285714286
"9394_171.552_17.03",0,0,0,0.00363636363636364
"8290_172.1152_16.31",0,0,0,0
"7675_172.1152_15.81",0,0,0,0
"7319_172.1152_15.49",0,0,0,0
"7945_172.1152_16.02",0,0,0,0.00355555555555556
"6300_172.1153_15.15",0,0,0,0.0263555555555556
"9608_172.1329_17.04",0,0,0,0
"6109_172.133_15",0,0,0,0
"7037_172.133_15.52",0,0,0,0.0158095238095238
"5174_172.133_14.13",0,0,0,0.00371428571428572
"3488_172.133_6.56",0,0,0,0.00666666666666667
"4558_172.1694_12.87",0,0,0,0
"9753_172.9562_17.38",0,0,0,0
"2297_172.977_0.79",0,0,0,0
"9204_173.0671_17.02",0,0,0,0
"4404_177.1636_12.18",0,0,0,0
"9230_178.9905_17.02",0,0,0,0
"9527_180.0442_17.04",0,0,0,0
"9272_181.0142_17.03",0,0,0,0
"9489_181.988_17.04",0,0,0,0
"5528_182.1538_14.55",0,0,0,0
"9257_183.0097_17.03",0,0,0,0
"9669_184.0028_17.19",0,0,0,0
"9280_184.0096_17.03",0,0,0,0
"9157_184.9853_17.01",0,0,0,0
"9250_185.0072_17.03",0,0,0,0
"1078_185.1146_0.58",0,0,0,0
"10088_186.9562_19.32",0,0,0,0
"9152_186.9807_17.01",0,0,0,0
"9183_187.9807_17.02",0,0,0,0
"7129_188.1279_15.44",0,0,0,0
"6410_188.1279_15.18",0,0,0,0
"3362_188.128_6.25",0,0,0,0
"9164_188.9783_17.01",0,0,0,0
"6107_189.1119_15",0,0,0,0
"5714_190.0497_14.75",0,0,0,0.00366666666666667
"9208_190.4892_17.02",0,0,0,0
"9283_190.9784_17.03",0,0,0,0
"2282_192.1381_0.74",0,0,0,0
"9611_193.0062_17.07",0,0,0,0
"5525_193.1222_14.45",0,0,0,0
"9613_193.5037_17.07",0,0,0,0
"5871_194.1148_14.93",0,0,0,0
"3504_194.115_6.58",0,0,0,0
"2087_194.1174_0.69",0,0,0,0
"2724_194.1175_2.75",0,0,0,0
"9532_195.0197_17.04",0,0,0,0
"9452_195.0313_17.04",0,0,0,0
"3039_195.1226_3.69",0,0,0,0
"9586_195.9932_17.05",0,0,0,0.00666666666666667
"9779_197.9923_17.39",0,0,0,0
"9402_198.0169_17.03",0,0,0,0
"4048_198.1851_11.11",0,0,0,0
"9603_199.0291_17.09",0,0,0,0
"9795_199.9875_17.38",0,0,0,0
"9412_200.0123_17.03",0,0,0,0.00735064935064935
"5928_200.1642_14.9",0,0,0,0
"6843_200.2007_15.34",0,0,0,0
"7256_200.2007_15.59",0,0,0,0
"5028_200.2007_13.95",0,0,0,0
"4481_200.2371_12.67",0,0,0,0
"374_200.9721_0.05",0,0,0,0
"9592_201.9754_17.05",0,0,0,0
"2069_202.1071_0.69",0,0,0,0
"9162_203.5631_17.01",0,0,0,0.00342857142857143
"7035_204.0872_15.49",0,0,0,0
"5717_205.0857_14.76",0,0,0,0
"9279_207.0172_17.03",0,0,0,0
"5143_207.0173_14.12",0,0,0,0
"9311_208.0148_17.03",0,0,0,0
"9445_208.039_17.04",0,0,0,0.01
"9304_209.0126_17.03",0,0,0,0
"6075_210.1098_14.92",0,0,0,0
"5451_210.1486_14.44",0,0,0,0
"9763_211.0036_17.35",0,0,0,0
"9320_211.0101_17.03",0,0,0,0
"9212_211.5517_17.02",0,0,0,0.00723636363636364
"5526_212.1642_14.55",0,0,0,0
"9390_213.0101_17.03",0,0,0,0
"9768_213.9826_17.36",0,0,0,0.0114545454545455
"3287_215.1252_5.66",0,0,0,0.0035
"9782_215.9793_17.36",0,0,0,0
"9566_215.9833_17.05",0,0,0,0
"3005_217.1044_3.3",0,0,0,0
"8967_217.1044_16.88",0,0,0,0.00355555555555556
"8588_217.1044_16.58",0,0,0,0
"8360_217.1044_16.36",0,0,0,0
"7955_217.1044_16.12",0,0,0,0
"9545_217.9791_17.04",0,0,0,0
"9743_217.9982_17.37",0,0,0,0.0214239538239538
"4815_219.1377_13.74",0,0,0,0.0128888888888889
"9840_224.0114_17.42",0,0,0,0
"9573_225.0291_17.17",0,0,0,0.0103418803418803
"7907_226.1798_15.9",0,0,0,0
"4046_226.1799_11.11",0,0,0,0
"4124_227.125_11.28",0,0,0,0.0108888888888889
"3695_227.1276_7.58",0,0,0,0
"5811_227.2001_14.85",0,0,0,0.00626666666666667
"9695_227.9824_17.34",0,0,0,0.00303030303030303
"9136_228.0071_17",0,0,0,0
"4420_228.1956_12.28",0,0,0,0.0035
"5569_228.232_14.62",0,0,0,0
"8977_230.2475_16.92",0,0,0,0.00735064935064935
"4522_230.2476_12.8",0,0,0,0
"9203_232.065_17.02",0,0,0,0.00719230769230769
"6120_232.1693_15",0,0,0,0
"9106_239.1485_16.99",0,0,0,0.00355555555555556
"3080_239.1486_4.12",0,0,0,0
"3138_239.1486_4.34",0,0,0,0.0036
"4444_240.2318_12.49",0,0,0,0.00685714285714286
"5306_243.1353_14.23",0,0,0,0.0035
"7800_244.1904_15.98",0,0,0,0
"4047_244.1905_11.11",0,0,0,0
"3696_245.1381_7.58",0,0,0,0
"3609_245.1381_7.22",0,0,0,0
"4422_250.1774_12.29",0,0,0,0
"6747_251.0464_15.37",0,0,0,0
"9001_255.2188_16.94",0,0,0,0.0141063492063492
"8852_256.263_16.83",0,0,0,0.00654545454545455
"7700_256.2631_15.79",0,0,0,0.0036
"7185_256.263_15.56",0,0,0,0.00366666666666667
"6807_256.2631_15.35",0,0,0,0.00622222222222222
"7964_256.2631_16.02",0,0,0,0
"8988_258.2788_16.93",0,0,0,0
"4715_258.2788_13.42",0,0,0,0
"8980_261.1304_16.88",0,0,0,0
"8575_261.1305_16.57",0,0,0,0.00363636363636364
"7143_261.1305_15.59",0,0,0,0
"7643_261.1305_15.83",0,0,0,0
"8101_261.1305_16.09",0,0,0,0
"3079_261.1306_4.12",0,0,0,0
"5589_263.2365_14.61",0,0,0,0
"4049_266.1723_11.11",0,0,0,0
"1837_268.1029_0.67",0,0,0,0.00363636363636364
"5052_268.2631_14",0,0,0,0.0064
"3844_269.1355_8.22",0,0,0,0
"7670_270.2787_15.81",1.00100150250438,-1.00100150250438,0,0.0106777777777778
"6262_270.2787_15.12",0,0,0,0
"7978_271.274_16.04",0,0,0,0
"5161_272.2216_14.13",0,0,0,0
"5745_273.1844_14.79",0,0,0,0
"4429_274.2736_12.4",0,0,0,0
"5672_277.2158_14.66",0,0,0,0
"5705_279.1587_14.75",0,0,0,0.0126923076923077
"6737_280.2631_15.23",0,0,0,0
"5741_280.2631_14.64",0,0,0,0
"4898_280.2631_13.85",0,0,0,0.0125714285714286
"4817_281.2471_13.74",0,0,0,0
"7634_282.2212_15.86",0,0,0,0
"7268_282.2787_15.5",0,0,0,0
"5983_282.2787_15.05",0,0,0,0
"7769_282.2787_15.93",0,0,0,0
"5445_282.2787_14.43",0,0,0,0
"3197_283.1748_4.87",0,0,0,0
"5300_284.2579_14.22",0,0,0,0
"7767_284.2943_15.88",0,0,0,0
"8416_284.2943_16.44",0,0,0,0.00622222222222222
"8213_284.2943_16.24",0,0,0,0
"5081_284.3307_14.03",0,0,0,0
"3697_285.1305_7.58",0,0,0,0
"4478_288.2528_12.66",0,0,0,0
"4736_288.2529_13.49",0,0,0,0.014034188034188
"5308_289.1534_14.24",0,0,0,0
"5468_291.2525_14.46",0,0,0,0
"6074_294.2423_14.9",0,0,0,0
"5545_295.2263_14.54",0,0,0,0
"4211_295.2264_11.46",0,0,0,0
"5523_296.258_14.28",0,0,0,0
"5202_296.258_14.15",0,0,0,0
"9505_296.9703_17.04",0,0,0,0
"5323_297.0578_14.26",0,0,0,0
"5854_297.242_14.8",0,0,0,0
"5590_298.2736_14.61",0,0,0,0
"4665_298.2736_13.28",0,0,0,0
"4954_299.2576_13.75",0,0,0,0
"9109_300.2012_16.99",0,0,0,0.0136111111111111
"3198_300.2013_4.87",0,0,0,0
"4657_300.2892_13.27",0,0,0,0.00654545454545455
"4722_304.2994_13.44",0,0,0,0.0036
"8865_305.1565_16.89",0,0,0,0
"8309_305.1565_16.34",0,0,0,0
"7843_305.1566_15.83",0,0,0,0
"3175_305.1567_4.67",0,0,0,0
"6081_306.2398_14.91",0,0,0,0
"4417_307.096_12.24",0,0,0,0.0036
"5466_308.279_14.46",0,0,0,0.0036
"4735_310.2351_13.49",0,0,0,0.00685714285714286
"4405_310.2371_12.19",0,0,0,0
"7148_311.1634_15.55",0,0,0,0.00363636363636364
"6108_312.2527_14.9",0.447303065060821,-0.447303065060821,0,0.0266056166056166
"7271_312.3256_15.6",0,0,0,0.00366666666666667
"5465_313.2345_14.46",0,0,0,0.0124285714285714
"9367_314.9427_17.03",0,0,0,0
"9397_316.9382_17.03",0,0,0,0
"4448_317.1954_12.5",0,0,0,0.0064
"3675_318.1956_7.48",0,0,0,0
"5199_318.2399_14.26",0,0,0,0
"6596_319.2837_15.32",0,0,0,0
"5793_320.2555_14.66",0,0,0,0.0125714285714286
"5593_320.2555_14.61",0,0,0,0.00355555555555556
"3193_321.1306_4.87",0,0,0,0
"8424_326.3413_16.41",0,0,0,0
"5129_326.3776_14.1",0,0,0,0
"5278_327.0775_14.2",0,0,0,0
"5736_327.153_14.78",0,0,0,0
"4974_332.3306_13.91",0,0,0,0.00355555555555556
"9256_334.9108_17.03",0,0,0,0
"6597_336.3102_15.32",0,0,0,0
"6411_337.1431_15.22",0,0,0,0.00355555555555556
"4629_338.266_13.28",0,0,0,0.016
"8612_338.2836_16.6",0,0,0,0
"6048_338.3411_14.97",0,0,0,0
"6343_338.3411_15.14",0,0,0,0.0035
"3733_340.2087_7.7",0,0,0,0
"6391_340.2841_15.2",0,0,0,0
"5786_343.1478_14.83",0,0,0,0
"4443_343.295_12.49",0,0,0,0
"9169_343.9234_17.01",0,0,0,0
"9104_344.2273_16.99",0,0,0,0
"7050_344.2274_15.5",0,0,0,0.00363636363636364
"3255_344.2275_5.33",0,0,0,0
"3222_344.2275_5.14",0,0,0,0
"4677_345.2266_13.32",0,0,0,0
"9176_345.9189_17.02",0,0,0,0
"6076_347.2898_14.94",0,0,0,0.0035
"4208_348.274_11.45",0,0,0,0
"3734_348.7218_7.7",0,0,0,0
"5279_349.0594_14.2",0,0,0,0
"9189_349.1827_16.89",0,0,0,0.0144
"3224_349.1829_5.14",0,0,0,0
"5886_350.2295_14.9",0,0,0,0
"8815_350.2296_16.77",0,0,0,0
"6216_350.2296_15.08",0,0,0,0
"5349_350.2296_14.29",0,0,0,0
"7262_350.3259_15.57",0,0,0,0.00342857142857143
"6666_350.3259_15.35",0,0,0,0
"5878_352.2452_14.89",0,0,0,0
"7138_352.2453_15.42",0,0,0,0
"7277_353.1202_15.49",0,0,0,0
"7702_353.1202_15.74",0,0,0,0
"5555_353.2293_14.56",0,0,0,0.0035
"7031_355.1159_15.49",0,0,0,0
"5821_355.2449_14.85",0,0,0,0
"7251_355.2813_15.57",0,0,0,0.003
"6682_355.2813_15.34",0,0,0,0
"3732_357.2351_7.7",0,0,0,0.006
"6595_357.2395_15.32",0,0,0,0
"5476_357.2606_14.47",0,0,0,0
"5326_358.9793_14.26",0,0,0,0
"3736_359.7128_7.7",0,0,0,0
"5681_361.2215_14.73",0,0,0,0
"7674_361.2335_15.81",0,0,0,0
"5547_361.2343_14.56",0,0,0,0
"3774_362.2217_7.9",0,0,0,0
"6756_363.1713_15.37",0,0,0,0
"9118_365.1048_17",0,0,0,0
"5517_365.1355_14.54",0,0,0,0.00333333333333333
"5350_366.2036_14.29",0,0,0,0.0036
"7212_367.2383_15.57",0,0,0,0
"9045_368.2191_16.97",0,0,0,0
"6487_368.2192_15.19",0,0,0,0.006
"7948_369.297_16.02",0,0,0,0
"4660_371.3262_13.27",0,0,0,0
"6149_375.25_15.02",0,0,0,0
"5180_376.2324_14.13",0,0,0,0
"7778_377.2285_15.88",0,0,0,0
"6735_380.1979_15.37",0,0,0,0
"6602_380.3364_15.32",0,0,0,0
"3825_384.2349_8.08",0,0,0,0.00666666666666667
"6751_385.1532_15.37",1.00100150250438,-1.00100150250438,0,0.0035
"6609_385.2918_15.32",0,0,0,0.0035
"3281_388.2536_5.56",0,0,0,0
"4507_391.2087_12.77",0,0,0,0
"5371_391.2449_14.33",0,0,0,0
"5092_391.2449_14.05",0,0,0,0.00369230769230769
"7937_391.341_16.01",0,0,0,0
"3822_392.7481_8.09",0,0,0,0
"5164_393.2589_14.13",0,0,0,0
"5435_393.2604_14.43",0,0,0,0.0141414141414141
"7227_394.3521_15.58",0,0,0,0.0136111111111111
"5478_396.3315_14.47",0,0,0,0
"8776_397.3282_16.76",0,0,0,0.0113015873015873
"7502_398.2143_15.68",0,0,0,0
"8943_398.2143_16.91",1.00100150250438,-1.00100150250438,0,0.0035
"5779_398.2144_14.76",0,0,0,0.00685714285714286
"6913_398.2144_15.37",0,0,0,0
"6240_398.2144_15.11",0,0,0,0
"5448_398.2144_14.41",0,0,0,0
"7779_399.2102_15.88",0,0,0,0.0141414141414141
"5556_399.25_14.57",0,0,0,0.0314444444444444
"6331_399.2713_15.18",0,0,0,0
"5820_399.2714_14.85",0,0,0,0.0064
"5036_399.3576_13.97",0,0,0,0
"5559_400.305_14.57",0,0,0,0.00363636363636364
"3823_401.2614_8.08",0,0,0,0
"6601_401.2657_15.32",0,0,0,0.0152222222222222
"4873_402.3573_13.81",0,0,0,0.0136111111111111
"6312_403.2321_15.16",0,0,0,0
"3821_403.7392_8.08",0,0,0,0.0036
"5549_405.2606_14.57",0,0,0,0
"6578_407.3359_15.31",0,0,0,0
"3840_408.2511_8.19",0,0,0,0
"7938_408.3677_16.01",0,0,0,0.00622222222222222
"5933_410.3469_14.91",0,0,0,0
"8293_411.1782_16.31",0,0,0,0
"8765_413.2655_16.75",0,0,0,0
"4696_413.2869_13.36",0,0,0,0.00355555555555556
"7942_413.3231_16.01",0,0,0,0.00622222222222222
"5188_414.1882_14.14",-1.00100150250438,1.00100150250438,0,0.0206222222222222
"6148_414.3207_15.02",0,0,0,0.00366666666666667
"6172_414.4299_15.04",0,0,0,0
"3849_414.7615_8.26",0,0,0,0
"7069_415.0418_15.51",0,0,0,0.0134444444444444
"7860_415.0419_15.83",0,0,0,0.0036
"4384_415.232_12.04",0,0,0,0
"4358_415.232_11.87",0,0,0,0
"7075_417.0393_15.51",0,0,0,0
"6141_419.276_15.01",0,0,0,0.0142222222222222
"7928_420.404_16.01",0,0,0,0.00622222222222222
"5553_421.2319_14.57",0,0,0,0
"4702_423.1983_13.38",0,0,0,0
"3847_423.2744_8.26",0,0,0,0
"4447_423.288_12.5",0,0,0,0
"6579_424.3625_15.31",0,0,0,0
"7934_425.3593_16.01",0,0,0,0
"3848_425.7522_8.26",0,0,0,0
"9217_427.075_17.02",0,0,0,0.0136111111111111
"4519_429.2167_12.81",0,0,0,0
"6575_429.3181_15.31",0,0,0,0
"5320_430.3886_14.25",1.00100150250438,-1.00100150250438,0,0.0113777777777778
"7771_431.1825_15.88",0,0,0,0
"3319_432.2799_6.11",0,0,0,0
"4382_433.2426_12.04",0,0,0,0.0036
"6720_435.3939_15.36",0,0,0,0
"3881_436.7745_8.42",0,0,0,0
"5554_437.2059_14.57",0,0,0,0.00705555555555556
"8205_437.3231_16.23",0,0,0,0
"7217_438.3783_15.57",0,0,0,0
"5469_440.3576_14.46",0,0,0,0
"6310_441.1879_15.16",0,0,0,0
"4571_443.2323_12.97",0,0,0,0
"5815_443.2974_14.85",0,0,0,0
"6969_443.3337_15.57",0,0,0,0
"5551_444.3312_14.57",0,0,0,0
"9175_445.0477_17.01",0,0,0,0
"6577_445.2919_15.31",0,0,0,0
"5557_449.2868_14.57",0,0,0,0
"4668_451.3194_13.3",0,0,0,0
"6559_451.3622_15.3",0,0,0,0
"6927_452.3575_15.43",0,0,0,0.0136111111111111
"7932_452.3939_16.01",0,0,0,0
"4385_455.2245_11.98",0,0,0,0.0032
"6138_458.3468_15.01",0,0,0,0
"3424_459.2793_6.44",0,0,0,0
"6136_463.3022_15.01",0,0,0,0.00342857142857143
"7915_464.4303_15.99",0,0,0,0
"3892_467.3009_8.58",0,0,0,0.0111111111111111
"4740_469.2951_13.51",0,0,0,0
"8300_471.1045_16.32",0,0,0,0.0136111111111111
"8905_471.1046_16.88",0,0,0,0
"8593_471.8379_16.58",0,0,0,0
"6334_473.3442_15.3",0,0,0,0.0111111111111111
"8202_481.3493_16.23",0,0,0,0
"5801_482.3684_14.84",0,0,0,0
"7321_483.3762_15.62",0,0,0,0
"5462_484.3838_14.45",0,0,0,0
"7578_485.8536_15.62",0,0,0,0.00363636363636364
"5791_487.3234_14.84",0,0,0,0
"4426_488.152_12.34",0,0,0,0
"5541_488.3576_14.56",0,0,0,0
"5542_493.3129_14.56",0,0,0,0
"8573_493.851_16.57",0,0,0,0
"5667_496.2687_14.71",0,0,0,0
"6833_496.3836_15.41",0,0,0,0
"5838_498.3993_14.88",0,0,0,0.00369230769230769
"4680_499.3409_13.32",0,0,0,0.0180444444444444
"3525_503.3056_6.73",0,0,0,0.0035
"5951_512.4152_14.92",0,0,0,0
"8003_513.4119_15.98",0,0,0,0
"8549_515.8643_16.55",0,0,0,0.00366666666666667
"3509_520.3323_6.73",0,0,0,0
"7965_523.3598_16.08",0,0,0,0.0124
"3526_525.2877_6.73",0,0,0,0
"5778_526.3943_14.82",0,0,0,0
"6839_526.4307_15.55",0,0,0,0
"7119_527.4022_15.53",0,0,0,0.00363636363636364
"5449_528.41_14.44",0,0,0,0
"7120_529.8799_15.53",0,0,0,0
"3928_533.3402_8.99",0,0,0,0.009
"5762_535.3238_14.79",0,0,0,0
"7605_535.397_15.65",0,0,0,0
"8533_535.3995_16.54",0,0,0,0
"8882_536.1647_16.91",0,0,0,0.00369230769230769
"8534_537.8774_16.54",0,0,0,0
"6748_540.4097_15.37",0,0,0,0.00705555555555556
"6057_546.3984_14.99",0,0,0,0
"3571_547.332_7",0,0,0,0
"7258_549.4152_15.48",0,0,0,0.0036
"7007_551.893_15.48",0,0,0,0
"7875_552.4827_15.96",0,0,0,0
"7847_554.1752_15.94",0,0,0,0
"6304_556.4412_15.27",0,0,0,0
"5728_557.3371_14.77",0,0,0,0.0142301587301587
"8517_557.4127_16.52",0,0,0,0
"7341_559.8797_15.48",0,0,0,0.00654545454545455
"8519_559.8904_16.52",0,0,0,0
"7822_563.4124_15.83",0,0,0,0
"3572_564.3585_7.01",0,0,0,0.00663636363636364
"8520_567.8772_16.52",0,0,0,0
"3570_569.3139_7.01",0,0,0,0
"7092_571.4283_15.44",0,0,0,0.0113777777777778
"7274_573.906_15.44",0,0,0,0.0199247863247863
"5512_576.4099_14.53",0,0,0,0
"3941_577.3664_9.23",0,0,0,0
"5699_579.3505_14.75",0,0,0,0
"7307_581.8927_15.44",0,0,0,0
"8501_581.9035_16.5",0,0,0,0.0104571428571429
"8498_589.8903_16.51",0,0,0,0.0134444444444444
"3620_591.3581_7.25",0,0,0,0
"7202_593.4414_15.4",0,0,0,0
"7834_596.5088_15.93",0,0,0,0
"5847_600.4672_14.88",0,0,0,0
"6292_600.4673_15.25",0,0,0,0
"8489_601.4387_16.49",0,0,0,0.0144
"8485_603.9165_16.49",0,0,0,0.0032
"6139_604.3837_14.92",0,0,0,0.0108888888888889
"5127_605.1414_14.09",0,0,0,0
"3619_608.3845_7.25",0,0,0,0
"8294_612.2627_16.31",0,0,0,0
"4752_612.3736_13.54",0,0,0,0
"3616_613.3399_7.25",0,0,0,0
"5751_614.4466_14.79",0,0,0,0
"7087_614.4828_15.51",0,0,0,0
"7052_615.9561_15.46",0,0,0,0
"4653_620.3633_13.27",0,0,0,0
"5508_620.4361_14.51",0,0,0,0
"8455_623.4517_16.47",0,0,0,0
"5956_625.313_14.93",0,0,0,0
"4652_625.3191_13.27",0,0,0,0.00363636363636364
"8463_628.1938_16.48",0,0,0,0
"5618_628.3836_14.64",0,0,0,0
"8465_630.1917_16.47",0,0,0,0.0142222222222222
"7690_642.4938_15.82",0,0,0,0
"6437_644.4933_15.23",0,0,0,0
"3678_652.4106_7.48",0,0,0,0
"6163_656.3782_15.02",0,0,0,0.00355555555555556
"4751_656.3996_13.54",0,0,0,0.0202777777777778
"8155_656.5091_16.18",0,0,0,0
"8709_656.5296_16.69",0,0,0,0
"7283_658.5089_15.5",0,0,0,0
"7054_659.4804_15.49",0,0,0,0
"7961_661.4641_16.18",0,0,0,0
"8759_663.4518_16.8",0,0,0,0
"7757_663.4523_15.9",0,0,0,0
"8426_663.4524_16.43",0,0,0,0
"5498_664.4621_14.49",0,0,0,0
"8147_677.4377_16.18",0,0,0,0
"5961_678.4777_14.93",0,0,0,0
"8617_680.4791_16.62",0,0,0,0
"7859_680.4791_15.98",0,0,0,0
"8427_680.4791_16.43",0,0,0,0.00363636363636364
"8848_680.4792_16.84",0,0,0,0
"5905_681.5015_14.96",0,0,0,0
"8250_682.5241_16.26",0,0,0,0.00363636363636364
"8867_685.4345_16.82",0,0,0,0.0277762237762238
"7548_685.4346_15.72",0,0,0,0.00366666666666667
"8261_687.4788_16.26",0,0,0,0
"8409_693.4535_16.44",0,0,0,0
"3735_696.4367_7.7",0,0,0,0
"7692_702.2124_15.7",0,0,0,0.00366666666666667
"8220_703.4529_16.26",0,0,0,0
"5483_708.4882_14.48",0,0,0,0.0448888888888889
"5942_722.5038_14.91",0,0,0,0
"9095_742.5718_17",0,0,0,0
"6037_744.4306_14.97",0,0,0,0
"6786_756.5522_15.34",0,0,0,0
"7164_756.5525_15.55",0,0,0,0.00355555555555556
"6177_756.5526_15.05",0,0,0,0
"5572_760.462_14.59",0,0,0,0
"7033_767.1549_15.49",0,0,0,0
"5973_788.4568_14.94",0,0,0,0.0142222222222222
"5552_804.4882_14.57",0,0,0,0
"5946_832.4829_14.92",0,0,0,0.00726666666666667
"5535_848.5142_14.55",0,0,0,0.0036
"5856_876.5091_14.89",0,0,0,0.00363636363636364
"8616_876.6603_16.6",0,0,0,0
"8295_879.28_16.31",0,0,0,0
"5750_378.3208_14.79",0.492485368784836,-0.72799238491593,-0.0228158442568832,0.0370769230769231
"8553_735.4642_16.55",-0.72799238491593,-1.00100150250438,-0.0940729193457544,0.0346121212121212
"9142_151.1228_17",-0.200008000480032,0,-0.108466504993364,0.007
"6035_590.4254_14.97",1.00100150250438,-1.00100150250438,-0.108466504993364,0.0173333333333333
"8768_391.2836_16.75",1.00100150250438,-1.00100150250438,-0.128038978949756,0.00712087912087912
"4538_149.0233_12.86",0.447303065060821,-1.00100150250438,-0.31803152611957,0.0207111111111111
"7133_368.2192_15.43",-1.00100150250438,0,-0.343037530015732,0.0497793317793318
"8671_744.5822_16.66",0.156177571144113,-1.00100150250438,-0.372155736591365,0.00914285714285714
"7169_305.1566_15.57",-0.200008000480032,-0.585406251914576,-0.381369752912315,0.0306794094794095
"8944_130.159_16.85",-0.277371435197549,-1.00100150250438,-0.447303065060821,0.046958818958819
"9471_125.9862_17.04",0,-1.00100150250438,-0.447303065060821,0.0102222222222222
"7478_265.2522_15.7",-0.585406251914576,-0.200008000480032,-0.447303065060821,0.0299428571428571
"8914_371.1621_16.91",-1.00100150250438,-0.156177571144113,-0.515475415815177,0.0177777777777778
"6512_352.2453_15.17",-1.00100150250438,-0.277371435197549,-0.525370681277841,0.0204444444444444
"4799_298.3102_13.69",0.632708666137081,-1.00100150250438,-0.557258983818637,0.0315111111111111
"8932_122.0965_16.9",-0.156177571144113,-0.714650424911616,-0.562796058513008,0.122761904761905
"6089_123.1169_14.89",0.57754281555789,-1.38942503594182,-0.585406251914576,0.0361681540681541
"8002_508.4566_15.98",-0.817041456918251,-0.397422462989524,-0.586549201377615,0.0311623376623377
"5619_177.1636_14.64",-1.00100150250438,-0.200008000480032,-0.632708666137081,0.0417521367521368
"5069_280.2631_14.02",-0.200008000480032,-1.00100150250438,-0.687127012737541,0.021034965034965
"8972_145.1334_16.92",-1.00100150250438,-0.662556837391603,-0.81704145691825,0.0422333333333333
"9168_241.0513_17.01",-0.343037530015732,-1.04463650255752,-0.83105524308197,0.0524555555555555
"5733_305.1709_14.78",-1.40834895880057,-0.426478981394723,-0.929278138329161,0.0430777777777778
"8752_64.0165_16.77",-1.00100150250438,-1.00100150250438,-1.00100150250438,0.00676923076923077
"7672_74.0607_15.72",-1.00100150250438,-1.00100150250438,-1.00100150250438,0.00366666666666667
"8899_74.0971_16.88",0,-1.00100150250438,-1.00100150250438,0.0113777777777778
"7924_74.0971_16.02",-1.00100150250438,-1.00100150250438,-1.00100150250438,0.0136111111111111
"6101_91.0547_14.9",0,-1.00100150250438,-1.00100150250438,0.0225656565656566
"9353_92.5038_17.03",-1.00100150250438,-1.00100150250438,-1.00100150250438,0.0144
"9299_95.0442_17.03",-1.00100150250438,-1.00100150250438,-1.00100150250438,0.0337777777777778
"2775_99.5126_2.87",-1.00100150250438,-1.00100150250438,-1.00100150250438,0.0171111111111111
"6008_101.0713_14.97",0,-1.00100150250438,-1.00100150250438,0.00622222222222222
"9260_103.0506_17.03",-1.00100150250438,0,-1.00100150250438,0.00363636363636364
"5340_109.5218_14.3",-1.00100150250438,-1.00100150250438,-1.00100150250438,0.0407521367521368
"4380_111.0394_11.97",-1.00100150250438,-1.00100150250438,-1.00100150250438,0.0225873015873016
"9264_115.5572_17.03",-1.00100150250438,0,-1.00100150250438,0.0064
"9568_116.0152_17.05",-1.00100150250438,-1.00100150250438,-1.00100150250438,0.0142222222222222
"8393_116.1072_16.42",-1.00100150250438,0,-1.00100150250438,0.0035
"6105_118.0653_14.9",-1.00100150250438,-1.00100150250438,-1.00100150250438,0.0228571428571429
"9278_124.0412_17.03",-1.00100150250438,-1.00100150250438,-1.00100150250438,0.0171111111111111
"230_128.9508_0.04",-1.00100150250438,-1.00100150250438,-1.00100150250438,0.0238803418803419
"8343_130.159_16.29",-1.00100150250438,-1.00100150250438,-1.00100150250438,0.0211692307692308
"9262_134.5297_17.03",-1.37457856297529,1.00100150250438,-1.00100150250438,0.00726666666666667
"7280_135.0804_15.52",0,-1.00100150250438,-1.00100150250438,0.0035
"9307_139.9877_17.03",-1.00100150250438,0,-1.00100150250438,0.00676190476190476
"7663_144.982_15.78",-1.00100150250438,0,-1.00100150250438,0.00369230769230769
"9736_153.0109_17.36",-1.00100150250438,-1.00100150250438,-1.00100150250438,0.0144
"3799_155.0596_7.96",-1.00100150250438,-1.00100150250438,-1.00100150250438,0.0036
"6103_155.1065_15",-1.00100150250438,-1.00100150250438,-1.00100150250438,0.00342857142857143
"7717_155.129_15.78",-1.00100150250438,-1.00100150250438,-1.00100150250438,0.0210666666666667
"8373_155.129_16.38",-1.00100150250438,0,-1.00100150250438,0.0064
"9420_156.9905_17.03",0,-1.00100150250438,-1.00100150250438,0.006
"3191_161.0646_4.87",-1.00100150250438,0,-1.00100150250438,0.0036
"9039_166.0835_16.97",0,-1.00100150250438,-1.00100150250438,0.004
"8920_173.0783_16.9",-1.00100150250438,-1.00100150250438,-1.00100150250438,0.0142222222222222
"5872_173.1171_15",-1.00100150250438,-1.00100150250438,-1.00100150250438,0.010046176046176
"2081_178.1225_0.69",-1.00100150250438,-1.00100150250438,-1.00100150250438,0.0123076923076923
"9190_180.5384_17.02",-1.00100150250438,-1.00100150250438,-1.00100150250438,0.0144
"9254_187.0068_17.03",-1.00100150250438,-1.00100150250438,-1.00100150250438,0.0036
"9239_192.0615_17.03",-1.00100150250438,-1.00100150250438,-1.00100150250438,0.00676923076923077
"5620_195.1742_14.64",-1.00100150250438,0,-1.00100150250438,0.0295521367521368
"9393_204.02_17.03",0,-1.00100150250438,-1.00100150250438,0.00355555555555556
"7686_217.1044_15.86",-1.00100150250438,0,-1.00100150250438,0.0125714285714286
"4428_223.0634_12.39",-1.00100150250438,-1.00100150250438,-1.00100150250438,0.0177777777777778
"9166_223.988_17.01",0,-1.00100150250438,-1.00100150250438,0.0186632478632479
"9193_224.0763_17.01",-1.00100150250438,0,-1.00100150250438,0.00369230769230769
"9130_226.0117_17",-1.00100150250438,-1.00100150250438,-1.00100150250438,0.016
"9151_230.0048_17.01",-1.00100150250438,-1.00100150250438,-1.00100150250438,0.0204444444444444
"7244_239.1486_15.58",-1.00100150250438,0,-1.00100150250438,0.0121833721833722
"9581_243.0019_17.05",-1.00100150250438,-1.00100150250438,-1.00100150250438,0.0243232323232323
"5524_250.141_14.55",-1.00100150250438,-1.00100150250438,-1.00100150250438,0.0283076923076923
"4480_255.1587_12.54",-1.00100150250438,-1.00100150250438,-1.00100150250438,0.0229090909090909
"3141_256.1751_4.34",0,-1.00100150250438,-1.00100150250438,0.00666666666666667
"6591_275.2577_15.32",-1.00100150250438,0,-1.00100150250438,0.0135418803418803
"3177_283.1748_4.67",-1.00100150250438,-1.00100150250438,-1.00100150250438,0.0141414141414141
"6191_293.1742_15.06",-1.00100150250438,-1.00100150250438,-1.00100150250438,0.0125714285714286
"5882_296.2579_14.9",-1.00100150250438,-1.00100150250438,-1.00100150250438,0.0141414141414141
"6588_297.2397_15.31",-1.00100150250438,-1.00100150250438,-1.00100150250438,0.0128095238095238
"6553_300.2893_15.29",0,-1.00100150250438,-1.00100150250438,0.00713636363636364
"5703_301.1405_14.75",-1.00100150250438,-1.00100150250438,-1.00100150250438,0.0144
"8578_305.1565_16.57",-1.00100150250438,0,-1.00100150250438,0.00622222222222222
"7963_305.1566_16.08",0,-1.00100150250438,-1.00100150250438,0.00355555555555556
"5302_306.2398_14.22",0,-1.00100150250438,-1.00100150250438,0.0035
"4881_307.1875_13.82",-1.00100150250438,-1.00100150250438,-1.00100150250438,0.0142333333333333
"5787_321.166_14.83",-1.00100150250438,-1.00100150250438,-1.00100150250438,0.0702666666666667
"4829_337.1041_13.77",0,-1.00100150250438,-1.00100150250438,0.022
"3676_337.6998_7.48",0,-1.00100150250438,-1.00100150250438,0.0032
"3880_341.2431_8.42",-1.00100150250438,0,-1.00100150250438,0.0268545454545455
"6598_341.2657_15.32",-1.00100150250438,0,-1.00100150250438,0.00616666666666667
"5595_347.2181_14.61",-1.00100150250438,0,-1.00100150250438,0.007
"5842_353.1379_14.88",0,-1.00100150250438,-1.00100150250438,0.00266666666666667
"6418_359.125_15.22",-1.00100150250438,-1.00100150250438,-1.00100150250438,0.0064
"7944_364.3415_16.01",-1.00100150250438,0,-1.00100150250438,0.0273136752136752
"3776_370.735_7.9",-1.00100150250438,-1.00100150250438,-1.00100150250438,0.0113777777777778
"3777_379.2483_7.9",-1.00100150250438,-1.00100150250438,-1.00100150250438,0.009
"3775_381.726_7.9",-1.00100150250438,-1.00100150250438,-1.00100150250438,0.0036
"5685_386.3986_14.72",-1.00100150250438,-1.00100150250438,-1.00100150250438,0.0106777777777778
"8966_387.1359_16.92",0,-1.00100150250438,-1.00100150250438,0.00369230769230769
"8059_393.206_16.11",0,-1.00100150250438,-1.00100150250438,0.0234188034188034
"8826_393.2968_16.82",-1.00100150250438,0,-1.00100150250438,0.00342857142857143
"6997_398.2319_15.47",-1.00100150250438,-1.00100150250438,-1.00100150250438,0.0180444444444444
"5680_399.1774_14.72",-1.00100150250438,-1.00100150250438,-1.00100150250438,0.00363636363636364
"6970_399.3075_15.59",-1.00100150250438,0,-1.00100150250438,0.0342188034188034
"5474_401.2868_14.47",-1.00100150250438,0,-1.00100150250438,0.00333333333333333
"8291_409.1827_16.31",0,-1.00100150250438,-1.00100150250438,0.00719230769230769
"6308_425.2139_15.16",-1.00100150250438,-1.00100150250438,-1.00100150250438,0.0111111111111111
"8766_441.3544_16.76",-1.00100150250438,-1.00100150250438,-1.00100150250438,0.0196
"5858_454.373_14.9",-1.00100150250438,-1.00100150250438,-1.00100150250438,0.016
"6562_468.389_15.3",-1.00100150250438,0,-1.00100150250438,0.0168080808080808
"7892_469.3866_15.98",-1.00100150250438,-1.00100150250438,-1.00100150250438,0.0142222222222222
"3426_476.306_6.44",-1.00100150250438,0,-1.00100150250438,0.0064
"6936_482.4044_15.57",-1.00100150250438,-1.00100150250438,-1.00100150250438,0.0136111111111111
"3901_489.314_8.72",0,-1.00100150250438,-1.00100150250438,0.00751111111111111
"8574_491.3732_16.57",-1.00100150250438,-1.00100150250438,-1.00100150250438,0.018
"6128_502.373_15",-1.00100150250438,-1.00100150250438,-1.00100150250438,0.00654545454545455
"7526_505.3889_15.57",-1.00100150250438,0,-1.00100150250438,0.0195111111111111
"3914_511.3273_8.86",-1.00100150250438,-1.00100150250438,-1.00100150250438,0.0152565656565657
"8546_513.3866_16.55",-1.00100150250438,-1.00100150250438,-1.00100150250438,0.0108888888888889
"8611_536.165_16.6",0,-1.00100150250438,-1.00100150250438,0.00622222222222222
"7765_541.4002_15.88",-1.00100150250438,-1.00100150250438,-1.00100150250438,0.0111111111111111
"8531_545.8642_16.54",0,-1.00100150250438,-1.00100150250438,0.00685714285714286
"5940_556.4411_14.9",0,-1.00100150250438,-1.00100150250438,0.0706568986568987
"5757_570.4205_14.8",-1.00100150250438,-1.00100150250438,-1.00100150250438,0.00355555555555556
"7347_570.4568_15.53",-1.00100150250438,-1.00100150250438,-1.00100150250438,0.00676923076923077
"8500_579.4256_16.5",-1.00100150250438,-1.00100150250438,-1.00100150250438,0.0144444444444444
"8255_610.1832_16.14",0,-1.00100150250438,-1.00100150250438,0.01
"7141_615.455_15.52",-1.00100150250438,-1.00100150250438,-1.00100150250438,0.0177777777777778
"7100_617.9321_15.35",0,-1.00100150250438,-1.00100150250438,0.0177777777777778
"5960_627.3157_14.93",0,-1.00100150250438,-1.00100150250438,0.0142222222222222
"5988_634.4516_14.95",-1.00100150250438,0,-1.00100150250438,0.0135418803418803
"7275_680.4792_15.88",0,-1.00100150250438,-1.00100150250438,0.00355555555555556
"7038_769.1522_15.49",0,-1.00100150250438,-1.00100150250438,0.0395222222222222
"4643_423.2347_13.22",-1.00100150250438,-1.00100150250438,-1.00100150250438,0.0134444444444444
"9539_169.9771_17.06",-1.26693979201741,-1.00100150250438,-1.2381387735405,0.0065
"8497_113.0712_16.5",-1.00100150250438,-1.40275209380409,-1.31533410441164,0.0176969696969697
"7512_114.0664_15.7",-1.34406227991274,0,-1.38942503594182,0.0164599844599845
"9138_182.022_17",-1.00100150250438,-1.40834895880057,-1.38942503594182,0.0308761904761905
"3882_445.2877_8.42",-1.40834895880057,-1.34406227991274,-1.38942503594182,0.0173034188034188
"3938_555.3535_9.11",-1.40275209380409,-1.37457856297529,-1.38942503594182,0.0313333333333333
"8114_74.0607_16.16",-1.40834895880057,0,-1.40275209380409,0.0255191919191919
"9519_109.5218_17.04",-1.40275209380409,-1.41705050316284,-1.41285987182396,0.0425
"7908_228.1956_15.98",-1.40275209380409,0,-1.41705050316284,0.0233333333333333
